date,location,population,environment,disease,symptoms,cases,hospitalizations
2023-09-28,Central City,1200000,Normal,Typhoid,"High Fever, Abdominal Pain, Weakness",12.0,0
30/05/2023,Central City,1200000,Normal,Cholera,"Severe Diarrhea, Dehydration",16.0,3
2023-02-28,Metropolis,1000000,High Pollution,Influenza,"Fever, Cough, Fatigue",9.0,0
2023-11-16,Central City,1200000,Normal,COVID-19,"Fever, Dry Cough, Loss of Taste",10.0,0
2023-09-22,Gotham,800000,High Humidity,Dengue,"High Fever, Joint Pain, Rash",7.0,0
2023-01-02,Gotham,800000,High Humidity,COVID-19,"Fever, Dry Cough, Loss of Taste",9.0,2
2023-09-27,Gotham,800000,High Humidity,COVID-19,"Fever, Dry Cough, Loss of Taste",12.0,3
2023-02-22,Coast City,600000,Coastal Weather,Dengue,"High Fever, Joint Pain, Rash",11.0,0
2023-05-16,Metropolis,1000000,High Pollution,COVID-19,"Fever, Dry Cough, Loss of Taste",12.0,1
2023-02-02,Metropolis,1000000,High Pollution,COVID-19,"Fever, Dry Cough, Loss of Taste",4.0,0
2023-04-11,Metropolis,1000000,High Pollution,Cholera,"Severe Diarrhea, Dehydration",12.0,2
2023-06-28,Central City,1200000,Normal,Typhoid,"High Fever, Abdominal Pain, Weakness",8.0,1
2023-06-09,Central City,1200000,Normal,Typhoid,"High Fever, Abdominal Pain, Weakness",11.0,1
2023-04-18,Central City,1200000,Normal,COVID-19,"Fever, Dry Cough, Loss of Taste",7.0,1
2023-10-10,Metropolis,1000000,High Pollution,Influenza,"Fever, Cough, Fatigue",,0
2023-08-13,Metropolis,1000000,High Pollution,Typhoid,"High Fever, Abdominal Pain, Weakness",6.0,1
2023-02-21,Metropolis,1000000,High Pollution,Influenza,"Fever, Cough, Fatigue",7.0,2
2023-08-08,Gotham,800000,High Humidity,Dengue,"High Fever, Joint Pain, Rash",3.0,0
2023-07-03,Central City,1200000,Normal,Cholera,"Severe Diarrhea, Dehydration",7.0,1
2023-05-04,Metropolis,1000000,High Pollution,Influenza,"Fever, Cough, Fatigue",10.0,1
2023-12-18,Star City,500000,Normal,COVID-19,"Fever, Dry Cough, Loss of Taste",9.0,2
2023-09-20,Gotham,800000,High Humidity,Cholera,"Severe Diarrhea, Dehydration",10.0,2
2023-08-21,Star City,500000,Normal,Influenza,"Fever, Cough, Fatigue",8.0,1
2023-04-14,Star City,500000,Normal,Influenza,"Fever, Cough, Fatigue",11.0,0
2023-11-06,Gotham,800000,High Humidity,Dengue,"High Fever, Joint Pain, Rash",6.0,0
2023-05-08,Star City,500000,Normal,Influenza,"Fever, Cough, Fatigue",11.0,1
2023-09-21,Coast City,600000,Coastal Weather,Cholera,"Severe Diarrhea, Dehydration",11.0,1
2023-01-04,Coast City,600000,Coastal Weather,Cholera,"Severe Diarrhea, Dehydration",9.0,2
2023-07-10,Metropolis,1000000,High Pollution,COVID-19,"Fever, Dry Cough, Loss of Taste",8.0,1
2023-12-26,Gotham,800000,High Humidity,Cholera,"Severe Diarrhea, Dehydration",4.0,0
2023-04-14,Gotham,800000,High Humidity,Influenza,"Fever, Cough, Fatigue",12.0,3
2023-11-12,Metropolis,1000000,High Pollution,Typhoid,"High Fever, Abdominal Pain, Weakness",10.0,2
2023-05-23,Central City,1200000,Normal,Cholera,"Severe Diarrhea, Dehydration",9.0,1
2023-02-27,Coast City,600000,Coastal Weather,Dengue,"High Fever, Joint Pain, Rash",1.0,0
2023-04-18,Coast City,600000,Coastal Weather,COVID-19,"Fever, Dry Cough, Loss of Taste",11.0,2
2023-05-04,Central City,1200000,Normal,Typhoid,"High Fever, Abdominal Pain, Weakness",12.0,2
2023-11-14,Gotham,800000,High Humidity,Typhoid,"High Fever, Abdominal Pain, Weakness",9.0,1
2023-09-29,Coast City,600000,Coastal Weather,Typhoid,"High Fever, Abdominal Pain, Weakness",10.0,0
2023-03-27,Star City,500000,Normal,Typhoid,"High Fever, Abdominal Pain, Weakness",3.0,0
2023-10-16,Coast City,600000,Coastal Weather,COVID-19,"Fever, Dry Cough, Loss of Taste",100.0,6
2023-04-06,Gotham,800000,High Humidity,Cholera,"Severe Diarrhea, Dehydration",14.0,2
2023-06-01,Star City,500000,Normal,COVID-19,"Fever, Dry Cough, Loss of Taste",12.0,3
2023-06-17,Metropolis,1000000,High Pollution,Influenza,"Fever, Cough, Fatigue",15.0,0
2023-03-31,Star City,500000,Normal,Influenza,"Fever, Cough, Fatigue",48.0,8
2023-03-16,Gotham,800000,High Humidity,Typhoid,"High Fever, Abdominal Pain, Weakness",14.0,1
2023-04-09,Star City,500000,Normal,Influenza,"Fever, Cough, Fatigue",9.0,2
2023-10-06,Metropolis,1000000,High Pollution,Typhoid,"High Fever, Abdominal Pain, Weakness",13.0,3
2023-06-26,Star City,500000,Normal,Cholera,"Severe Diarrhea, Dehydration",14.0,2
2023-04-09,Coast City,600000,Coastal Weather,Typhoid,"High Fever, Abdominal Pain, Weakness",11.0,2
2023-07-05,Coast City,600000,Coastal Weather,Dengue,"High Fever, Joint Pain, Rash",9.0,0
2023-09-10,Central City,1200000,Normal,Influenza,"Fever, Cough, Fatigue",14.0,3
2023-12-05,Coast City,600000,Coastal Weather,Typhoid,"High Fever, Abdominal Pain, Weakness",14.0,1
2023-12-30,Star City,500000,Normal,Typhoid,"High Fever, Abdominal Pain, Weakness",10.0,1
2023-05-28,Central City,1200000,Normal,Dengue,"High Fever, Joint Pain, Rash",5.0,0
2023-11-08,Central City,1200000,Normal,Influenza,"Fever, Cough, Fatigue",10.0,1
2023-09-09,Coast City,600000,Coastal Weather,Cholera,"Severe Diarrhea, Dehydration",11.0,2
2023-01-12,Metropolis,1000000,High Pollution,Cholera,"Severe Diarrhea, Dehydration",18.0,2
2023-05-16,Central City,1200000,Normal,Dengue,"High Fever, Joint Pain, Rash",8.0,2
2023-07-31,Metropolis,1000000,High Pollution,Influenza,"Fever, Cough, Fatigue",11.0,3
2023-01-10,Coast City,600000,Coastal Weather,Influenza,"Fever, Cough, Fatigue",3.0,0
2023-03-04,Coast City,600000,Coastal Weather,Dengue,"High Fever, Joint Pain, Rash",9.0,0
2023-07-16,Coast City,600000,Coastal Weather,COVID-19,"Fever, Dry Cough, Loss of Taste",10.0,1
2023-06-22,Metropolis,1000000,High Pollution,Cholera,"Severe Diarrhea, Dehydration",11.0,1
2023-06-11,Gotham,800000,High Humidity,Dengue,"High Fever, Joint Pain, Rash",10.0,2
2023-04-22,Star City,500000,Normal,Influenza,"Fever, Cough, Fatigue",10.0,2
2023-10-21,Central City,1200000,Normal,Dengue,"High Fever, Joint Pain, Rash",11.0,2
2023-01-30,Metropolis,1000000,High Pollution,COVID-19,"Fever, Dry Cough, Loss of Taste",17.0,1
2023-07-24,Gotham,800000,High Humidity,Typhoid,"High Fever, Abdominal Pain, Weakness",7.0,1
2023-12-26,Star City,500000,Normal,COVID-19,"Fever, Dry Cough, Loss of Taste",12.0,3
2023-10-04,Star City,500000,Normal,Cholera,"Severe Diarrhea, Dehydration",6.0,0
2023-03-19,Gotham,800000,High Humidity,Dengue,"High Fever, Joint Pain, Rash",8.0,1
2023-12-03,Star City,500000,Normal,Typhoid,"High Fever, Abdominal Pain, Weakness",8.0,0
2023-03-19,Gotham,800000,High Humidity,COVID-19,"Fever, Dry Cough, Loss of Taste",120.0,26
2023-10-01,Star City,500000,Normal,COVID-19,"Fever, Dry Cough, Loss of Taste",9.0,1
2023-08-19,Metropolis,1000000,High Pollution,Influenza,"Fever, Cough, Fatigue",5.0,0
2023-05-26,Metropolis,1000000,High Pollution,Typhoid,"High Fever, Abdominal Pain, Weakness",5.0,0
2023-01-06,Metropolis,1000000,High Pollution,Typhoid,"High Fever, Abdominal Pain, Weakness",15.0,1
2023-07-17,Coast City,600000,Coastal Weather,Typhoid,"High Fever, Abdominal Pain, Weakness",9.0,2
2023-08-31,Metropolis,1000000,High Pollution,Cholera,"Severe Diarrhea, Dehydration",10.0,1
2023-05-13,Coast City,600000,Coastal Weather,COVID-19,"Fever, Dry Cough, Loss of Taste",7.0,0
2023-05-19,Gotham,800000,High Humidity,Typhoid,"High Fever, Abdominal Pain, Weakness",16.0,2
2023-01-13,Gotham,800000,High Humidity,COVID-19,"Fever, Dry Cough, Loss of Taste",,0
2023-03-10,Star City,500000,Normal,Influenza,"Fever, Cough, Fatigue",6.0,0
2023-11-24,Central City,1200000,Normal,Typhoid,"High Fever, Abdominal Pain, Weakness",13.0,1
2023-03-30,Gotham,800000,High Humidity,COVID-19,"Fever, Dry Cough, Loss of Taste",14.0,2
2023-06-02,Metropolis,1000000,High Pollution,Influenza,"Fever, Cough, Fatigue",9.0,0
2023-02-11,Star City,500000,Normal,Cholera,"Severe Diarrhea, Dehydration",6.0,1
2023-10-16,Metropolis,1000000,High Pollution,Influenza,"Fever, Cough, Fatigue",8.0,0
2023-06-06,Coast City,600000,Coastal Weather,Typhoid,"High Fever, Abdominal Pain, Weakness",7.0,1
2023-03-10,Star City,500000,Normal,Cholera,"Severe Diarrhea, Dehydration",8.0,1
2023-04-21,Gotham,800000,High Humidity,Influenza,"Fever, Cough, Fatigue",12.0,2
2023-04-02,Gotham,800000,High Humidity,Influenza,"Fever, Cough, Fatigue",9.0,2
2023-12-12,Metropolis,1000000,High Pollution,Typhoid,"High Fever, Abdominal Pain, Weakness",14.0,2
2023-11-05,Coast City,600000,Coastal Weather,Influenza,"Fever, Cough, Fatigue",104.0,15
2023-12-13,Gotham,800000,High Humidity,Dengue,"High Fever, Joint Pain, Rash",9.0,0
2023-06-26,Coast City,600000,Coastal Weather,Influenza,"Fever, Cough, Fatigue",13.0,2
2023-05-28,Metropolis,1000000,High Pollution,Influenza,"Fever, Cough, Fatigue",9.0,1
2023-07-30,Star City,500000,Normal,Cholera,"Severe Diarrhea, Dehydration",8.0,2
2023-06-24,Metropolis,1000000,High Pollution,Cholera,"Severe Diarrhea, Dehydration",10.0,2
2023-10-15,Coast City,600000,Coastal Weather,Cholera,"Severe Diarrhea, Dehydration",8.0,2
2023-11-09,Coast City,600000,Coastal Weather,Influenza,"Fever, Cough, Fatigue",,0
2023-02-20,Coast City,600000,Coastal Weather,Cholera,"Severe Diarrhea, Dehydration",11.0,2
2023-06-14,Star City,500000,Normal,COVID-19,"Fever, Dry Cough, Loss of Taste",6.0,1
2023-04-22,Coast City,600000,Coastal Weather,Cholera,"Severe Diarrhea, Dehydration",7.0,1
2023-07-14,Gotham,800000,High Humidity,Dengue,"High Fever, Joint Pain, Rash",11.0,2
2023-12-08,Central City,1200000,Normal,Cholera,"Severe Diarrhea, Dehydration",13.0,2
2023-07-28,Gotham,800000,High Humidity,Cholera,"Severe Diarrhea, Dehydration",8.0,0
2023-01-29,Central City,1200000,Normal,Dengue,"High Fever, Joint Pain, Rash",36.0,9
2023-06-14,Gotham,800000,High Humidity,Influenza,"Fever, Cough, Fatigue",,0
2023-06-17,Metropolis,1000000,High Pollution,Cholera,"Severe Diarrhea, Dehydration",7.0,1
2023-11-06,Gotham,800000,High Humidity,Dengue,"High Fever, Joint Pain, Rash",12.0,1
2023-07-06,Central City,1200000,Normal,Influenza,"Fever, Cough, Fatigue",8.0,2
2023-02-05,Metropolis,1000000,High Pollution,Dengue,"High Fever, Joint Pain, Rash",10.0,2
2023-03-14,Metropolis,1000000,High Pollution,Dengue,"High Fever, Joint Pain, Rash",10.0,2
2023-04-12,Central City,1200000,Normal,Cholera,"Severe Diarrhea, Dehydration",11.0,0
2023-11-14,Metropolis,1000000,High Pollution,COVID-19,"Fever, Dry Cough, Loss of Taste",11.0,3
2023-12-31,Central City,1200000,Normal,Cholera,"Severe Diarrhea, Dehydration",12.0,2
2023-06-25,Coast City,600000,Coastal Weather,Influenza,"Fever, Cough, Fatigue",5.0,0
2023-04-13,Star City,500000,Normal,Dengue,"High Fever, Joint Pain, Rash",7.0,0
2023-01-04,Central City,1200000,Normal,Influenza,"Fever, Cough, Fatigue",13.0,2
2023-02-03,Star City,500000,Normal,Dengue,"High Fever, Joint Pain, Rash",8.0,1
2023-12-25,Metropolis,1000000,High Pollution,Dengue,"High Fever, Joint Pain, Rash",170.0,20
2023-07-12,Coast City,600000,Coastal Weather,Influenza,"Fever, Cough, Fatigue",15.0,1
2023-07-17,Coast City,600000,Coastal Weather,Typhoid,"High Fever, Abdominal Pain, Weakness",4.0,1
2023-11-09,Star City,500000,Normal,Dengue,"High Fever, Joint Pain, Rash",7.0,0
2023-04-09,Metropolis,1000000,High Pollution,Influenza,"Fever, Cough, Fatigue",11.0,1
2023-09-26,Star City,500000,Normal,Cholera,"Severe Diarrhea, Dehydration",7.0,0
2023-01-29,Star City,500000,Normal,Cholera,"Severe Diarrhea, Dehydration",11.0,1
2023-02-06,Coast City,600000,Coastal Weather,Dengue,"High Fever, Joint Pain, Rash",7.0,1
2023-07-05,Coast City,600000,Coastal Weather,Cholera,"Severe Diarrhea, Dehydration",11.0,2
2023-02-28,Central City,1200000,Normal,Influenza,"Fever, Cough, Fatigue",14.0,3
2023-08-23,Central City,1200000,Normal,Typhoid,"High Fever, Abdominal Pain, Weakness",,0
2023-12-22,Coast City,600000,Coastal Weather,Dengue,"High Fever, Joint Pain, Rash",10.0,0
2023-12-26,Metropolis,1000000,High Pollution,Influenza,"Fever, Cough, Fatigue",7.0,0
2023-08-12,Gotham,800000,High Humidity,Influenza,"Fever, Cough, Fatigue",14.0,3
2023-11-20,Central City,1200000,Normal,Dengue,"High Fever, Joint Pain, Rash",8.0,1
2023-11-02,Star City,500000,Normal,Dengue,"High Fever, Joint Pain, Rash",9.0,0
2023-02-27,Star City,500000,Normal,Cholera,"Severe Diarrhea, Dehydration",10.0,2
2023-07-14,Star City,500000,Normal,Cholera,"Severe Diarrhea, Dehydration",17.0,2
2023-09-14,Star City,500000,Normal,Influenza,"Fever, Cough, Fatigue",8.0,2
2023-07-27,Gotham,800000,High Humidity,COVID-19,"Fever, Dry Cough, Loss of Taste",10.0,0
2023-07-18,Gotham,800000,High Humidity,COVID-19,"Fever, Dry Cough, Loss of Taste",176.0,16
2023-12-06,Metropolis,1000000,High Pollution,COVID-19,"Fever, Dry Cough, Loss of Taste",9.0,1
2023-07-28,Star City,500000,Normal,Typhoid,"High Fever, Abdominal Pain, Weakness",9.0,2
2023-08-02,Metropolis,1000000,High Pollution,Cholera,"Severe Diarrhea, Dehydration",12.0,0
2023-06-10,Central City,1200000,Normal,COVID-19,"Fever, Dry Cough, Loss of Taste",11.0,0
2023-04-26,Metropolis,1000000,High Pollution,Typhoid,"High Fever, Abdominal Pain, Weakness",9.0,2
2023-11-01,Gotham,800000,High Humidity,COVID-19,"Fever, Dry Cough, Loss of Taste",17.0,3
2023-07-23,Metropolis,1000000,High Pollution,Dengue,"High Fever, Joint Pain, Rash",14.0,3
2023-11-10,Central City,1200000,Normal,COVID-19,"Fever, Dry Cough, Loss of Taste",208.0,14
2023-01-25,Central City,1200000,Normal,Typhoid,"High Fever, Abdominal Pain, Weakness",14.0,1
2023-03-23,Star City,500000,Normal,COVID-19,"Fever, Dry Cough, Loss of Taste",8.0,1
2023-11-01,Metropolis,1000000,High Pollution,COVID-19,"Fever, Dry Cough, Loss of Taste",12.0,3
2023-04-06,Metropolis,1000000,High Pollution,Cholera,"Severe Diarrhea, Dehydration",11.0,2
2023-07-05,Gotham,800000,High Humidity,Cholera,"Severe Diarrhea, Dehydration",15.0,3
2023-01-14,Central City,1200000,Normal,Dengue,"High Fever, Joint Pain, Rash",20.0,2
10/05/2023,Metropolis,1000000,High Pollution,COVID-19,"Fever, Dry Cough, Loss of Taste",5.0,1
2023-06-13,Metropolis,1000000,High Pollution,COVID-19,"Fever, Dry Cough, Loss of Taste",19.0,1
2023-12-16,Gotham,800000,High Humidity,COVID-19,"Fever, Dry Cough, Loss of Taste",6.0,0
2023-04-17,Central City,1200000,Normal,Influenza,"Fever, Cough, Fatigue",12.0,3
2023-11-30,Central City,1200000,Normal,Cholera,"Severe Diarrhea, Dehydration",16.0,4
2023-07-25,Metropolis,1000000,High Pollution,Cholera,"Severe Diarrhea, Dehydration",12.0,0
2023-02-08,Coast City,600000,Coastal Weather,Influenza,"Fever, Cough, Fatigue",9.0,0
2023-12-02,Coast City,600000,Coastal Weather,COVID-19,"Fever, Dry Cough, Loss of Taste",16.0,3
2023-07-12,Coast City,600000,Coastal Weather,Dengue,"High Fever, Joint Pain, Rash",12.0,2
2023-10-16,Metropolis,1000000,High Pollution,COVID-19,"Fever, Dry Cough, Loss of Taste",13.0,1
2023-06-18,Metropolis,1000000,High Pollution,Influenza,"Fever, Cough, Fatigue",5.0,1
2023-03-23,Star City,500000,Normal,Dengue,"High Fever, Joint Pain, Rash",14.0,1
2023-03-17,Coast City,600000,Coastal Weather,Influenza,"Fever, Cough, Fatigue",11.0,2
2023-04-12,Star City,500000,Normal,COVID-19,"Fever, Dry Cough, Loss of Taste",12.0,3
2023-08-09,Central City,1200000,Normal,Typhoid,"High Fever, Abdominal Pain, Weakness",8.0,1
2023-01-21,Gotham,800000,High Humidity,COVID-19,"Fever, Dry Cough, Loss of Taste",7.0,0
2023-05-21,Central City,1200000,Normal,Typhoid,"High Fever, Abdominal Pain, Weakness",8.0,0
2023-05-16,Central City,1200000,Normal,Cholera,"Severe Diarrhea, Dehydration",8.0,1
2023-03-15,Star City,500000,Normal,COVID-19,"Fever, Dry Cough, Loss of Taste",13.0,1
2023-09-20,Central City,1200000,Normal,COVID-19,"Fever, Dry Cough, Loss of Taste",13.0,0
2023-01-26,Coast City,600000,Coastal Weather,COVID-19,"Fever, Dry Cough, Loss of Taste",7.0,1
2023-10-20,Gotham,800000,High Humidity,Cholera,"Severe Diarrhea, Dehydration",8.0,2
2023-08-30,Gotham,800000,High Humidity,Influenza,"Fever, Cough, Fatigue",6.0,1
2023-06-09,Coast City,600000,Coastal Weather,Cholera,"Severe Diarrhea, Dehydration",11.0,0
2023-11-19,Coast City,600000,Coastal Weather,Dengue,"High Fever, Joint Pain, Rash",,0
2023-08-06,Star City,500000,Normal,COVID-19,"Fever, Dry Cough, Loss of Taste",13.0,1
2023-09-26,Metropolis,1000000,High Pollution,COVID-19,"Fever, Dry Cough, Loss of Taste",10.0,1
2023-10-27,Gotham,800000,High Humidity,Cholera,"Severe Diarrhea, Dehydration",8.0,1
2023-09-21,Gotham,800000,High Humidity,COVID-19,"Fever, Dry Cough, Loss of Taste",11.0,2
2023-02-24,Gotham,800000,High Humidity,Influenza,"Fever, Cough, Fatigue",13.0,3
2023-04-14,Central City,1200000,Normal,Cholera,"Severe Diarrhea, Dehydration",13.0,1
2023-09-29,Metropolis,1000000,High Pollution,Typhoid,"High Fever, Abdominal Pain, Weakness",10.0,1
2023-09-15,Metropolis,1000000,High Pollution,Typhoid,"High Fever, Abdominal Pain, Weakness",16.0,2
2023-05-23,Star City,500000,Normal,Cholera,"Severe Diarrhea, Dehydration",9.0,2
2023-06-12,Metropolis,1000000,High Pollution,Typhoid,"High Fever, Abdominal Pain, Weakness",11.0,3
2023-01-25,Coast City,600000,Coastal Weather,COVID-19,"Fever, Dry Cough, Loss of Taste",12.0,1
2023-05-21,Central City,1200000,Normal,COVID-19,"Fever, Dry Cough, Loss of Taste",120.0,25
2023-09-23,Star City,500000,Normal,Typhoid,"High Fever, Abdominal Pain, Weakness",7.0,0
2023-05-29,Metropolis,1000000,High Pollution,Cholera,"Severe Diarrhea, Dehydration",6.0,0
2023-12-25,Metropolis,1000000,High Pollution,Typhoid,"High Fever, Abdominal Pain, Weakness",7.0,1
2023-01-07,Coast City,600000,Coastal Weather,Cholera,"Severe Diarrhea, Dehydration",10.0,2
2023-09-03,Star City,500000,Normal,Typhoid,"High Fever, Abdominal Pain, Weakness",13.0,2
2023-08-01,Gotham,800000,High Humidity,Dengue,"High Fever, Joint Pain, Rash",35.0,6
2023-10-09,Central City,1200000,Normal,Typhoid,"High Fever, Abdominal Pain, Weakness",6.0,1
2023-01-21,Coast City,600000,Coastal Weather,Dengue,"High Fever, Joint Pain, Rash",17.0,4
2023-01-10,Coast City,600000,Coastal Weather,Influenza,"Fever, Cough, Fatigue",16.0,2
2023-12-09,Metropolis,1000000,High Pollution,Influenza,"Fever, Cough, Fatigue",10.0,2
2023-04-19,Metropolis,1000000,High Pollution,Cholera,"Severe Diarrhea, Dehydration",104.0,14
2023-07-30,Star City,500000,Normal,COVID-19,"Fever, Dry Cough, Loss of Taste",12.0,2
2023-12-03,Gotham,800000,High Humidity,COVID-19,"Fever, Dry Cough, Loss of Taste",8.0,0
2023-06-18,Central City,1200000,Normal,Influenza,"Fever, Cough, Fatigue",18.0,1
2023-06-30,Gotham,800000,High Humidity,Typhoid,"High Fever, Abdominal Pain, Weakness",15.0,0
2023-06-02,Gotham,800000,High Humidity,Influenza,"Fever, Cough, Fatigue",9.0,1
2023-06-23,Central City,1200000,Normal,Cholera,"Severe Diarrhea, Dehydration",12.0,2
2023-08-12,Coast City,600000,Coastal Weather,COVID-19,"Fever, Dry Cough, Loss of Taste",6.0,0
2023-10-10,Coast City,600000,Coastal Weather,Typhoid,"High Fever, Abdominal Pain, Weakness",18.0,2
2023-07-10,Metropolis,1000000,High Pollution,Cholera,"Severe Diarrhea, Dehydration",5.0,1
2023-05-24,Gotham,800000,High Humidity,Dengue,"High Fever, Joint Pain, Rash",13.0,1
2023-01-10,Gotham,800000,High Humidity,Cholera,"Severe Diarrhea, Dehydration",11.0,1
2023-07-28,Gotham,800000,High Humidity,COVID-19,"Fever, Dry Cough, Loss of Taste",10.0,2
2023-10-20,Star City,500000,Normal,Dengue,"High Fever, Joint Pain, Rash",12.0,1
2023-09-30,Coast City,600000,Coastal Weather,COVID-19,"Fever, Dry Cough, Loss of Taste",11.0,2
2023-06-07,Central City,1200000,Normal,Dengue,"High Fever, Joint Pain, Rash",13.0,0
2023-01-30,Coast City,600000,Coastal Weather,COVID-19,"Fever, Dry Cough, Loss of Taste",13.0,3
2023-09-08,Central City,1200000,Normal,Influenza,"Fever, Cough, Fatigue",12.0,2
2023-12-25,Central City,1200000,Normal,Cholera,"Severe Diarrhea, Dehydration",11.0,1
2023-07-17,Metropolis,1000000,High Pollution,Typhoid,"High Fever, Abdominal Pain, Weakness",10.0,1
2023-02-18,Coast City,600000,Coastal Weather,Typhoid,"High Fever, Abdominal Pain, Weakness",132.0,21
2023-12-30,Metropolis,1000000,High Pollution,COVID-19,"Fever, Dry Cough, Loss of Taste",6.0,0
2023-08-08,Central City,1200000,Normal,Cholera,"Severe Diarrhea, Dehydration",9.0,0
2023-12-04,Star City,500000,Normal,COVID-19,"Fever, Dry Cough, Loss of Taste",15.0,2
2023-05-28,Gotham,800000,High Humidity,Cholera,"Severe Diarrhea, Dehydration",6.0,1
2023-01-21,Coast City,600000,Coastal Weather,Dengue,"High Fever, Joint Pain, Rash",7.0,1
2023-06-10,Central City,1200000,Normal,Influenza,"Fever, Cough, Fatigue",6.0,1
2023-12-20,Coast City,600000,Coastal Weather,Typhoid,"High Fever, Abdominal Pain, Weakness",9.0,1
2023-11-26,Gotham,800000,High Humidity,Influenza,"Fever, Cough, Fatigue",10.0,0
2023-05-18,Central City,1200000,Normal,Cholera,"Severe Diarrhea, Dehydration",10.0,2
2023-04-02,Coast City,600000,Coastal Weather,COVID-19,"Fever, Dry Cough, Loss of Taste",11.0,0
2023-02-11,Central City,1200000,Normal,Influenza,"Fever, Cough, Fatigue",10.0,1
2023-09-25,Star City,500000,Normal,Cholera,"Severe Diarrhea, Dehydration",10.0,2
2023-11-12,Gotham,800000,High Humidity,Dengue,"High Fever, Joint Pain, Rash",8.0,2
2023-06-25,Metropolis,1000000,High Pollution,Typhoid,"High Fever, Abdominal Pain, Weakness",6.0,1
2023-01-21,Metropolis,1000000,High Pollution,Typhoid,"High Fever, Abdominal Pain, Weakness",12.0,2
2023-05-11,Coast City,600000,Coastal Weather,Influenza,"Fever, Cough, Fatigue",10.0,2
2023-05-14,Coast City,600000,Coastal Weather,Influenza,"Fever, Cough, Fatigue",12.0,1
2023-03-17,Gotham,800000,High Humidity,Cholera,"Severe Diarrhea, Dehydration",8.0,0
2023-02-10,Central City,1200000,Normal,Dengue,"High Fever, Joint Pain, Rash",12.0,2
2023-12-16,Central City,1200000,Normal,Cholera,"Severe Diarrhea, Dehydration",6.0,0
2023-05-04,Metropolis,1000000,High Pollution,COVID-19,"Fever, Dry Cough, Loss of Taste",4.0,0
2023-10-29,Metropolis,1000000,High Pollution,Typhoid,"High Fever, Abdominal Pain, Weakness",7.0,1
2023-04-01,Star City,500000,Normal,Cholera,"Severe Diarrhea, Dehydration",9.0,0
2023-10-08,Star City,500000,Normal,COVID-19,"Fever, Dry Cough, Loss of Taste",9.0,2
2023-10-02,Star City,500000,Normal,Dengue,"High Fever, Joint Pain, Rash",13.0,1
2023-04-30,Central City,1200000,Normal,Cholera,"Severe Diarrhea, Dehydration",12.0,0
2023-11-05,Metropolis,1000000,High Pollution,Cholera,"Severe Diarrhea, Dehydration",8.0,2
2023-04-20,Metropolis,1000000,High Pollution,Typhoid,"High Fever, Abdominal Pain, Weakness",11.0,1
2023-09-12,Gotham,800000,High Humidity,Typhoid,"High Fever, Abdominal Pain, Weakness",12.0,2
2023-02-04,Metropolis,1000000,High Pollution,COVID-19,"Fever, Dry Cough, Loss of Taste",11.0,1
2023-01-26,Metropolis,1000000,High Pollution,Cholera,"Severe Diarrhea, Dehydration",6.0,1
2023-09-17,Central City,1200000,Normal,COVID-19,"Fever, Dry Cough, Loss of Taste",9.0,1
2023-07-29,Metropolis,1000000,High Pollution,Influenza,"Fever, Cough, Fatigue",108.0,18
21/12/2023,Coast City,600000,Coastal Weather,Influenza,"Fever, Cough, Fatigue",7.0,1
2023-12-19,Metropolis,1000000,High Pollution,Cholera,"Severe Diarrhea, Dehydration",8.0,0
2023-11-01,Metropolis,1000000,High Pollution,Typhoid,"High Fever, Abdominal Pain, Weakness",11.0,2
2023-11-29,Star City,500000,Normal,Cholera,"Severe Diarrhea, Dehydration",16.0,4
28/08/2023,Coast City,600000,Coastal Weather,COVID-19,"Fever, Dry Cough, Loss of Taste",8.0,2
2023-06-24,Coast City,600000,Coastal Weather,Influenza,"Fever, Cough, Fatigue",14.0,3
2023-04-23,Central City,1200000,Normal,COVID-19,"Fever, Dry Cough, Loss of Taste",4.0,0
2023-11-27,Gotham,800000,High Humidity,Cholera,"Severe Diarrhea, Dehydration",11.0,0
2023-01-02,Star City,500000,Normal,Typhoid,"High Fever, Abdominal Pain, Weakness",10.0,2
2023-11-07,Star City,500000,Normal,Influenza,"Fever, Cough, Fatigue",11.0,1
2023-10-04,Metropolis,1000000,High Pollution,COVID-19,"Fever, Dry Cough, Loss of Taste",12.0,1
2023-12-20,Central City,1200000,Normal,COVID-19,"Fever, Dry Cough, Loss of Taste",9.0,0
2023-11-09,Gotham,800000,High Humidity,Cholera,"Severe Diarrhea, Dehydration",10.0,0
2023-06-06,Central City,1200000,Normal,Cholera,"Severe Diarrhea, Dehydration",190.0,28
2023-06-25,Coast City,600000,Coastal Weather,Dengue,"High Fever, Joint Pain, Rash",9.0,0
2023-09-17,Star City,500000,Normal,Typhoid,"High Fever, Abdominal Pain, Weakness",5.0,0
2023-01-30,Coast City,600000,Coastal Weather,Typhoid,"High Fever, Abdominal Pain, Weakness",6.0,1
2023-07-20,Gotham,800000,High Humidity,COVID-19,"Fever, Dry Cough, Loss of Taste",18.0,3
2023-06-11,Metropolis,1000000,High Pollution,Typhoid,"High Fever, Abdominal Pain, Weakness",6.0,1
2023-12-07,Gotham,800000,High Humidity,Influenza,"Fever, Cough, Fatigue",8.0,1
2023-04-21,Coast City,600000,Coastal Weather,Cholera,"Severe Diarrhea, Dehydration",13.0,1
2023-06-14,Gotham,800000,High Humidity,Cholera,"Severe Diarrhea, Dehydration",12.0,3
2023-12-20,Star City,500000,Normal,Typhoid,"High Fever, Abdominal Pain, Weakness",12.0,2
2023-02-15,Metropolis,1000000,High Pollution,COVID-19,"Fever, Dry Cough, Loss of Taste",17.0,2
2023-08-04,Central City,1200000,Normal,Cholera,"Severe Diarrhea, Dehydration",9.0,2
2023-04-02,Star City,500000,Normal,Dengue,"High Fever, Joint Pain, Rash",13.0,1
2023-12-03,Central City,1200000,Normal,Typhoid,"High Fever, Abdominal Pain, Weakness",11.0,1
2023-01-22,Coast City,600000,Coastal Weather,Dengue,"High Fever, Joint Pain, Rash",12.0,1
2023-06-01,Gotham,800000,High Humidity,Influenza,"Fever, Cough, Fatigue",12.0,1
2023-10-19,Star City,500000,Normal,Influenza,"Fever, Cough, Fatigue",6.0,1
2023-10-17,Gotham,800000,High Humidity,Influenza,"Fever, Cough, Fatigue",4.0,0
2023-06-22,Central City,1200000,Normal,Typhoid,"High Fever, Abdominal Pain, Weakness",12.0,2
2023-05-24,Gotham,800000,High Humidity,Dengue,"High Fever, Joint Pain, Rash",10.0,1
2023-04-28,Star City,500000,Normal,Cholera,"Severe Diarrhea, Dehydration",8.0,2
2023-11-09,Coast City,600000,Coastal Weather,Cholera,"Severe Diarrhea, Dehydration",13.0,2
2023-06-09,Central City,1200000,Normal,COVID-19,"Fever, Dry Cough, Loss of Taste",10.0,1
2023-02-28,Central City,1200000,Normal,Typhoid,"High Fever, Abdominal Pain, Weakness",13.0,1
2023-07-23,Star City,500000,Normal,Influenza,"Fever, Cough, Fatigue",9.0,2
2023-09-21,Metropolis,1000000,High Pollution,Dengue,"High Fever, Joint Pain, Rash",12.0,1
2023-04-10,Central City,1200000,Normal,COVID-19,"Fever, Dry Cough, Loss of Taste",9.0,0
2023-11-12,Coast City,600000,Coastal Weather,Influenza,"Fever, Cough, Fatigue",121.0,32
2023-09-30,Central City,1200000,Normal,Cholera,"Severe Diarrhea, Dehydration",8.0,0
2023-12-21,Central City,1200000,Normal,Influenza,"Fever, Cough, Fatigue",10.0,0
2023-04-10,Gotham,800000,High Humidity,Typhoid,"High Fever, Abdominal Pain, Weakness",14.0,3
2023-08-25,Coast City,600000,Coastal Weather,Typhoid,"High Fever, Abdominal Pain, Weakness",8.0,1
2023-11-06,Coast City,600000,Coastal Weather,COVID-19,"Fever, Dry Cough, Loss of Taste",8.0,1
2023-02-15,Coast City,600000,Coastal Weather,Dengue,"High Fever, Joint Pain, Rash",17.0,4
2023-08-16,Coast City,600000,Coastal Weather,Cholera,"Severe Diarrhea, Dehydration",13.0,1
2023-07-06,Coast City,600000,Coastal Weather,Dengue,"High Fever, Joint Pain, Rash",9.0,1
2023-11-09,Gotham,800000,High Humidity,COVID-19,"Fever, Dry Cough, Loss of Taste",9.0,2
2023-09-21,Metropolis,1000000,High Pollution,Cholera,"Severe Diarrhea, Dehydration",10.0,1
2023-03-20,Central City,1200000,Normal,Typhoid,"High Fever, Abdominal Pain, Weakness",4.0,0
2023-11-27,Central City,1200000,Normal,Dengue,"High Fever, Joint Pain, Rash",18.0,1
2023-10-28,Gotham,800000,High Humidity,Influenza,"Fever, Cough, Fatigue",10.0,2
2023-02-16,Central City,1200000,Normal,Influenza,"Fever, Cough, Fatigue",4.0,0
2023-08-14,Metropolis,1000000,High Pollution,Dengue,"High Fever, Joint Pain, Rash",7.0,0
2023-10-29,Gotham,800000,High Humidity,Dengue,"High Fever, Joint Pain, Rash",9.0,0
2023-08-28,Metropolis,1000000,High Pollution,Influenza,"Fever, Cough, Fatigue",9.0,1
2023-11-28,Star City,500000,Normal,Dengue,"High Fever, Joint Pain, Rash",7.0,1
2023-10-12,Central City,1200000,Normal,COVID-19,"Fever, Dry Cough, Loss of Taste",18.0,1
2023-02-08,Central City,1200000,Normal,Influenza,"Fever, Cough, Fatigue",11.0,2
2023-09-09,Coast City,600000,Coastal Weather,Dengue,"High Fever, Joint Pain, Rash",6.0,0
2023-06-22,Central City,1200000,Normal,Typhoid,"High Fever, Abdominal Pain, Weakness",5.0,1
2023-11-19,Coast City,600000,Coastal Weather,Influenza,"Fever, Cough, Fatigue",9.0,1
2023-04-26,Gotham,800000,High Humidity,Typhoid,"High Fever, Abdominal Pain, Weakness",9.0,2
2023-12-09,Central City,1200000,Normal,COVID-19,"Fever, Dry Cough, Loss of Taste",140.0,12
2023-03-09,Metropolis,1000000,High Pollution,Typhoid,"High Fever, Abdominal Pain, Weakness",11.0,2
2023-02-09,Central City,1200000,Normal,Dengue,"High Fever, Joint Pain, Rash",9.0,1
2023-04-22,Metropolis,1000000,High Pollution,Cholera,"Severe Diarrhea, Dehydration",14.0,3
2023-02-09,Star City,500000,Normal,Cholera,"Severe Diarrhea, Dehydration",13.0,2
2023-03-10,Central City,1200000,Normal,Typhoid,"High Fever, Abdominal Pain, Weakness",9.0,0
2023-06-17,Metropolis,1000000,High Pollution,Dengue,"High Fever, Joint Pain, Rash",7.0,0
2023-02-07,Central City,1200000,Normal,COVID-19,"Fever, Dry Cough, Loss of Taste",12.0,2
2023-04-22,Coast City,600000,Coastal Weather,Influenza,"Fever, Cough, Fatigue",13.0,3
2023-08-29,Coast City,600000,Coastal Weather,Typhoid,"High Fever, Abdominal Pain, Weakness",9.0,1
2023-01-10,Metropolis,1000000,High Pollution,Cholera,"Severe Diarrhea, Dehydration",10.0,0
2023-07-10,Metropolis,1000000,High Pollution,Influenza,"Fever, Cough, Fatigue",10.0,2
2023-06-16,Star City,500000,Normal,Influenza,"Fever, Cough, Fatigue",182.0,24
2023-01-03,Central City,1200000,Normal,Typhoid,"High Fever, Abdominal Pain, Weakness",12.0,2
2023-12-05,Central City,1200000,Normal,Dengue,"High Fever, Joint Pain, Rash",13.0,3
2023-12-05,Star City,500000,Normal,Typhoid,"High Fever, Abdominal Pain, Weakness",12.0,1
2023-05-27,Coast City,600000,Coastal Weather,Cholera,"Severe Diarrhea, Dehydration",9.0,1
2023-11-24,Star City,500000,Normal,Influenza,"Fever, Cough, Fatigue",7.0,1
2023-04-23,Central City,1200000,Normal,Influenza,"Fever, Cough, Fatigue",7.0,1
2023-11-14,Star City,500000,Normal,Influenza,"Fever, Cough, Fatigue",5.0,0
2023-03-25,Metropolis,1000000,High Pollution,Typhoid,"High Fever, Abdominal Pain, Weakness",12.0,2
2023-11-15,Coast City,600000,Coastal Weather,Dengue,"High Fever, Joint Pain, Rash",4.0,0
2023-08-07,Coast City,600000,Coastal Weather,Dengue,"High Fever, Joint Pain, Rash",10.0,2
2023-10-22,Gotham,800000,High Humidity,Dengue,"High Fever, Joint Pain, Rash",4.0,0
2023-11-19,Coast City,600000,Coastal Weather,Dengue,"High Fever, Joint Pain, Rash",9.0,1
2023-09-15,Star City,500000,Normal,COVID-19,"Fever, Dry Cough, Loss of Taste",5.0,1
2023-01-25,Central City,1200000,Normal,Dengue,"High Fever, Joint Pain, Rash",9.0,0
2023-11-26,Gotham,800000,High Humidity,Influenza,"Fever, Cough, Fatigue",5.0,0
2023-09-05,Metropolis,1000000,High Pollution,Cholera,"Severe Diarrhea, Dehydration",7.0,0
2023-02-16,Coast City,600000,Coastal Weather,COVID-19,"Fever, Dry Cough, Loss of Taste",15.0,2
2023-02-07,Gotham,800000,High Humidity,Dengue,"High Fever, Joint Pain, Rash",9.0,1
2023-07-28,Star City,500000,Normal,Cholera,"Severe Diarrhea, Dehydration",15.0,2
2023-02-25,Metropolis,1000000,High Pollution,Dengue,"High Fever, Joint Pain, Rash",13.0,3
2023-04-17,Gotham,800000,High Humidity,COVID-19,"Fever, Dry Cough, Loss of Taste",16.0,2
2023-12-29,Central City,1200000,Normal,Typhoid,"High Fever, Abdominal Pain, Weakness",9.0,0
21/01/2023,Gotham,800000,High Humidity,COVID-19,"Fever, Dry Cough, Loss of Taste",12.0,3
2023-10-10,Central City,1200000,Normal,COVID-19,"Fever, Dry Cough, Loss of Taste",10.0,2
2023-04-20,Coast City,600000,Coastal Weather,COVID-19,"Fever, Dry Cough, Loss of Taste",8.0,0
2023-02-04,Star City,500000,Normal,Typhoid,"High Fever, Abdominal Pain, Weakness",8.0,1
2023-10-12,Metropolis,1000000,High Pollution,Influenza,"Fever, Cough, Fatigue",10.0,1
2023-05-14,Coast City,600000,Coastal Weather,Dengue,"High Fever, Joint Pain, Rash",13.0,1
2023-05-18,Star City,500000,Normal,Dengue,"High Fever, Joint Pain, Rash",11.0,1
2023-06-01,Star City,500000,Normal,COVID-19,"Fever, Dry Cough, Loss of Taste",11.0,2
2023-12-20,Gotham,800000,High Humidity,Influenza,"Fever, Cough, Fatigue",9.0,0
2023-10-22,Coast City,600000,Coastal Weather,Typhoid,"High Fever, Abdominal Pain, Weakness",6.0,1
2023-07-12,Metropolis,1000000,High Pollution,Typhoid,"High Fever, Abdominal Pain, Weakness",4.0,0
2023-03-14,Metropolis,1000000,High Pollution,COVID-19,"Fever, Dry Cough, Loss of Taste",10.0,1
2023-12-05,Metropolis,1000000,High Pollution,Typhoid,"High Fever, Abdominal Pain, Weakness",,0
2023-02-17,Metropolis,1000000,High Pollution,Dengue,"High Fever, Joint Pain, Rash",7.0,1
2023-02-18,Central City,1200000,Normal,Influenza,"Fever, Cough, Fatigue",4.0,1
2023-12-05,Coast City,600000,Coastal Weather,Cholera,"Severe Diarrhea, Dehydration",11.0,0
2023-03-03,Star City,500000,Normal,Cholera,"Severe Diarrhea, Dehydration",14.0,1
2023-09-07,Central City,1200000,Normal,Influenza,"Fever, Cough, Fatigue",10.0,2
2023-01-29,Star City,500000,Normal,COVID-19,"Fever, Dry Cough, Loss of Taste",9.0,0
2023-03-05,Star City,500000,Normal,Typhoid,"High Fever, Abdominal Pain, Weakness",10.0,2
2023-02-09,Star City,500000,Normal,Influenza,"Fever, Cough, Fatigue",12.0,1
2023-08-27,Metropolis,1000000,High Pollution,Influenza,"Fever, Cough, Fatigue",11.0,2
2023-12-22,Coast City,600000,Coastal Weather,Cholera,"Severe Diarrhea, Dehydration",13.0,2
2023-12-23,Central City,1200000,Normal,Dengue,"High Fever, Joint Pain, Rash",12.0,1
2023-11-12,Star City,500000,Normal,Typhoid,"High Fever, Abdominal Pain, Weakness",15.0,3
2023-07-01,Star City,500000,Normal,Influenza,"Fever, Cough, Fatigue",12.0,1
2023-07-06,Star City,500000,Normal,COVID-19,"Fever, Dry Cough, Loss of Taste",224.0,24
2023-12-22,Gotham,800000,High Humidity,Influenza,"Fever, Cough, Fatigue",11.0,2
2023-01-19,Coast City,600000,Coastal Weather,Typhoid,"High Fever, Abdominal Pain, Weakness",9.0,1
2023-07-16,Gotham,800000,High Humidity,COVID-19,"Fever, Dry Cough, Loss of Taste",11.0,2
2023-10-15,Metropolis,1000000,High Pollution,Cholera,"Severe Diarrhea, Dehydration",9.0,2
2023-02-28,Coast City,600000,Coastal Weather,Influenza,"Fever, Cough, Fatigue",12.0,2
2023-07-28,Central City,1200000,Normal,Dengue,"High Fever, Joint Pain, Rash",70.0,15
2023-06-05,Central City,1200000,Normal,Cholera,"Severe Diarrhea, Dehydration",10.0,1
2023-12-30,Gotham,800000,High Humidity,Cholera,"Severe Diarrhea, Dehydration",108.0,30
2023-08-27,Star City,500000,Normal,Typhoid,"High Fever, Abdominal Pain, Weakness",12.0,0
2023-08-27,Coast City,600000,Coastal Weather,Dengue,"High Fever, Joint Pain, Rash",11.0,0
2023-09-30,Coast City,600000,Coastal Weather,COVID-19,"Fever, Dry Cough, Loss of Taste",5.0,0
2023-09-28,Gotham,800000,High Humidity,COVID-19,"Fever, Dry Cough, Loss of Taste",9.0,1
2023-02-08,Central City,1200000,Normal,Dengue,"High Fever, Joint Pain, Rash",9.0,0
2023-01-31,Gotham,800000,High Humidity,Dengue,"High Fever, Joint Pain, Rash",8.0,1
2023-04-22,Star City,500000,Normal,COVID-19,"Fever, Dry Cough, Loss of Taste",9.0,0
2023-04-16,Gotham,800000,High Humidity,Cholera,"Severe Diarrhea, Dehydration",8.0,2
2023-03-23,Star City,500000,Normal,Typhoid,"High Fever, Abdominal Pain, Weakness",10.0,2
2023-07-06,Gotham,800000,High Humidity,COVID-19,"Fever, Dry Cough, Loss of Taste",13.0,1
2023-12-12,Metropolis,1000000,High Pollution,COVID-19,"Fever, Dry Cough, Loss of Taste",14.0,3
2023-08-10,Central City,1200000,Normal,Typhoid,"High Fever, Abdominal Pain, Weakness",14.0,2
2023-09-13,Metropolis,1000000,High Pollution,Cholera,"Severe Diarrhea, Dehydration",5.0,0
2023-09-07,Metropolis,1000000,High Pollution,Typhoid,"High Fever, Abdominal Pain, Weakness",10.0,2
2023-12-03,Central City,1200000,Normal,Typhoid,"High Fever, Abdominal Pain, Weakness",6.0,1
2023-04-21,Coast City,600000,Coastal Weather,Cholera,"Severe Diarrhea, Dehydration",15.0,1
2023-10-13,Gotham,800000,High Humidity,Influenza,"Fever, Cough, Fatigue",9.0,0
2023-05-23,Star City,500000,Normal,COVID-19,"Fever, Dry Cough, Loss of Taste",15.0,0
2023-07-01,Central City,1200000,Normal,Influenza,"Fever, Cough, Fatigue",13.0,3
2023-11-17,Star City,500000,Normal,COVID-19,"Fever, Dry Cough, Loss of Taste",11.0,2
2023-08-01,Gotham,800000,High Humidity,Typhoid,"High Fever, Abdominal Pain, Weakness",63.0,15
2023-05-29,Star City,500000,Normal,Influenza,"Fever, Cough, Fatigue",16.0,2
2023-09-01,Coast City,600000,Coastal Weather,Cholera,"Severe Diarrhea, Dehydration",12.0,0
2023-09-04,Metropolis,1000000,High Pollution,COVID-19,"Fever, Dry Cough, Loss of Taste",9.0,1
2023-10-31,Gotham,800000,High Humidity,Dengue,"High Fever, Joint Pain, Rash",7.0,0
2023-01-25,Central City,1200000,Normal,Typhoid,"High Fever, Abdominal Pain, Weakness",150.0,35
2023-11-19,Gotham,800000,High Humidity,Cholera,"Severe Diarrhea, Dehydration",8.0,1
2023-06-24,Central City,1200000,Normal,Dengue,"High Fever, Joint Pain, Rash",9.0,1
2023-03-07,Metropolis,1000000,High Pollution,Influenza,"Fever, Cough, Fatigue",7.0,0
2023-10-21,Metropolis,1000000,High Pollution,COVID-19,"Fever, Dry Cough, Loss of Taste",6.0,0
2023-10-30,Star City,500000,Normal,COVID-19,"Fever, Dry Cough, Loss of Taste",10.0,2
2023-07-11,Star City,500000,Normal,Typhoid,"High Fever, Abdominal Pain, Weakness",5.0,1
2023-08-28,Metropolis,1000000,High Pollution,Cholera,"Severe Diarrhea, Dehydration",11.0,0
2023-12-11,Gotham,800000,High Humidity,COVID-19,"Fever, Dry Cough, Loss of Taste",12.0,1
2023-12-01,Gotham,800000,High Humidity,Typhoid,"High Fever, Abdominal Pain, Weakness",13.0,3
2023-05-25,Gotham,800000,High Humidity,Typhoid,"High Fever, Abdominal Pain, Weakness",14.0,1
2023-09-26,Coast City,600000,Coastal Weather,Cholera,"Severe Diarrhea, Dehydration",10.0,2
2023-01-26,Metropolis,1000000,High Pollution,Dengue,"High Fever, Joint Pain, Rash",16.0,3
2023-02-13,Metropolis,1000000,High Pollution,Typhoid,"High Fever, Abdominal Pain, Weakness",16.0,3
2023-05-25,Central City,1200000,Normal,Typhoid,"High Fever, Abdominal Pain, Weakness",9.0,1
2023-07-27,Central City,1200000,Normal,Cholera,"Severe Diarrhea, Dehydration",13.0,3
2023-02-14,Star City,500000,Normal,Influenza,"Fever, Cough, Fatigue",14.0,1
16/07/2023,Gotham,800000,High Humidity,Dengue,"High Fever, Joint Pain, Rash",13.0,2
2023-04-18,Gotham,800000,High Humidity,Typhoid,"High Fever, Abdominal Pain, Weakness",9.0,1
2023-07-31,Coast City,600000,Coastal Weather,Dengue,"High Fever, Joint Pain, Rash",11.0,1
2023-08-02,Star City,500000,Normal,Typhoid,"High Fever, Abdominal Pain, Weakness",13.0,2
2023-11-12,Gotham,800000,High Humidity,Cholera,"Severe Diarrhea, Dehydration",7.0,0
2023-02-16,Coast City,600000,Coastal Weather,Typhoid,"High Fever, Abdominal Pain, Weakness",13.0,3
2023-01-25,Gotham,800000,High Humidity,Influenza,"Fever, Cough, Fatigue",12.0,0
05/03/2023,Coast City,600000,Coastal Weather,Influenza,"Fever, Cough, Fatigue",8.0,1
2023-07-06,Star City,500000,Normal,Typhoid,"High Fever, Abdominal Pain, Weakness",11.0,0
2023-09-03,Coast City,600000,Coastal Weather,COVID-19,"Fever, Dry Cough, Loss of Taste",10.0,2
2023-05-21,Central City,1200000,Normal,COVID-19,"Fever, Dry Cough, Loss of Taste",7.0,0
2023-04-11,Coast City,600000,Coastal Weather,COVID-19,"Fever, Dry Cough, Loss of Taste",5.0,0
2023-10-02,Star City,500000,Normal,COVID-19,"Fever, Dry Cough, Loss of Taste",7.0,1
2023-08-12,Central City,1200000,Normal,Dengue,"High Fever, Joint Pain, Rash",204.0,51
2023-01-22,Coast City,600000,Coastal Weather,COVID-19,"Fever, Dry Cough, Loss of Taste",8.0,1
2023-01-09,Metropolis,1000000,High Pollution,COVID-19,"Fever, Dry Cough, Loss of Taste",110.0,15
2023-10-17,Coast City,600000,Coastal Weather,COVID-19,"Fever, Dry Cough, Loss of Taste",10.0,2
2023-10-15,Star City,500000,Normal,Typhoid,"High Fever, Abdominal Pain, Weakness",11.0,2
2023-03-29,Coast City,600000,Coastal Weather,Cholera,"Severe Diarrhea, Dehydration",,0
2023-12-14,Metropolis,1000000,High Pollution,Influenza,"Fever, Cough, Fatigue",7.0,1
23/10/2023,Star City,500000,Normal,Dengue,"High Fever, Joint Pain, Rash",6.0,1
2023-10-08,Central City,1200000,Normal,COVID-19,"Fever, Dry Cough, Loss of Taste",16.0,1
2023-08-30,Coast City,600000,Coastal Weather,Influenza,"Fever, Cough, Fatigue",8.0,1
2023-06-25,Metropolis,1000000,High Pollution,Dengue,"High Fever, Joint Pain, Rash",9.0,1
2023-04-11,Coast City,600000,Coastal Weather,COVID-19,"Fever, Dry Cough, Loss of Taste",11.0,0
2023-11-28,Gotham,800000,High Humidity,Dengue,"High Fever, Joint Pain, Rash",11.0,2
2023-07-06,Coast City,600000,Coastal Weather,Cholera,"Severe Diarrhea, Dehydration",16.0,0
2023-03-28,Metropolis,1000000,High Pollution,Typhoid,"High Fever, Abdominal Pain, Weakness",10.0,2
2023-04-19,Gotham,800000,High Humidity,Typhoid,"High Fever, Abdominal Pain, Weakness",,0
2023-04-20,Central City,1200000,Normal,Cholera,"Severe Diarrhea, Dehydration",11.0,1
2023-03-30,Central City,1200000,Normal,Cholera,"Severe Diarrhea, Dehydration",9.0,2
2023-02-23,Star City,500000,Normal,Typhoid,"High Fever, Abdominal Pain, Weakness",11.0,1
2023-06-10,Coast City,600000,Coastal Weather,Cholera,"Severe Diarrhea, Dehydration",11.0,2
2023-10-02,Central City,1200000,Normal,Cholera,"Severe Diarrhea, Dehydration",12.0,1
2023-12-08,Coast City,600000,Coastal Weather,Typhoid,"High Fever, Abdominal Pain, Weakness",7.0,0
2023-05-17,Coast City,600000,Coastal Weather,COVID-19,"Fever, Dry Cough, Loss of Taste",5.0,0
2023-01-11,Gotham,800000,High Humidity,Dengue,"High Fever, Joint Pain, Rash",12.0,3
2023-09-20,Star City,500000,Normal,COVID-19,"Fever, Dry Cough, Loss of Taste",11.0,2
2023-02-15,Coast City,600000,Coastal Weather,Typhoid,"High Fever, Abdominal Pain, Weakness",12.0,2
2023-01-26,Star City,500000,Normal,Influenza,"Fever, Cough, Fatigue",13.0,0
2023-04-03,Star City,500000,Normal,COVID-19,"Fever, Dry Cough, Loss of Taste",,0
2023-11-16,Coast City,600000,Coastal Weather,COVID-19,"Fever, Dry Cough, Loss of Taste",6.0,0
2023-07-07,Metropolis,1000000,High Pollution,COVID-19,"Fever, Dry Cough, Loss of Taste",7.0,1
2023-10-19,Coast City,600000,Coastal Weather,Cholera,"Severe Diarrhea, Dehydration",10.0,1
2023-07-06,Star City,500000,Normal,Cholera,"Severe Diarrhea, Dehydration",9.0,1
2023-04-18,Star City,500000,Normal,Dengue,"High Fever, Joint Pain, Rash",15.0,3
2023-08-25,Gotham,800000,High Humidity,Dengue,"High Fever, Joint Pain, Rash",9.0,1
2023-02-02,Metropolis,1000000,High Pollution,Dengue,"High Fever, Joint Pain, Rash",,0
2023-09-28,Star City,500000,Normal,Typhoid,"High Fever, Abdominal Pain, Weakness",11.0,1
2023-12-30,Coast City,600000,Coastal Weather,Dengue,"High Fever, Joint Pain, Rash",13.0,2
2023-07-04,Gotham,800000,High Humidity,Influenza,"Fever, Cough, Fatigue",,0
2023-05-30,Gotham,800000,High Humidity,Typhoid,"High Fever, Abdominal Pain, Weakness",4.0,0
2023-12-05,Coast City,600000,Coastal Weather,Cholera,"Severe Diarrhea, Dehydration",12.0,3
2023-12-06,Star City,500000,Normal,Dengue,"High Fever, Joint Pain, Rash",120.0,22
2023-11-23,Central City,1200000,Normal,Typhoid,"High Fever, Abdominal Pain, Weakness",5.0,1
2023-11-02,Star City,500000,Normal,Influenza,"Fever, Cough, Fatigue",6.0,0
2023-01-25,Star City,500000,Normal,Typhoid,"High Fever, Abdominal Pain, Weakness",6.0,0
2023-06-09,Star City,500000,Normal,Cholera,"Severe Diarrhea, Dehydration",50.0,14
2023-09-26,Gotham,800000,High Humidity,Typhoid,"High Fever, Abdominal Pain, Weakness",6.0,1
2023-04-24,Central City,1200000,Normal,Typhoid,"High Fever, Abdominal Pain, Weakness",11.0,2
2023-08-04,Coast City,600000,Coastal Weather,COVID-19,"Fever, Dry Cough, Loss of Taste",9.0,2
2023-07-06,Central City,1200000,Normal,COVID-19,"Fever, Dry Cough, Loss of Taste",9.0,2
2023-05-06,Star City,500000,Normal,Typhoid,"High Fever, Abdominal Pain, Weakness",6.0,0
2023-08-20,Coast City,600000,Coastal Weather,Dengue,"High Fever, Joint Pain, Rash",6.0,1
2023-05-26,Coast City,600000,Coastal Weather,Cholera,"Severe Diarrhea, Dehydration",11.0,2
2023-06-19,Star City,500000,Normal,Cholera,"Severe Diarrhea, Dehydration",10.0,2
2023-10-23,Coast City,600000,Coastal Weather,Dengue,"High Fever, Joint Pain, Rash",11.0,1
2023-01-25,Metropolis,1000000,High Pollution,Dengue,"High Fever, Joint Pain, Rash",8.0,0
2023-12-21,Gotham,800000,High Humidity,Cholera,"Severe Diarrhea, Dehydration",4.0,0
2023-06-02,Metropolis,1000000,High Pollution,COVID-19,"Fever, Dry Cough, Loss of Taste",11.0,3
2023-12-02,Star City,500000,Normal,Influenza,"Fever, Cough, Fatigue",7.0,1
2023-02-08,Metropolis,1000000,High Pollution,Cholera,"Severe Diarrhea, Dehydration",12.0,0
2023-04-19,Central City,1200000,Normal,Influenza,"Fever, Cough, Fatigue",14.0,3
2023-11-26,Gotham,800000,High Humidity,Typhoid,"High Fever, Abdominal Pain, Weakness",7.0,0
2023-10-25,Star City,500000,Normal,Cholera,"Severe Diarrhea, Dehydration",14.0,3
2023-10-06,Gotham,800000,High Humidity,COVID-19,"Fever, Dry Cough, Loss of Taste",11.0,1
2023-10-03,Metropolis,1000000,High Pollution,Dengue,"High Fever, Joint Pain, Rash",9.0,1
2023-04-09,Star City,500000,Normal,Dengue,"High Fever, Joint Pain, Rash",9.0,1
2023-01-15,Metropolis,1000000,High Pollution,COVID-19,"Fever, Dry Cough, Loss of Taste",14.0,1
2023-08-08,Star City,500000,Normal,Dengue,"High Fever, Joint Pain, Rash",11.0,2
2023-01-06,Central City,1200000,Normal,Influenza,"Fever, Cough, Fatigue",12.0,2
2023-03-16,Gotham,800000,High Humidity,COVID-19,"Fever, Dry Cough, Loss of Taste",14.0,3
2023-04-22,Star City,500000,Normal,COVID-19,"Fever, Dry Cough, Loss of Taste",8.0,1
2023-09-03,Central City,1200000,Normal,Cholera,"Severe Diarrhea, Dehydration",8.0,0
2023-10-25,Star City,500000,Normal,Cholera,"Severe Diarrhea, Dehydration",10.0,2
2023-06-24,Coast City,600000,Coastal Weather,Cholera,"Severe Diarrhea, Dehydration",12.0,2
2023-12-01,Gotham,800000,High Humidity,Dengue,"High Fever, Joint Pain, Rash",4.0,0
2023-12-20,Coast City,600000,Coastal Weather,Influenza,"Fever, Cough, Fatigue",,0
2023-03-20,Metropolis,1000000,High Pollution,Dengue,"High Fever, Joint Pain, Rash",9.0,2
2023-02-07,Coast City,600000,Coastal Weather,Influenza,"Fever, Cough, Fatigue",4.0,1
2023-09-02,Central City,1200000,Normal,Typhoid,"High Fever, Abdominal Pain, Weakness",48.0,6
2023-03-10,Metropolis,1000000,High Pollution,Typhoid,"High Fever, Abdominal Pain, Weakness",15.0,2
2023-04-10,Metropolis,1000000,High Pollution,Cholera,"Severe Diarrhea, Dehydration",10.0,2
2023-01-01,Metropolis,1000000,High Pollution,Influenza,"Fever, Cough, Fatigue",5.0,1
2023-07-07,Metropolis,1000000,High Pollution,COVID-19,"Fever, Dry Cough, Loss of Taste",51.0,8
2023-03-20,Star City,500000,Normal,Typhoid,"High Fever, Abdominal Pain, Weakness",8.0,2
2023-10-12,Gotham,800000,High Humidity,Cholera,"Severe Diarrhea, Dehydration",192.0,15
2023-11-24,Central City,1200000,Normal,Cholera,"Severe Diarrhea, Dehydration",8.0,0
2023-03-03,Central City,1200000,Normal,Cholera,"Severe Diarrhea, Dehydration",9.0,1
2023-09-30,Gotham,800000,High Humidity,Dengue,"High Fever, Joint Pain, Rash",8.0,1
2023-10-18,Metropolis,1000000,High Pollution,COVID-19,"Fever, Dry Cough, Loss of Taste",13.0,1
2023-01-16,Coast City,600000,Coastal Weather,Typhoid,"High Fever, Abdominal Pain, Weakness",15.0,2
2023-01-10,Star City,500000,Normal,Dengue,"High Fever, Joint Pain, Rash",7.0,1
2023-07-17,Coast City,600000,Coastal Weather,Dengue,"High Fever, Joint Pain, Rash",13.0,1
2023-04-07,Star City,500000,Normal,Dengue,"High Fever, Joint Pain, Rash",6.0,0
2023-03-20,Gotham,800000,High Humidity,Cholera,"Severe Diarrhea, Dehydration",11.0,2
2023-04-15,Gotham,800000,High Humidity,Cholera,"Severe Diarrhea, Dehydration",8.0,0
2023-05-06,Central City,1200000,Normal,Typhoid,"High Fever, Abdominal Pain, Weakness",7.0,1
2023-10-11,Metropolis,1000000,High Pollution,Cholera,"Severe Diarrhea, Dehydration",7.0,0
2023-10-05,Metropolis,1000000,High Pollution,COVID-19,"Fever, Dry Cough, Loss of Taste",9.0,0
2023-05-10,Coast City,600000,Coastal Weather,Influenza,"Fever, Cough, Fatigue",9.0,0
2023-12-07,Gotham,800000,High Humidity,Cholera,"Severe Diarrhea, Dehydration",10.0,0
2023-03-23,Coast City,600000,Coastal Weather,Typhoid,"High Fever, Abdominal Pain, Weakness",5.0,0
2023-09-28,Coast City,600000,Coastal Weather,Cholera,"Severe Diarrhea, Dehydration",5.0,1
2023-10-25,Star City,500000,Normal,Dengue,"High Fever, Joint Pain, Rash",10.0,2
2023-07-19,Gotham,800000,High Humidity,Cholera,"Severe Diarrhea, Dehydration",11.0,1
2023-07-19,Gotham,800000,High Humidity,Dengue,"High Fever, Joint Pain, Rash",12.0,2
2023-01-26,Gotham,800000,High Humidity,Influenza,"Fever, Cough, Fatigue",5.0,1
2023-09-26,Gotham,800000,High Humidity,COVID-19,"Fever, Dry Cough, Loss of Taste",11.0,1
2023-03-28,Gotham,800000,High Humidity,Influenza,"Fever, Cough, Fatigue",7.0,0
2023-10-23,Star City,500000,Normal,COVID-19,"Fever, Dry Cough, Loss of Taste",11.0,3
2023-05-03,Central City,1200000,Normal,COVID-19,"Fever, Dry Cough, Loss of Taste",11.0,2
2023-12-23,Coast City,600000,Coastal Weather,Cholera,"Severe Diarrhea, Dehydration",7.0,1
2023-06-03,Coast City,600000,Coastal Weather,Influenza,"Fever, Cough, Fatigue",12.0,3
2023-01-10,Gotham,800000,High Humidity,Influenza,"Fever, Cough, Fatigue",12.0,2
2023-04-16,Coast City,600000,Coastal Weather,Dengue,"High Fever, Joint Pain, Rash",11.0,1
2023-05-20,Star City,500000,Normal,Influenza,"Fever, Cough, Fatigue",10.0,0
2023-12-28,Central City,1200000,Normal,Typhoid,"High Fever, Abdominal Pain, Weakness",9.0,1
2023-05-09,Central City,1200000,Normal,Influenza,"Fever, Cough, Fatigue",14.0,0
2023-04-30,Star City,500000,Normal,Dengue,"High Fever, Joint Pain, Rash",11.0,0
2023-10-10,Central City,1200000,Normal,Dengue,"High Fever, Joint Pain, Rash",10.0,1
2023-09-15,Metropolis,1000000,High Pollution,Typhoid,"High Fever, Abdominal Pain, Weakness",56.0,7
2023-11-05,Coast City,600000,Coastal Weather,COVID-19,"Fever, Dry Cough, Loss of Taste",14.0,2
2023-10-06,Star City,500000,Normal,Dengue,"High Fever, Joint Pain, Rash",8.0,0
2023-07-01,Coast City,600000,Coastal Weather,Dengue,"High Fever, Joint Pain, Rash",7.0,1
2023-06-05,Star City,500000,Normal,COVID-19,"Fever, Dry Cough, Loss of Taste",,0
2023-01-16,Gotham,800000,High Humidity,COVID-19,"Fever, Dry Cough, Loss of Taste",13.0,2
2023-09-05,Gotham,800000,High Humidity,Dengue,"High Fever, Joint Pain, Rash",12.0,2
2023-05-31,Gotham,800000,High Humidity,Typhoid,"High Fever, Abdominal Pain, Weakness",8.0,0
2023-04-14,Coast City,600000,Coastal Weather,COVID-19,"Fever, Dry Cough, Loss of Taste",176.0,22
2023-11-21,Metropolis,1000000,High Pollution,COVID-19,"Fever, Dry Cough, Loss of Taste",15.0,4
2023-02-27,Gotham,800000,High Humidity,Typhoid,"High Fever, Abdominal Pain, Weakness",9.0,2
2023-06-20,Star City,500000,Normal,Dengue,"High Fever, Joint Pain, Rash",4.0,1
2023-08-03,Central City,1200000,Normal,Influenza,"Fever, Cough, Fatigue",9.0,0
2023-04-15,Metropolis,1000000,High Pollution,Dengue,"High Fever, Joint Pain, Rash",11.0,1
2023-12-20,Central City,1200000,Normal,Typhoid,"High Fever, Abdominal Pain, Weakness",10.0,0
2023-02-18,Gotham,800000,High Humidity,Dengue,"High Fever, Joint Pain, Rash",8.0,1
2023-10-26,Metropolis,1000000,High Pollution,Cholera,"Severe Diarrhea, Dehydration",12.0,1
2023-07-14,Central City,1200000,Normal,COVID-19,"Fever, Dry Cough, Loss of Taste",12.0,0
2023-07-05,Central City,1200000,Normal,COVID-19,"Fever, Dry Cough, Loss of Taste",13.0,2
2023-11-29,Gotham,800000,High Humidity,Typhoid,"High Fever, Abdominal Pain, Weakness",11.0,2
2023-04-27,Central City,1200000,Normal,Influenza,"Fever, Cough, Fatigue",10.0,2
2023-07-12,Star City,500000,Normal,Typhoid,"High Fever, Abdominal Pain, Weakness",12.0,0
2023-10-23,Metropolis,1000000,High Pollution,COVID-19,"Fever, Dry Cough, Loss of Taste",,0
2023-02-12,Metropolis,1000000,High Pollution,Typhoid,"High Fever, Abdominal Pain, Weakness",10.0,2
2023-05-07,Coast City,600000,Coastal Weather,COVID-19,"Fever, Dry Cough, Loss of Taste",15.0,4
2023-08-25,Metropolis,1000000,High Pollution,Influenza,"Fever, Cough, Fatigue",5.0,0
2023-07-03,Coast City,600000,Coastal Weather,Dengue,"High Fever, Joint Pain, Rash",,0
2023-02-11,Star City,500000,Normal,Dengue,"High Fever, Joint Pain, Rash",96.0,21
2023-09-03,Gotham,800000,High Humidity,Typhoid,"High Fever, Abdominal Pain, Weakness",10.0,2
2023-08-04,Central City,1200000,Normal,COVID-19,"Fever, Dry Cough, Loss of Taste",4.0,0
2023-10-13,Gotham,800000,High Humidity,Influenza,"Fever, Cough, Fatigue",13.0,2
2023-08-02,Central City,1200000,Normal,Typhoid,"High Fever, Abdominal Pain, Weakness",13.0,3
2023-04-06,Star City,500000,Normal,Cholera,"Severe Diarrhea, Dehydration",11.0,2
2023-03-23,Metropolis,1000000,High Pollution,Typhoid,"High Fever, Abdominal Pain, Weakness",14.0,1
2023-07-20,Metropolis,1000000,High Pollution,Cholera,"Severe Diarrhea, Dehydration",18.0,5
2023-08-23,Central City,1200000,Normal,Dengue,"High Fever, Joint Pain, Rash",6.0,0
2023-05-15,Metropolis,1000000,High Pollution,Influenza,"Fever, Cough, Fatigue",8.0,1
2023-03-15,Gotham,800000,High Humidity,Dengue,"High Fever, Joint Pain, Rash",10.0,0
2023-07-17,Star City,500000,Normal,Dengue,"High Fever, Joint Pain, Rash",8.0,1
2023-02-20,Star City,500000,Normal,Dengue,"High Fever, Joint Pain, Rash",4.0,0
2023-05-14,Metropolis,1000000,High Pollution,COVID-19,"Fever, Dry Cough, Loss of Taste",14.0,3
2023-10-23,Central City,1200000,Normal,Influenza,"Fever, Cough, Fatigue",50.0,6
2023-09-06,Metropolis,1000000,High Pollution,Dengue,"High Fever, Joint Pain, Rash",13.0,2
2023-08-04,Star City,500000,Normal,Cholera,"Severe Diarrhea, Dehydration",3.0,0
2023-09-16,Coast City,600000,Coastal Weather,Cholera,"Severe Diarrhea, Dehydration",7.0,1
2023-08-25,Star City,500000,Normal,Cholera,"Severe Diarrhea, Dehydration",10.0,1
2023-07-18,Metropolis,1000000,High Pollution,COVID-19,"Fever, Dry Cough, Loss of Taste",8.0,1
2023-12-01,Central City,1200000,Normal,Influenza,"Fever, Cough, Fatigue",11.0,1
2023-10-20,Gotham,800000,High Humidity,Typhoid,"High Fever, Abdominal Pain, Weakness",9.0,2
2023-04-08,Metropolis,1000000,High Pollution,Cholera,"Severe Diarrhea, Dehydration",14.0,2
2023-10-07,Coast City,600000,Coastal Weather,COVID-19,"Fever, Dry Cough, Loss of Taste",11.0,1
2023-08-14,Star City,500000,Normal,Typhoid,"High Fever, Abdominal Pain, Weakness",19.0,5
2023-02-08,Gotham,800000,High Humidity,Cholera,"Severe Diarrhea, Dehydration",112.0,11
2023-06-13,Gotham,800000,High Humidity,Cholera,"Severe Diarrhea, Dehydration",13.0,2
2023-03-25,Metropolis,1000000,High Pollution,Cholera,"Severe Diarrhea, Dehydration",13.0,2
2023-04-24,Coast City,600000,Coastal Weather,Dengue,"High Fever, Joint Pain, Rash",8.0,1
2023-12-12,Gotham,800000,High Humidity,Typhoid,"High Fever, Abdominal Pain, Weakness",12.0,2
2023-02-16,Coast City,600000,Coastal Weather,Cholera,"Severe Diarrhea, Dehydration",15.0,3
2023-12-24,Gotham,800000,High Humidity,Cholera,"Severe Diarrhea, Dehydration",7.0,1
2023-10-29,Central City,1200000,Normal,Dengue,"High Fever, Joint Pain, Rash",9.0,2
2023-12-31,Central City,1200000,Normal,COVID-19,"Fever, Dry Cough, Loss of Taste",7.0,0
2023-03-14,Coast City,600000,Coastal Weather,Influenza,"Fever, Cough, Fatigue",12.0,1
2023-03-14,Gotham,800000,High Humidity,Influenza,"Fever, Cough, Fatigue",11.0,2
2023-03-23,Gotham,800000,High Humidity,Dengue,"High Fever, Joint Pain, Rash",14.0,1
2023-04-27,Metropolis,1000000,High Pollution,Cholera,"Severe Diarrhea, Dehydration",6.0,0
2023-01-16,Star City,500000,Normal,COVID-19,"Fever, Dry Cough, Loss of Taste",13.0,1
2023-03-09,Gotham,800000,High Humidity,Cholera,"Severe Diarrhea, Dehydration",9.0,1
2023-07-23,Star City,500000,Normal,Cholera,"Severe Diarrhea, Dehydration",8.0,2
2023-04-27,Central City,1200000,Normal,COVID-19,"Fever, Dry Cough, Loss of Taste",8.0,0
2023-03-06,Gotham,800000,High Humidity,Cholera,"Severe Diarrhea, Dehydration",5.0,1
2023-06-29,Central City,1200000,Normal,COVID-19,"Fever, Dry Cough, Loss of Taste",13.0,2
2023-03-26,Coast City,600000,Coastal Weather,Dengue,"High Fever, Joint Pain, Rash",9.0,1
2023-04-09,Star City,500000,Normal,Influenza,"Fever, Cough, Fatigue",7.0,0
2023-05-20,Gotham,800000,High Humidity,COVID-19,"Fever, Dry Cough, Loss of Taste",10.0,0
2023-03-10,Star City,500000,Normal,Influenza,"Fever, Cough, Fatigue",14.0,1
2023-05-23,Coast City,600000,Coastal Weather,Dengue,"High Fever, Joint Pain, Rash",8.0,1
24/04/2023,Star City,500000,Normal,Cholera,"Severe Diarrhea, Dehydration",66.0,6
2023-07-15,Metropolis,1000000,High Pollution,Typhoid,"High Fever, Abdominal Pain, Weakness",9.0,2
2023-05-17,Coast City,600000,Coastal Weather,Typhoid,"High Fever, Abdominal Pain, Weakness",4.0,0
2023-03-03,Coast City,600000,Coastal Weather,Influenza,"Fever, Cough, Fatigue",9.0,0
2023-09-03,Gotham,800000,High Humidity,Typhoid,"High Fever, Abdominal Pain, Weakness",3.0,0
2023-10-27,Gotham,800000,High Humidity,Dengue,"High Fever, Joint Pain, Rash",9.0,1
2023-11-09,Star City,500000,Normal,Dengue,"High Fever, Joint Pain, Rash",13.0,3
2023-12-25,Gotham,800000,High Humidity,Cholera,"Severe Diarrhea, Dehydration",15.0,3
2023-09-12,Gotham,800000,High Humidity,Cholera,"Severe Diarrhea, Dehydration",6.0,0
2023-11-27,Star City,500000,Normal,Typhoid,"High Fever, Abdominal Pain, Weakness",156.0,24
2023-06-16,Gotham,800000,High Humidity,Dengue,"High Fever, Joint Pain, Rash",12.0,3
2023-04-16,Central City,1200000,Normal,Typhoid,"High Fever, Abdominal Pain, Weakness",11.0,2
2023-01-18,Metropolis,1000000,High Pollution,Cholera,"Severe Diarrhea, Dehydration",7.0,1
2023-05-14,Gotham,800000,High Humidity,Influenza,"Fever, Cough, Fatigue",13.0,2
2023-03-11,Coast City,600000,Coastal Weather,Dengue,"High Fever, Joint Pain, Rash",14.0,2
2023-05-21,Gotham,800000,High Humidity,Influenza,"Fever, Cough, Fatigue",10.0,1
2023-07-05,Gotham,800000,High Humidity,Cholera,"Severe Diarrhea, Dehydration",9.0,1
2023-11-19,Metropolis,1000000,High Pollution,Cholera,"Severe Diarrhea, Dehydration",9.0,1
2023-04-02,Metropolis,1000000,High Pollution,Cholera,"Severe Diarrhea, Dehydration",4.0,0
2023-05-23,Gotham,800000,High Humidity,Typhoid,"High Fever, Abdominal Pain, Weakness",126.0,28
2023-08-20,Gotham,800000,High Humidity,Cholera,"Severe Diarrhea, Dehydration",6.0,0
2023-10-21,Gotham,800000,High Humidity,Dengue,"High Fever, Joint Pain, Rash",9.0,2
2023-03-17,Central City,1200000,Normal,Cholera,"Severe Diarrhea, Dehydration",13.0,1
2023-12-13,Coast City,600000,Coastal Weather,Cholera,"Severe Diarrhea, Dehydration",6.0,0
2023-05-10,Star City,500000,Normal,Influenza,"Fever, Cough, Fatigue",108.0,5
2023-09-12,Coast City,600000,Coastal Weather,COVID-19,"Fever, Dry Cough, Loss of Taste",13.0,1
2023-01-01,Star City,500000,Normal,Influenza,"Fever, Cough, Fatigue",11.0,0
2023-06-24,Coast City,600000,Coastal Weather,Influenza,"Fever, Cough, Fatigue",16.0,2
2023-11-28,Gotham,800000,High Humidity,COVID-19,"Fever, Dry Cough, Loss of Taste",8.0,1
2023-06-27,Central City,1200000,Normal,Influenza,"Fever, Cough, Fatigue",11.0,2
2023-10-07,Metropolis,1000000,High Pollution,Dengue,"High Fever, Joint Pain, Rash",13.0,1
2023-01-29,Gotham,800000,High Humidity,Dengue,"High Fever, Joint Pain, Rash",13.0,3
2023-04-03,Metropolis,1000000,High Pollution,Dengue,"High Fever, Joint Pain, Rash",9.0,1
2023-07-08,Gotham,800000,High Humidity,Influenza,"Fever, Cough, Fatigue",15.0,4
2023-08-06,Star City,500000,Normal,Cholera,"Severe Diarrhea, Dehydration",6.0,1
2023-08-29,Central City,1200000,Normal,Cholera,"Severe Diarrhea, Dehydration",12.0,2
2023-05-17,Metropolis,1000000,High Pollution,Dengue,"High Fever, Joint Pain, Rash",12.0,1
2023-08-25,Coast City,600000,Coastal Weather,Dengue,"High Fever, Joint Pain, Rash",14.0,3
2023-08-12,Coast City,600000,Coastal Weather,Dengue,"High Fever, Joint Pain, Rash",6.0,1
2023-10-15,Metropolis,1000000,High Pollution,Cholera,"Severe Diarrhea, Dehydration",15.0,3
2023-12-21,Coast City,600000,Coastal Weather,COVID-19,"Fever, Dry Cough, Loss of Taste",9.0,2
2023-06-14,Star City,500000,Normal,Typhoid,"High Fever, Abdominal Pain, Weakness",,0
2023-06-15,Central City,1200000,Normal,Dengue,"High Fever, Joint Pain, Rash",11.0,0
2023-02-19,Coast City,600000,Coastal Weather,Dengue,"High Fever, Joint Pain, Rash",12.0,2
2023-01-15,Gotham,800000,High Humidity,Cholera,"Severe Diarrhea, Dehydration",6.0,0
2023-11-30,Central City,1200000,Normal,COVID-19,"Fever, Dry Cough, Loss of Taste",9.0,1
2023-02-12,Metropolis,1000000,High Pollution,Influenza,"Fever, Cough, Fatigue",11.0,1
2023-11-22,Central City,1200000,Normal,Influenza,"Fever, Cough, Fatigue",8.0,1
2023-10-01,Star City,500000,Normal,Influenza,"Fever, Cough, Fatigue",14.0,2
2023-04-26,Gotham,800000,High Humidity,Cholera,"Severe Diarrhea, Dehydration",17.0,1
2023-04-10,Coast City,600000,Coastal Weather,Typhoid,"High Fever, Abdominal Pain, Weakness",6.0,1
2023-02-22,Central City,1200000,Normal,COVID-19,"Fever, Dry Cough, Loss of Taste",13.0,2
2023-03-24,Gotham,800000,High Humidity,Dengue,"High Fever, Joint Pain, Rash",11.0,3
2023-02-27,Gotham,800000,High Humidity,Cholera,"Severe Diarrhea, Dehydration",10.0,0
2023-02-08,Metropolis,1000000,High Pollution,Cholera,"Severe Diarrhea, Dehydration",114.0,6
2023-08-28,Star City,500000,Normal,Influenza,"Fever, Cough, Fatigue",6.0,1
2023-08-09,Star City,500000,Normal,Cholera,"Severe Diarrhea, Dehydration",16.0,4
2023-12-19,Coast City,600000,Coastal Weather,COVID-19,"Fever, Dry Cough, Loss of Taste",14.0,3
2023-09-30,Metropolis,1000000,High Pollution,Typhoid,"High Fever, Abdominal Pain, Weakness",9.0,1
2023-09-09,Metropolis,1000000,High Pollution,Cholera,"Severe Diarrhea, Dehydration",,0
2023-02-18,Star City,500000,Normal,Cholera,"Severe Diarrhea, Dehydration",,0
2023-06-10,Central City,1200000,Normal,Influenza,"Fever, Cough, Fatigue",10.0,2
2023-12-07,Coast City,600000,Coastal Weather,Dengue,"High Fever, Joint Pain, Rash",5.0,0
2023-08-21,Gotham,800000,High Humidity,Influenza,"Fever, Cough, Fatigue",9.0,2
2023-07-25,Coast City,600000,Coastal Weather,Dengue,"High Fever, Joint Pain, Rash",12.0,1
2023-12-24,Coast City,600000,Coastal Weather,COVID-19,"Fever, Dry Cough, Loss of Taste",13.0,3
2023-04-13,Coast City,600000,Coastal Weather,Cholera,"Severe Diarrhea, Dehydration",10.0,2
2023-11-29,Metropolis,1000000,High Pollution,Dengue,"High Fever, Joint Pain, Rash",12.0,2
2023-05-23,Central City,1200000,Normal,COVID-19,"Fever, Dry Cough, Loss of Taste",6.0,0
2023-11-29,Star City,500000,Normal,Influenza,"Fever, Cough, Fatigue",12.0,0
2023-04-09,Star City,500000,Normal,Influenza,"Fever, Cough, Fatigue",8.0,1
2023-07-23,Metropolis,1000000,High Pollution,Dengue,"High Fever, Joint Pain, Rash",8.0,2
2023-04-24,Star City,500000,Normal,Typhoid,"High Fever, Abdominal Pain, Weakness",14.0,1
2023-03-31,Metropolis,1000000,High Pollution,COVID-19,"Fever, Dry Cough, Loss of Taste",7.0,0
2023-08-12,Metropolis,1000000,High Pollution,Dengue,"High Fever, Joint Pain, Rash",8.0,1
2023-05-24,Coast City,600000,Coastal Weather,Dengue,"High Fever, Joint Pain, Rash",13.0,3
2023-04-02,Central City,1200000,Normal,Typhoid,"High Fever, Abdominal Pain, Weakness",11.0,2
2023-06-28,Star City,500000,Normal,COVID-19,"Fever, Dry Cough, Loss of Taste",7.0,1
2023-08-30,Central City,1200000,Normal,Dengue,"High Fever, Joint Pain, Rash",7.0,0
2023-11-11,Central City,1200000,Normal,Influenza,"Fever, Cough, Fatigue",8.0,0
2023-09-24,Central City,1200000,Normal,Dengue,"High Fever, Joint Pain, Rash",10.0,1
2023-10-30,Star City,500000,Normal,Cholera,"Severe Diarrhea, Dehydration",7.0,1
2023-05-18,Central City,1200000,Normal,Typhoid,"High Fever, Abdominal Pain, Weakness",12.0,3
2023-04-03,Gotham,800000,High Humidity,Influenza,"Fever, Cough, Fatigue",,0
2023-08-08,Central City,1200000,Normal,COVID-19,"Fever, Dry Cough, Loss of Taste",12.0,2
2023-12-25,Coast City,600000,Coastal Weather,Dengue,"High Fever, Joint Pain, Rash",7.0,0
2023-01-19,Central City,1200000,Normal,COVID-19,"Fever, Dry Cough, Loss of Taste",4.0,0
2023-04-13,Gotham,800000,High Humidity,Influenza,"Fever, Cough, Fatigue",14.0,2
2023-03-02,Metropolis,1000000,High Pollution,Typhoid,"High Fever, Abdominal Pain, Weakness",8.0,1
2023-11-29,Central City,1200000,Normal,Cholera,"Severe Diarrhea, Dehydration",10.0,1
2023-11-05,Coast City,600000,Coastal Weather,COVID-19,"Fever, Dry Cough, Loss of Taste",11.0,1
2023-04-28,Coast City,600000,Coastal Weather,Typhoid,"High Fever, Abdominal Pain, Weakness",,0
2023-05-29,Central City,1200000,Normal,Influenza,"Fever, Cough, Fatigue",4.0,0
2023-05-30,Central City,1200000,Normal,Dengue,"High Fever, Joint Pain, Rash",126.0,17
2023-11-15,Star City,500000,Normal,Cholera,"Severe Diarrhea, Dehydration",10.0,2
2023-02-26,Metropolis,1000000,High Pollution,Typhoid,"High Fever, Abdominal Pain, Weakness",17.0,1
2023-02-12,Central City,1200000,Normal,COVID-19,"Fever, Dry Cough, Loss of Taste",7.0,1
2023-05-05,Metropolis,1000000,High Pollution,Influenza,"Fever, Cough, Fatigue",9.0,1
2023-10-29,Metropolis,1000000,High Pollution,COVID-19,"Fever, Dry Cough, Loss of Taste",12.0,1
2023-11-10,Gotham,800000,High Humidity,Influenza,"Fever, Cough, Fatigue",4.0,0
2023-07-17,Star City,500000,Normal,Cholera,"Severe Diarrhea, Dehydration",15.0,4
2023-03-12,Gotham,800000,High Humidity,Dengue,"High Fever, Joint Pain, Rash",7.0,1
2023-03-06,Gotham,800000,High Humidity,Typhoid,"High Fever, Abdominal Pain, Weakness",11.0,3
2023-03-23,Central City,1200000,Normal,COVID-19,"Fever, Dry Cough, Loss of Taste",13.0,0
2023-06-01,Coast City,600000,Coastal Weather,Typhoid,"High Fever, Abdominal Pain, Weakness",14.0,3
2023-12-03,Coast City,600000,Coastal Weather,Typhoid,"High Fever, Abdominal Pain, Weakness",8.0,0
2023-02-25,Gotham,800000,High Humidity,Dengue,"High Fever, Joint Pain, Rash",11.0,0
2023-05-09,Gotham,800000,High Humidity,Influenza,"Fever, Cough, Fatigue",16.0,1
2023-12-28,Gotham,800000,High Humidity,COVID-19,"Fever, Dry Cough, Loss of Taste",14.0,1
06/02/2023,Metropolis,1000000,High Pollution,Cholera,"Severe Diarrhea, Dehydration",13.0,2
2023-07-21,Star City,500000,Normal,Influenza,"Fever, Cough, Fatigue",8.0,0
2023-02-27,Gotham,800000,High Humidity,Influenza,"Fever, Cough, Fatigue",5.0,1
2023-11-21,Central City,1200000,Normal,Cholera,"Severe Diarrhea, Dehydration",8.0,0
2023-07-10,Metropolis,1000000,High Pollution,Dengue,"High Fever, Joint Pain, Rash",10.0,0
2023-01-14,Coast City,600000,Coastal Weather,Dengue,"High Fever, Joint Pain, Rash",10.0,1
2023-04-14,Central City,1200000,Normal,Cholera,"Severe Diarrhea, Dehydration",6.0,0
2023-09-28,Coast City,600000,Coastal Weather,Influenza,"Fever, Cough, Fatigue",8.0,2
2023-09-23,Gotham,800000,High Humidity,Typhoid,"High Fever, Abdominal Pain, Weakness",8.0,0
2023-05-25,Coast City,600000,Coastal Weather,Cholera,"Severe Diarrhea, Dehydration",10.0,1
2023-01-10,Metropolis,1000000,High Pollution,Influenza,"Fever, Cough, Fatigue",13.0,0
2023-10-20,Metropolis,1000000,High Pollution,Dengue,"High Fever, Joint Pain, Rash",16.0,4
2023-12-16,Gotham,800000,High Humidity,Dengue,"High Fever, Joint Pain, Rash",7.0,1
2023-01-08,Coast City,600000,Coastal Weather,COVID-19,"Fever, Dry Cough, Loss of Taste",16.0,3
2023-12-04,Central City,1200000,Normal,Typhoid,"High Fever, Abdominal Pain, Weakness",6.0,0
2023-11-22,Central City,1200000,Normal,Typhoid,"High Fever, Abdominal Pain, Weakness",4.0,0
2023-06-02,Coast City,600000,Coastal Weather,Cholera,"Severe Diarrhea, Dehydration",15.0,4
2023-01-23,Metropolis,1000000,High Pollution,COVID-19,"Fever, Dry Cough, Loss of Taste",12.0,1
2023-11-11,Coast City,600000,Coastal Weather,Dengue,"High Fever, Joint Pain, Rash",9.0,1
2023-05-12,Metropolis,1000000,High Pollution,Dengue,"High Fever, Joint Pain, Rash",16.0,2
2023-10-01,Star City,500000,Normal,Typhoid,"High Fever, Abdominal Pain, Weakness",10.0,1
2023-07-19,Coast City,600000,Coastal Weather,Cholera,"Severe Diarrhea, Dehydration",8.0,2
2023-06-14,Coast City,600000,Coastal Weather,COVID-19,"Fever, Dry Cough, Loss of Taste",11.0,2
2023-08-01,Central City,1200000,Normal,Cholera,"Severe Diarrhea, Dehydration",10.0,2
2023-02-08,Gotham,800000,High Humidity,Typhoid,"High Fever, Abdominal Pain, Weakness",9.0,1
2023-02-27,Gotham,800000,High Humidity,Typhoid,"High Fever, Abdominal Pain, Weakness",209.0,50
2023-10-30,Coast City,600000,Coastal Weather,Cholera,"Severe Diarrhea, Dehydration",160.0,33
2023-02-18,Metropolis,1000000,High Pollution,Cholera,"Severe Diarrhea, Dehydration",10.0,1
2023-11-14,Metropolis,1000000,High Pollution,Typhoid,"High Fever, Abdominal Pain, Weakness",9.0,1
2023-06-06,Central City,1200000,Normal,Cholera,"Severe Diarrhea, Dehydration",13.0,3
2023-12-09,Gotham,800000,High Humidity,Influenza,"Fever, Cough, Fatigue",14.0,3
2023-04-12,Metropolis,1000000,High Pollution,Cholera,"Severe Diarrhea, Dehydration",9.0,0
2023-05-13,Star City,500000,Normal,Influenza,"Fever, Cough, Fatigue",13.0,0
2023-05-11,Central City,1200000,Normal,Typhoid,"High Fever, Abdominal Pain, Weakness",143.0,9
2023-07-12,Metropolis,1000000,High Pollution,COVID-19,"Fever, Dry Cough, Loss of Taste",8.0,0
2023-06-01,Central City,1200000,Normal,Influenza,"Fever, Cough, Fatigue",6.0,1
2023-04-04,Central City,1200000,Normal,Dengue,"High Fever, Joint Pain, Rash",9.0,1
2023-12-21,Gotham,800000,High Humidity,Influenza,"Fever, Cough, Fatigue",12.0,3
2023-10-06,Star City,500000,Normal,Cholera,"Severe Diarrhea, Dehydration",8.0,1
2023-06-21,Metropolis,1000000,High Pollution,Dengue,"High Fever, Joint Pain, Rash",9.0,1
2023-08-03,Gotham,800000,High Humidity,Cholera,"Severe Diarrhea, Dehydration",9.0,1
2023-12-12,Metropolis,1000000,High Pollution,Influenza,"Fever, Cough, Fatigue",12.0,2
2023-07-06,Coast City,600000,Coastal Weather,Cholera,"Severe Diarrhea, Dehydration",8.0,1
2023-11-15,Central City,1200000,Normal,Dengue,"High Fever, Joint Pain, Rash",8.0,2
2023-02-23,Central City,1200000,Normal,Dengue,"High Fever, Joint Pain, Rash",112.0,32
2023-08-30,Coast City,600000,Coastal Weather,Cholera,"Severe Diarrhea, Dehydration",12.0,1
2023-10-06,Coast City,600000,Coastal Weather,COVID-19,"Fever, Dry Cough, Loss of Taste",15.0,2
2023-03-03,Metropolis,1000000,High Pollution,Influenza,"Fever, Cough, Fatigue",15.0,0
2023-10-14,Coast City,600000,Coastal Weather,Influenza,"Fever, Cough, Fatigue",12.0,2
2023-09-28,Metropolis,1000000,High Pollution,Cholera,"Severe Diarrhea, Dehydration",13.0,3
2023-07-11,Coast City,600000,Coastal Weather,Dengue,"High Fever, Joint Pain, Rash",11.0,1
2023-04-02,Gotham,800000,High Humidity,Dengue,"High Fever, Joint Pain, Rash",10.0,0
2023-01-13,Gotham,800000,High Humidity,Typhoid,"High Fever, Abdominal Pain, Weakness",13.0,0
2023-12-22,Gotham,800000,High Humidity,COVID-19,"Fever, Dry Cough, Loss of Taste",10.0,2
2023-03-30,Star City,500000,Normal,Dengue,"High Fever, Joint Pain, Rash",10.0,1
2023-10-24,Star City,500000,Normal,COVID-19,"Fever, Dry Cough, Loss of Taste",7.0,1
2023-12-05,Metropolis,1000000,High Pollution,Influenza,"Fever, Cough, Fatigue",7.0,1
2023-10-23,Metropolis,1000000,High Pollution,Typhoid,"High Fever, Abdominal Pain, Weakness",,0
2023-12-31,Coast City,600000,Coastal Weather,Cholera,"Severe Diarrhea, Dehydration",19.0,3
2023-12-15,Star City,500000,Normal,Influenza,"Fever, Cough, Fatigue",13.0,1
2023-01-02,Gotham,800000,High Humidity,Influenza,"Fever, Cough, Fatigue",6.0,1
2023-01-04,Gotham,800000,High Humidity,Influenza,"Fever, Cough, Fatigue",8.0,0
2023-09-22,Coast City,600000,Coastal Weather,Typhoid,"High Fever, Abdominal Pain, Weakness",,0
2023-05-08,Coast City,600000,Coastal Weather,Cholera,"Severe Diarrhea, Dehydration",9.0,0
2023-03-01,Gotham,800000,High Humidity,Influenza,"Fever, Cough, Fatigue",12.0,2
2023-02-17,Metropolis,1000000,High Pollution,Influenza,"Fever, Cough, Fatigue",4.0,1
2023-01-02,Central City,1200000,Normal,Cholera,"Severe Diarrhea, Dehydration",13.0,2
2023-02-12,Gotham,800000,High Humidity,Cholera,"Severe Diarrhea, Dehydration",144.0,34
2023-07-11,Central City,1200000,Normal,Typhoid,"High Fever, Abdominal Pain, Weakness",7.0,0
2023-07-05,Gotham,800000,High Humidity,Typhoid,"High Fever, Abdominal Pain, Weakness",7.0,0
2023-03-21,Coast City,600000,Coastal Weather,Typhoid,"High Fever, Abdominal Pain, Weakness",3.0,0
2023-11-27,Metropolis,1000000,High Pollution,Typhoid,"High Fever, Abdominal Pain, Weakness",8.0,2
2023-05-12,Metropolis,1000000,High Pollution,Cholera,"Severe Diarrhea, Dehydration",12.0,1
2023-05-17,Coast City,600000,Coastal Weather,Typhoid,"High Fever, Abdominal Pain, Weakness",11.0,2
2023-11-09,Gotham,800000,High Humidity,Typhoid,"High Fever, Abdominal Pain, Weakness",8.0,1
2023-03-28,Gotham,800000,High Humidity,Typhoid,"High Fever, Abdominal Pain, Weakness",11.0,0
2023-04-17,Coast City,600000,Coastal Weather,COVID-19,"Fever, Dry Cough, Loss of Taste",195.0,12
2023-02-28,Coast City,600000,Coastal Weather,Cholera,"Severe Diarrhea, Dehydration",6.0,0
2023-12-04,Coast City,600000,Coastal Weather,COVID-19,"Fever, Dry Cough, Loss of Taste",14.0,2
2023-01-28,Central City,1200000,Normal,Dengue,"High Fever, Joint Pain, Rash",9.0,1
2023-10-18,Gotham,800000,High Humidity,Influenza,"Fever, Cough, Fatigue",7.0,1
2023-04-10,Metropolis,1000000,High Pollution,Influenza,"Fever, Cough, Fatigue",6.0,1
2023-08-21,Star City,500000,Normal,Typhoid,"High Fever, Abdominal Pain, Weakness",7.0,1
2023-01-29,Star City,500000,Normal,Influenza,"Fever, Cough, Fatigue",9.0,1
2023-11-29,Central City,1200000,Normal,Influenza,"Fever, Cough, Fatigue",8.0,1
2023-03-15,Central City,1200000,Normal,Dengue,"High Fever, Joint Pain, Rash",10.0,2
2023-08-13,Coast City,600000,Coastal Weather,Typhoid,"High Fever, Abdominal Pain, Weakness",12.0,2
2023-05-05,Metropolis,1000000,High Pollution,COVID-19,"Fever, Dry Cough, Loss of Taste",12.0,0
2023-09-17,Gotham,800000,High Humidity,Influenza,"Fever, Cough, Fatigue",11.0,3
2023-02-11,Gotham,800000,High Humidity,COVID-19,"Fever, Dry Cough, Loss of Taste",7.0,1
2023-08-14,Gotham,800000,High Humidity,Typhoid,"High Fever, Abdominal Pain, Weakness",11.0,0
2023-03-26,Star City,500000,Normal,Influenza,"Fever, Cough, Fatigue",13.0,1
2023-08-21,Central City,1200000,Normal,Dengue,"High Fever, Joint Pain, Rash",6.0,1
2023-06-03,Star City,500000,Normal,Dengue,"High Fever, Joint Pain, Rash",10.0,2
2023-04-20,Central City,1200000,Normal,Dengue,"High Fever, Joint Pain, Rash",12.0,3
2023-12-08,Metropolis,1000000,High Pollution,COVID-19,"Fever, Dry Cough, Loss of Taste",11.0,1
2023-04-07,Star City,500000,Normal,Cholera,"Severe Diarrhea, Dehydration",156.0,26
2023-05-03,Gotham,800000,High Humidity,Typhoid,"High Fever, Abdominal Pain, Weakness",11.0,2
2023-05-16,Metropolis,1000000,High Pollution,Cholera,"Severe Diarrhea, Dehydration",8.0,2
2023-05-15,Metropolis,1000000,High Pollution,Influenza,"Fever, Cough, Fatigue",11.0,1
2023-05-25,Coast City,600000,Coastal Weather,COVID-19,"Fever, Dry Cough, Loss of Taste",7.0,0
2023-07-29,Central City,1200000,Normal,Influenza,"Fever, Cough, Fatigue",10.0,2
2023-02-23,Gotham,800000,High Humidity,Typhoid,"High Fever, Abdominal Pain, Weakness",3.0,0
2023-09-15,Metropolis,1000000,High Pollution,Influenza,"Fever, Cough, Fatigue",13.0,3
2023-04-05,Central City,1200000,Normal,COVID-19,"Fever, Dry Cough, Loss of Taste",120.0,14
2023-07-27,Metropolis,1000000,High Pollution,Cholera,"Severe Diarrhea, Dehydration",9.0,2
2023-01-10,Central City,1200000,Normal,Dengue,"High Fever, Joint Pain, Rash",4.0,0
2023-11-27,Coast City,600000,Coastal Weather,Dengue,"High Fever, Joint Pain, Rash",6.0,1
2023-10-26,Star City,500000,Normal,COVID-19,"Fever, Dry Cough, Loss of Taste",16.0,2
2023-03-19,Metropolis,1000000,High Pollution,Typhoid,"High Fever, Abdominal Pain, Weakness",88.0,4
2023-03-18,Metropolis,1000000,High Pollution,Typhoid,"High Fever, Abdominal Pain, Weakness",9.0,2
2023-12-31,Gotham,800000,High Humidity,Dengue,"High Fever, Joint Pain, Rash",11.0,0
2023-07-28,Gotham,800000,High Humidity,Cholera,"Severe Diarrhea, Dehydration",16.0,0
2023-03-31,Coast City,600000,Coastal Weather,Typhoid,"High Fever, Abdominal Pain, Weakness",7.0,0
2023-10-08,Star City,500000,Normal,Dengue,"High Fever, Joint Pain, Rash",3.0,0
2023-06-19,Central City,1200000,Normal,Influenza,"Fever, Cough, Fatigue",12.0,1
2023-07-07,Coast City,600000,Coastal Weather,Cholera,"Severe Diarrhea, Dehydration",10.0,1
2023-02-17,Metropolis,1000000,High Pollution,Typhoid,"High Fever, Abdominal Pain, Weakness",16.0,3
2023-07-17,Gotham,800000,High Humidity,Dengue,"High Fever, Joint Pain, Rash",10.0,1
2023-09-17,Central City,1200000,Normal,Influenza,"Fever, Cough, Fatigue",7.0,0
2023-08-22,Coast City,600000,Coastal Weather,Influenza,"Fever, Cough, Fatigue",8.0,2
2023-08-19,Star City,500000,Normal,Dengue,"High Fever, Joint Pain, Rash",3.0,0
2023-08-23,Metropolis,1000000,High Pollution,Typhoid,"High Fever, Abdominal Pain, Weakness",11.0,2
2023-09-24,Central City,1200000,Normal,Cholera,"Severe Diarrhea, Dehydration",8.0,1
2023-08-17,Coast City,600000,Coastal Weather,Influenza,"Fever, Cough, Fatigue",10.0,0
2023-05-24,Coast City,600000,Coastal Weather,Cholera,"Severe Diarrhea, Dehydration",10.0,2
2023-07-03,Gotham,800000,High Humidity,Dengue,"High Fever, Joint Pain, Rash",11.0,1
2023-05-15,Gotham,800000,High Humidity,Cholera,"Severe Diarrhea, Dehydration",10.0,2
2023-01-17,Gotham,800000,High Humidity,Cholera,"Severe Diarrhea, Dehydration",10.0,1
2023-09-04,Coast City,600000,Coastal Weather,Influenza,"Fever, Cough, Fatigue",10.0,1
2023-12-05,Metropolis,1000000,High Pollution,Cholera,"Severe Diarrhea, Dehydration",56.0,6
2023-07-03,Central City,1200000,Normal,Cholera,"Severe Diarrhea, Dehydration",45.0,10
2023-12-15,Coast City,600000,Coastal Weather,Cholera,"Severe Diarrhea, Dehydration",9.0,0
2023-05-09,Central City,1200000,Normal,Cholera,"Severe Diarrhea, Dehydration",5.0,1
2023-01-19,Central City,1200000,Normal,Influenza,"Fever, Cough, Fatigue",10.0,1
2023-08-24,Metropolis,1000000,High Pollution,Influenza,"Fever, Cough, Fatigue",13.0,0
2023-04-05,Star City,500000,Normal,Dengue,"High Fever, Joint Pain, Rash",154.0,17
2023-05-13,Coast City,600000,Coastal Weather,COVID-19,"Fever, Dry Cough, Loss of Taste",,0
2023-11-25,Coast City,600000,Coastal Weather,Influenza,"Fever, Cough, Fatigue",12.0,1
2023-07-10,Gotham,800000,High Humidity,Typhoid,"High Fever, Abdominal Pain, Weakness",14.0,3
2023-06-27,Star City,500000,Normal,Dengue,"High Fever, Joint Pain, Rash",5.0,1
2023-05-19,Gotham,800000,High Humidity,Dengue,"High Fever, Joint Pain, Rash",11.0,2
2023-08-29,Metropolis,1000000,High Pollution,COVID-19,"Fever, Dry Cough, Loss of Taste",11.0,1
2023-01-21,Gotham,800000,High Humidity,COVID-19,"Fever, Dry Cough, Loss of Taste",7.0,1
2023-12-06,Gotham,800000,High Humidity,Typhoid,"High Fever, Abdominal Pain, Weakness",7.0,1
2023-01-21,Coast City,600000,Coastal Weather,Influenza,"Fever, Cough, Fatigue",5.0,1
2023-01-26,Gotham,800000,High Humidity,Dengue,"High Fever, Joint Pain, Rash",12.0,0
2023-03-24,Star City,500000,Normal,Influenza,"Fever, Cough, Fatigue",9.0,1
2023-05-06,Central City,1200000,Normal,COVID-19,"Fever, Dry Cough, Loss of Taste",,0
2023-09-07,Metropolis,1000000,High Pollution,COVID-19,"Fever, Dry Cough, Loss of Taste",7.0,0
2023-12-01,Gotham,800000,High Humidity,Dengue,"High Fever, Joint Pain, Rash",17.0,4
2023-04-05,Star City,500000,Normal,Influenza,"Fever, Cough, Fatigue",14.0,1
2023-12-10,Gotham,800000,High Humidity,Cholera,"Severe Diarrhea, Dehydration",15.0,2
2023-12-11,Gotham,800000,High Humidity,COVID-19,"Fever, Dry Cough, Loss of Taste",11.0,2
2023-04-20,Star City,500000,Normal,Dengue,"High Fever, Joint Pain, Rash",9.0,0
2023-03-26,Gotham,800000,High Humidity,Typhoid,"High Fever, Abdominal Pain, Weakness",8.0,2
2023-09-15,Metropolis,1000000,High Pollution,COVID-19,"Fever, Dry Cough, Loss of Taste",11.0,1
2023-05-18,Coast City,600000,Coastal Weather,Cholera,"Severe Diarrhea, Dehydration",14.0,2
2023-11-15,Star City,500000,Normal,Cholera,"Severe Diarrhea, Dehydration",9.0,2
2023-04-09,Star City,500000,Normal,COVID-19,"Fever, Dry Cough, Loss of Taste",12.0,3
2023-03-22,Metropolis,1000000,High Pollution,Influenza,"Fever, Cough, Fatigue",9.0,1
2023-10-01,Central City,1200000,Normal,COVID-19,"Fever, Dry Cough, Loss of Taste",7.0,2
2023-10-08,Star City,500000,Normal,Typhoid,"High Fever, Abdominal Pain, Weakness",238.0,29
2023-05-02,Metropolis,1000000,High Pollution,Typhoid,"High Fever, Abdominal Pain, Weakness",8.0,0
2023-08-04,Coast City,600000,Coastal Weather,Typhoid,"High Fever, Abdominal Pain, Weakness",55.0,7
2023-11-15,Metropolis,1000000,High Pollution,Influenza,"Fever, Cough, Fatigue",10.0,2
2023-10-31,Central City,1200000,Normal,Influenza,"Fever, Cough, Fatigue",10.0,2
2023-02-04,Gotham,800000,High Humidity,Typhoid,"High Fever, Abdominal Pain, Weakness",8.0,1
2023-03-12,Central City,1200000,Normal,Typhoid,"High Fever, Abdominal Pain, Weakness",13.0,2
2023-08-15,Central City,1200000,Normal,Dengue,"High Fever, Joint Pain, Rash",204.0,45
2023-10-18,Coast City,600000,Coastal Weather,Typhoid,"High Fever, Abdominal Pain, Weakness",21.0,5
2023-02-25,Metropolis,1000000,High Pollution,Typhoid,"High Fever, Abdominal Pain, Weakness",10.0,1
2023-12-23,Central City,1200000,Normal,COVID-19,"Fever, Dry Cough, Loss of Taste",11.0,0
2023-06-25,Metropolis,1000000,High Pollution,COVID-19,"Fever, Dry Cough, Loss of Taste",6.0,0
2023-05-19,Star City,500000,Normal,Dengue,"High Fever, Joint Pain, Rash",9.0,1
2023-06-17,Gotham,800000,High Humidity,Cholera,"Severe Diarrhea, Dehydration",168.0,38
2023-10-27,Central City,1200000,Normal,Influenza,"Fever, Cough, Fatigue",11.0,1
2023-03-04,Gotham,800000,High Humidity,COVID-19,"Fever, Dry Cough, Loss of Taste",10.0,1
2023-12-02,Star City,500000,Normal,Typhoid,"High Fever, Abdominal Pain, Weakness",12.0,1
2023-06-19,Coast City,600000,Coastal Weather,Typhoid,"High Fever, Abdominal Pain, Weakness",13.0,2
2023-06-22,Star City,500000,Normal,COVID-19,"Fever, Dry Cough, Loss of Taste",6.0,1
2023-11-05,Gotham,800000,High Humidity,COVID-19,"Fever, Dry Cough, Loss of Taste",14.0,1
2023-06-30,Star City,500000,Normal,Influenza,"Fever, Cough, Fatigue",10.0,1
2023-12-14,Coast City,600000,Coastal Weather,Typhoid,"High Fever, Abdominal Pain, Weakness",9.0,0
2023-04-09,Metropolis,1000000,High Pollution,Dengue,"High Fever, Joint Pain, Rash",10.0,0
2023-12-09,Coast City,600000,Coastal Weather,Typhoid,"High Fever, Abdominal Pain, Weakness",14.0,1
2023-10-07,Star City,500000,Normal,Typhoid,"High Fever, Abdominal Pain, Weakness",11.0,1
2023-01-14,Coast City,600000,Coastal Weather,Typhoid,"High Fever, Abdominal Pain, Weakness",81.0,4
2023-10-27,Central City,1200000,Normal,Cholera,"Severe Diarrhea, Dehydration",8.0,1
2023-08-12,Metropolis,1000000,High Pollution,Cholera,"Severe Diarrhea, Dehydration",,0
2023-01-05,Central City,1200000,Normal,Cholera,"Severe Diarrhea, Dehydration",3.0,0
2023-08-27,Star City,500000,Normal,COVID-19,"Fever, Dry Cough, Loss of Taste",7.0,0
2023-08-31,Gotham,800000,High Humidity,Influenza,"Fever, Cough, Fatigue",6.0,0
2023-09-02,Metropolis,1000000,High Pollution,Cholera,"Severe Diarrhea, Dehydration",7.0,0
2023-10-28,Gotham,800000,High Humidity,COVID-19,"Fever, Dry Cough, Loss of Taste",15.0,3
2023-03-18,Coast City,600000,Coastal Weather,Typhoid,"High Fever, Abdominal Pain, Weakness",5.0,0
2023-03-17,Metropolis,1000000,High Pollution,Dengue,"High Fever, Joint Pain, Rash",5.0,1
2023-12-10,Gotham,800000,High Humidity,COVID-19,"Fever, Dry Cough, Loss of Taste",10.0,1
2023-05-03,Gotham,800000,High Humidity,Typhoid,"High Fever, Abdominal Pain, Weakness",12.0,1
2023-11-23,Gotham,800000,High Humidity,Cholera,"Severe Diarrhea, Dehydration",12.0,3
2023-06-28,Coast City,600000,Coastal Weather,Typhoid,"High Fever, Abdominal Pain, Weakness",10.0,1
2023-01-21,Star City,500000,Normal,COVID-19,"Fever, Dry Cough, Loss of Taste",,0
2023-07-04,Metropolis,1000000,High Pollution,Typhoid,"High Fever, Abdominal Pain, Weakness",6.0,1
2023-10-13,Central City,1200000,Normal,Typhoid,"High Fever, Abdominal Pain, Weakness",14.0,3
2023-08-28,Coast City,600000,Coastal Weather,COVID-19,"Fever, Dry Cough, Loss of Taste",15.0,2
2023-01-27,Gotham,800000,High Humidity,COVID-19,"Fever, Dry Cough, Loss of Taste",7.0,1
2023-09-17,Star City,500000,Normal,Typhoid,"High Fever, Abdominal Pain, Weakness",15.0,2
2023-08-30,Gotham,800000,High Humidity,Cholera,"Severe Diarrhea, Dehydration",6.0,1
2023-03-04,Metropolis,1000000,High Pollution,Influenza,"Fever, Cough, Fatigue",6.0,0
2023-10-28,Central City,1200000,Normal,Typhoid,"High Fever, Abdominal Pain, Weakness",10.0,2
2023-11-24,Gotham,800000,High Humidity,Dengue,"High Fever, Joint Pain, Rash",9.0,1
2023-05-09,Coast City,600000,Coastal Weather,Typhoid,"High Fever, Abdominal Pain, Weakness",13.0,3
2023-05-26,Star City,500000,Normal,Cholera,"Severe Diarrhea, Dehydration",8.0,1
2023-10-18,Metropolis,1000000,High Pollution,Typhoid,"High Fever, Abdominal Pain, Weakness",10.0,1
2023-04-08,Coast City,600000,Coastal Weather,Influenza,"Fever, Cough, Fatigue",11.0,3
2023-10-08,Gotham,800000,High Humidity,Dengue,"High Fever, Joint Pain, Rash",9.0,2
2023-08-31,Star City,500000,Normal,Cholera,"Severe Diarrhea, Dehydration",10.0,1
2023-09-23,Central City,1200000,Normal,Dengue,"High Fever, Joint Pain, Rash",110.0,9
2023-03-28,Central City,1200000,Normal,Cholera,"Severe Diarrhea, Dehydration",6.0,0
2023-12-19,Coast City,600000,Coastal Weather,Dengue,"High Fever, Joint Pain, Rash",,0
2023-03-08,Metropolis,1000000,High Pollution,Dengue,"High Fever, Joint Pain, Rash",9.0,2
2023-04-01,Central City,1200000,Normal,Typhoid,"High Fever, Abdominal Pain, Weakness",14.0,2
2023-12-28,Coast City,600000,Coastal Weather,Cholera,"Severe Diarrhea, Dehydration",224.0,38
2023-10-14,Coast City,600000,Coastal Weather,Dengue,"High Fever, Joint Pain, Rash",12.0,1
2023-03-12,Central City,1200000,Normal,Influenza,"Fever, Cough, Fatigue",10.0,1
2023-04-25,Gotham,800000,High Humidity,Typhoid,"High Fever, Abdominal Pain, Weakness",13.0,3
2023-02-23,Metropolis,1000000,High Pollution,COVID-19,"Fever, Dry Cough, Loss of Taste",14.0,2
2023-06-08,Coast City,600000,Coastal Weather,COVID-19,"Fever, Dry Cough, Loss of Taste",15.0,1
2023-02-28,Metropolis,1000000,High Pollution,Typhoid,"High Fever, Abdominal Pain, Weakness",10.0,2
2023-08-10,Central City,1200000,Normal,Dengue,"High Fever, Joint Pain, Rash",14.0,2
2023-08-15,Star City,500000,Normal,Typhoid,"High Fever, Abdominal Pain, Weakness",3.0,0
2023-02-27,Gotham,800000,High Humidity,Influenza,"Fever, Cough, Fatigue",10.0,2
2023-10-23,Central City,1200000,Normal,Typhoid,"High Fever, Abdominal Pain, Weakness",6.0,0
2023-10-03,Metropolis,1000000,High Pollution,COVID-19,"Fever, Dry Cough, Loss of Taste",11.0,0
2023-10-15,Gotham,800000,High Humidity,Cholera,"Severe Diarrhea, Dehydration",8.0,1
2023-04-13,Gotham,800000,High Humidity,Typhoid,"High Fever, Abdominal Pain, Weakness",8.0,1
2023-01-25,Central City,1200000,Normal,Typhoid,"High Fever, Abdominal Pain, Weakness",5.0,1
2023-06-26,Gotham,800000,High Humidity,Typhoid,"High Fever, Abdominal Pain, Weakness",10.0,0
2023-08-21,Star City,500000,Normal,COVID-19,"Fever, Dry Cough, Loss of Taste",9.0,2
28/01/2023,Coast City,600000,Coastal Weather,Cholera,"Severe Diarrhea, Dehydration",11.0,2
2023-02-28,Star City,500000,Normal,Dengue,"High Fever, Joint Pain, Rash",15.0,4
2023-08-18,Central City,1200000,Normal,Dengue,"High Fever, Joint Pain, Rash",4.0,0
2023-01-09,Central City,1200000,Normal,COVID-19,"Fever, Dry Cough, Loss of Taste",10.0,1
2023-03-25,Star City,500000,Normal,COVID-19,"Fever, Dry Cough, Loss of Taste",9.0,0
2023-11-07,Gotham,800000,High Humidity,Dengue,"High Fever, Joint Pain, Rash",7.0,1
2023-08-28,Star City,500000,Normal,COVID-19,"Fever, Dry Cough, Loss of Taste",,0
2023-05-21,Metropolis,1000000,High Pollution,COVID-19,"Fever, Dry Cough, Loss of Taste",7.0,1
2023-02-03,Coast City,600000,Coastal Weather,Influenza,"Fever, Cough, Fatigue",5.0,0
2023-03-25,Coast City,600000,Coastal Weather,COVID-19,"Fever, Dry Cough, Loss of Taste",8.0,1
2023-03-27,Gotham,800000,High Humidity,Dengue,"High Fever, Joint Pain, Rash",14.0,2
2023-03-30,Gotham,800000,High Humidity,Typhoid,"High Fever, Abdominal Pain, Weakness",12.0,0
2023-11-06,Coast City,600000,Coastal Weather,Influenza,"Fever, Cough, Fatigue",4.0,0
2023-12-29,Central City,1200000,Normal,Typhoid,"High Fever, Abdominal Pain, Weakness",10.0,2
2023-06-28,Coast City,600000,Coastal Weather,Influenza,"Fever, Cough, Fatigue",12.0,3
2023-02-27,Coast City,600000,Coastal Weather,COVID-19,"Fever, Dry Cough, Loss of Taste",3.0,0
2023-01-20,Metropolis,1000000,High Pollution,Influenza,"Fever, Cough, Fatigue",6.0,0
2023-07-06,Metropolis,1000000,High Pollution,Typhoid,"High Fever, Abdominal Pain, Weakness",11.0,2
2023-02-11,Central City,1200000,Normal,COVID-19,"Fever, Dry Cough, Loss of Taste",14.0,1
2023-09-03,Central City,1200000,Normal,Dengue,"High Fever, Joint Pain, Rash",11.0,2
2023-11-17,Central City,1200000,Normal,Dengue,"High Fever, Joint Pain, Rash",6.0,0
2023-12-16,Gotham,800000,High Humidity,Typhoid,"High Fever, Abdominal Pain, Weakness",16.0,4
2023-12-18,Coast City,600000,Coastal Weather,Dengue,"High Fever, Joint Pain, Rash",7.0,1
2023-05-21,Central City,1200000,Normal,Dengue,"High Fever, Joint Pain, Rash",16.0,2
2023-09-25,Star City,500000,Normal,Dengue,"High Fever, Joint Pain, Rash",7.0,1
2023-04-28,Coast City,600000,Coastal Weather,Influenza,"Fever, Cough, Fatigue",11.0,2
2023-07-07,Metropolis,1000000,High Pollution,COVID-19,"Fever, Dry Cough, Loss of Taste",10.0,0
2023-12-31,Gotham,800000,High Humidity,Influenza,"Fever, Cough, Fatigue",13.0,2
2023-10-31,Star City,500000,Normal,Influenza,"Fever, Cough, Fatigue",11.0,1
2023-06-09,Metropolis,1000000,High Pollution,Typhoid,"High Fever, Abdominal Pain, Weakness",9.0,1
2023-06-23,Central City,1200000,Normal,Dengue,"High Fever, Joint Pain, Rash",11.0,1
2023-12-28,Gotham,800000,High Humidity,Dengue,"High Fever, Joint Pain, Rash",18.0,2
2023-11-18,Coast City,600000,Coastal Weather,Dengue,"High Fever, Joint Pain, Rash",13.0,2
2023-02-16,Coast City,600000,Coastal Weather,Dengue,"High Fever, Joint Pain, Rash",11.0,2
2023-12-21,Metropolis,1000000,High Pollution,COVID-19,"Fever, Dry Cough, Loss of Taste",6.0,1
2023-08-17,Star City,500000,Normal,Influenza,"Fever, Cough, Fatigue",11.0,0
2023-04-28,Metropolis,1000000,High Pollution,Influenza,"Fever, Cough, Fatigue",7.0,0
2023-02-16,Metropolis,1000000,High Pollution,Influenza,"Fever, Cough, Fatigue",10.0,1
2023-06-23,Central City,1200000,Normal,Cholera,"Severe Diarrhea, Dehydration",9.0,0
2023-11-21,Star City,500000,Normal,Cholera,"Severe Diarrhea, Dehydration",70.0,9
2023-07-09,Star City,500000,Normal,Typhoid,"High Fever, Abdominal Pain, Weakness",10.0,1
2023-08-07,Star City,500000,Normal,COVID-19,"Fever, Dry Cough, Loss of Taste",12.0,1
2023-12-18,Star City,500000,Normal,COVID-19,"Fever, Dry Cough, Loss of Taste",10.0,2
2023-06-08,Coast City,600000,Coastal Weather,Dengue,"High Fever, Joint Pain, Rash",10.0,0
2023-01-30,Central City,1200000,Normal,Typhoid,"High Fever, Abdominal Pain, Weakness",8.0,0
2023-09-23,Star City,500000,Normal,Cholera,"Severe Diarrhea, Dehydration",165.0,47
2023-03-13,Gotham,800000,High Humidity,Dengue,"High Fever, Joint Pain, Rash",10.0,1
2023-11-22,Metropolis,1000000,High Pollution,COVID-19,"Fever, Dry Cough, Loss of Taste",15.0,4
2023-02-13,Coast City,600000,Coastal Weather,COVID-19,"Fever, Dry Cough, Loss of Taste",10.0,1
2023-11-22,Metropolis,1000000,High Pollution,Typhoid,"High Fever, Abdominal Pain, Weakness",5.0,0
2023-10-05,Gotham,800000,High Humidity,Dengue,"High Fever, Joint Pain, Rash",6.0,1
2023-08-23,Central City,1200000,Normal,Typhoid,"High Fever, Abdominal Pain, Weakness",13.0,1
2023-03-23,Gotham,800000,High Humidity,Typhoid,"High Fever, Abdominal Pain, Weakness",10.0,0
2023-12-13,Metropolis,1000000,High Pollution,Cholera,"Severe Diarrhea, Dehydration",12.0,3
2023-02-25,Star City,500000,Normal,COVID-19,"Fever, Dry Cough, Loss of Taste",10.0,2
2023-06-30,Metropolis,1000000,High Pollution,Influenza,"Fever, Cough, Fatigue",9.0,2
2023-11-25,Coast City,600000,Coastal Weather,Dengue,"High Fever, Joint Pain, Rash",14.0,2
2023-03-01,Coast City,600000,Coastal Weather,COVID-19,"Fever, Dry Cough, Loss of Taste",10.0,1
2023-07-23,Gotham,800000,High Humidity,Typhoid,"High Fever, Abdominal Pain, Weakness",4.0,1
2023-06-04,Metropolis,1000000,High Pollution,Cholera,"Severe Diarrhea, Dehydration",11.0,2
2023-09-11,Coast City,600000,Coastal Weather,Typhoid,"High Fever, Abdominal Pain, Weakness",180.0,14
2023-09-16,Star City,500000,Normal,Dengue,"High Fever, Joint Pain, Rash",8.0,1
2023-11-05,Coast City,600000,Coastal Weather,COVID-19,"Fever, Dry Cough, Loss of Taste",11.0,0
2023-01-03,Coast City,600000,Coastal Weather,Typhoid,"High Fever, Abdominal Pain, Weakness",,0
2023-09-26,Gotham,800000,High Humidity,Influenza,"Fever, Cough, Fatigue",8.0,2
2023-02-23,Metropolis,1000000,High Pollution,Influenza,"Fever, Cough, Fatigue",8.0,0
2023-01-13,Gotham,800000,High Humidity,COVID-19,"Fever, Dry Cough, Loss of Taste",12.0,2
2023-09-10,Star City,500000,Normal,COVID-19,"Fever, Dry Cough, Loss of Taste",7.0,0
2023-05-12,Coast City,600000,Coastal Weather,COVID-19,"Fever, Dry Cough, Loss of Taste",10.0,2
2023-08-18,Coast City,600000,Coastal Weather,Influenza,"Fever, Cough, Fatigue",11.0,1
2023-09-23,Star City,500000,Normal,COVID-19,"Fever, Dry Cough, Loss of Taste",40.0,5
2023-01-06,Coast City,600000,Coastal Weather,Typhoid,"High Fever, Abdominal Pain, Weakness",14.0,0
2023-03-23,Coast City,600000,Coastal Weather,Cholera,"Severe Diarrhea, Dehydration",42.0,7
2023-07-28,Gotham,800000,High Humidity,Influenza,"Fever, Cough, Fatigue",7.0,0
2023-02-16,Coast City,600000,Coastal Weather,COVID-19,"Fever, Dry Cough, Loss of Taste",16.0,4
2023-02-26,Coast City,600000,Coastal Weather,Influenza,"Fever, Cough, Fatigue",6.0,1
2023-08-09,Metropolis,1000000,High Pollution,Cholera,"Severe Diarrhea, Dehydration",7.0,0
2023-11-28,Gotham,800000,High Humidity,Dengue,"High Fever, Joint Pain, Rash",17.0,3
2023-04-04,Coast City,600000,Coastal Weather,Influenza,"Fever, Cough, Fatigue",10.0,1
2023-10-16,Star City,500000,Normal,COVID-19,"Fever, Dry Cough, Loss of Taste",9.0,2
2023-09-29,Metropolis,1000000,High Pollution,COVID-19,"Fever, Dry Cough, Loss of Taste",8.0,0
2023-06-20,Star City,500000,Normal,Influenza,"Fever, Cough, Fatigue",13.0,3
2023-12-24,Gotham,800000,High Humidity,Influenza,"Fever, Cough, Fatigue",8.0,0
2023-10-22,Metropolis,1000000,High Pollution,COVID-19,"Fever, Dry Cough, Loss of Taste",13.0,3
2023-06-16,Central City,1200000,Normal,Dengue,"High Fever, Joint Pain, Rash",12.0,0
2023-03-03,Metropolis,1000000,High Pollution,Typhoid,"High Fever, Abdominal Pain, Weakness",8.0,0
2023-06-12,Metropolis,1000000,High Pollution,Typhoid,"High Fever, Abdominal Pain, Weakness",13.0,3
2023-11-27,Gotham,800000,High Humidity,Dengue,"High Fever, Joint Pain, Rash",15.0,3
2023-10-23,Star City,500000,Normal,Influenza,"Fever, Cough, Fatigue",8.0,1
2023-10-06,Coast City,600000,Coastal Weather,Typhoid,"High Fever, Abdominal Pain, Weakness",10.0,2
2023-01-06,Star City,500000,Normal,Dengue,"High Fever, Joint Pain, Rash",11.0,1
2023-04-01,Coast City,600000,Coastal Weather,COVID-19,"Fever, Dry Cough, Loss of Taste",11.0,2
2023-05-10,Coast City,600000,Coastal Weather,COVID-19,"Fever, Dry Cough, Loss of Taste",17.0,3
2023-01-13,Metropolis,1000000,High Pollution,COVID-19,"Fever, Dry Cough, Loss of Taste",18.0,0
2023-11-02,Star City,500000,Normal,Cholera,"Severe Diarrhea, Dehydration",13.0,1
2023-04-26,Metropolis,1000000,High Pollution,Typhoid,"High Fever, Abdominal Pain, Weakness",40.0,6
2023-08-18,Metropolis,1000000,High Pollution,Influenza,"Fever, Cough, Fatigue",,0
2023-10-27,Central City,1200000,Normal,Influenza,"Fever, Cough, Fatigue",13.0,1
2023-09-19,Metropolis,1000000,High Pollution,Dengue,"High Fever, Joint Pain, Rash",6.0,0
2023-03-21,Star City,500000,Normal,Dengue,"High Fever, Joint Pain, Rash",12.0,0
2023-09-02,Central City,1200000,Normal,Influenza,"Fever, Cough, Fatigue",8.0,0
2023-05-10,Coast City,600000,Coastal Weather,Dengue,"High Fever, Joint Pain, Rash",10.0,1
2023-07-20,Metropolis,1000000,High Pollution,Influenza,"Fever, Cough, Fatigue",11.0,0
2023-04-23,Star City,500000,Normal,Dengue,"High Fever, Joint Pain, Rash",8.0,1
2023-12-22,Central City,1200000,Normal,Typhoid,"High Fever, Abdominal Pain, Weakness",9.0,1
2023-01-27,Central City,1200000,Normal,Typhoid,"High Fever, Abdominal Pain, Weakness",1.0,0
2023-06-15,Metropolis,1000000,High Pollution,COVID-19,"Fever, Dry Cough, Loss of Taste",8.0,2
2023-10-08,Metropolis,1000000,High Pollution,COVID-19,"Fever, Dry Cough, Loss of Taste",10.0,2
2023-03-08,Central City,1200000,Normal,Influenza,"Fever, Cough, Fatigue",10.0,2
2023-04-26,Star City,500000,Normal,Typhoid,"High Fever, Abdominal Pain, Weakness",14.0,0
2023-01-05,Central City,1200000,Normal,Influenza,"Fever, Cough, Fatigue",7.0,2
2023-11-12,Coast City,600000,Coastal Weather,COVID-19,"Fever, Dry Cough, Loss of Taste",9.0,1
2023-05-20,Gotham,800000,High Humidity,Typhoid,"High Fever, Abdominal Pain, Weakness",10.0,0
2023-09-19,Metropolis,1000000,High Pollution,Influenza,"Fever, Cough, Fatigue",234.0,13
2023-01-18,Star City,500000,Normal,COVID-19,"Fever, Dry Cough, Loss of Taste",12.0,2
2023-12-10,Star City,500000,Normal,Influenza,"Fever, Cough, Fatigue",10.0,2
2023-01-31,Coast City,600000,Coastal Weather,Dengue,"High Fever, Joint Pain, Rash",13.0,0
2023-03-21,Central City,1200000,Normal,Dengue,"High Fever, Joint Pain, Rash",11.0,1
2023-05-02,Central City,1200000,Normal,Typhoid,"High Fever, Abdominal Pain, Weakness",,0
2023-06-15,Central City,1200000,Normal,Influenza,"Fever, Cough, Fatigue",13.0,3
2023-04-23,Gotham,800000,High Humidity,Typhoid,"High Fever, Abdominal Pain, Weakness",11.0,1
2023-04-18,Metropolis,1000000,High Pollution,COVID-19,"Fever, Dry Cough, Loss of Taste",9.0,2
2023-10-15,Central City,1200000,Normal,Typhoid,"High Fever, Abdominal Pain, Weakness",8.0,1
2023-02-16,Gotham,800000,High Humidity,Cholera,"Severe Diarrhea, Dehydration",8.0,1
2023-07-30,Metropolis,1000000,High Pollution,COVID-19,"Fever, Dry Cough, Loss of Taste",11.0,1
2023-11-13,Coast City,600000,Coastal Weather,Dengue,"High Fever, Joint Pain, Rash",8.0,2
2023-02-04,Central City,1200000,Normal,Dengue,"High Fever, Joint Pain, Rash",9.0,1
2023-06-25,Metropolis,1000000,High Pollution,Cholera,"Severe Diarrhea, Dehydration",7.0,0
2023-01-29,Metropolis,1000000,High Pollution,Dengue,"High Fever, Joint Pain, Rash",6.0,1
2023-01-14,Gotham,800000,High Humidity,Typhoid,"High Fever, Abdominal Pain, Weakness",9.0,1
2023-10-14,Gotham,800000,High Humidity,Cholera,"Severe Diarrhea, Dehydration",7.0,0
2023-12-27,Gotham,800000,High Humidity,Cholera,"Severe Diarrhea, Dehydration",8.0,1
2023-09-13,Gotham,800000,High Humidity,Typhoid,"High Fever, Abdominal Pain, Weakness",12.0,2
2023-04-18,Coast City,600000,Coastal Weather,Influenza,"Fever, Cough, Fatigue",11.0,0
2023-06-28,Metropolis,1000000,High Pollution,Typhoid,"High Fever, Abdominal Pain, Weakness",15.0,2
2023-12-11,Gotham,800000,High Humidity,Cholera,"Severe Diarrhea, Dehydration",12.0,1
2023-01-20,Central City,1200000,Normal,Typhoid,"High Fever, Abdominal Pain, Weakness",10.0,2
2023-06-11,Star City,500000,Normal,COVID-19,"Fever, Dry Cough, Loss of Taste",9.0,1
2023-10-03,Metropolis,1000000,High Pollution,Dengue,"High Fever, Joint Pain, Rash",13.0,1
2023-07-10,Central City,1200000,Normal,Influenza,"Fever, Cough, Fatigue",11.0,3
2023-07-09,Coast City,600000,Coastal Weather,Influenza,"Fever, Cough, Fatigue",12.0,1
2023-05-27,Metropolis,1000000,High Pollution,Typhoid,"High Fever, Abdominal Pain, Weakness",8.0,1
2023-01-27,Star City,500000,Normal,Typhoid,"High Fever, Abdominal Pain, Weakness",11.0,2
2023-11-16,Metropolis,1000000,High Pollution,COVID-19,"Fever, Dry Cough, Loss of Taste",88.0,22
2023-05-16,Gotham,800000,High Humidity,Typhoid,"High Fever, Abdominal Pain, Weakness",16.0,3
2023-07-15,Metropolis,1000000,High Pollution,COVID-19,"Fever, Dry Cough, Loss of Taste",10.0,1
2023-07-20,Central City,1200000,Normal,Cholera,"Severe Diarrhea, Dehydration",14.0,2
2023-03-20,Metropolis,1000000,High Pollution,COVID-19,"Fever, Dry Cough, Loss of Taste",8.0,0
2023-01-15,Star City,500000,Normal,Typhoid,"High Fever, Abdominal Pain, Weakness",13.0,2
2023-05-15,Central City,1200000,Normal,Influenza,"Fever, Cough, Fatigue",15.0,0
2023-03-06,Coast City,600000,Coastal Weather,Dengue,"High Fever, Joint Pain, Rash",12.0,2
2023-12-28,Central City,1200000,Normal,Cholera,"Severe Diarrhea, Dehydration",12.0,2
2023-03-03,Gotham,800000,High Humidity,Typhoid,"High Fever, Abdominal Pain, Weakness",13.0,0
2023-06-22,Star City,500000,Normal,Typhoid,"High Fever, Abdominal Pain, Weakness",14.0,2
2023-08-01,Central City,1200000,Normal,COVID-19,"Fever, Dry Cough, Loss of Taste",8.0,1
2023-10-08,Gotham,800000,High Humidity,Influenza,"Fever, Cough, Fatigue",8.0,1
2023-07-21,Metropolis,1000000,High Pollution,COVID-19,"Fever, Dry Cough, Loss of Taste",7.0,0
2023-03-22,Star City,500000,Normal,Cholera,"Severe Diarrhea, Dehydration",12.0,3
2023-09-07,Coast City,600000,Coastal Weather,Influenza,"Fever, Cough, Fatigue",9.0,2
2023-04-26,Central City,1200000,Normal,Dengue,"High Fever, Joint Pain, Rash",13.0,3
24/11/2023,Metropolis,1000000,High Pollution,Influenza,"Fever, Cough, Fatigue",9.0,1
2023-02-22,Coast City,600000,Coastal Weather,COVID-19,"Fever, Dry Cough, Loss of Taste",9.0,2
2023-11-13,Gotham,800000,High Humidity,Dengue,"High Fever, Joint Pain, Rash",10.0,0
2023-12-24,Metropolis,1000000,High Pollution,Influenza,"Fever, Cough, Fatigue",7.0,1
2023-05-21,Central City,1200000,Normal,Dengue,"High Fever, Joint Pain, Rash",5.0,0
2023-04-04,Central City,1200000,Normal,Dengue,"High Fever, Joint Pain, Rash",19.0,5
2023-07-12,Gotham,800000,High Humidity,COVID-19,"Fever, Dry Cough, Loss of Taste",12.0,0
2023-09-20,Gotham,800000,High Humidity,COVID-19,"Fever, Dry Cough, Loss of Taste",13.0,1
2023-10-26,Metropolis,1000000,High Pollution,COVID-19,"Fever, Dry Cough, Loss of Taste",10.0,2
2023-06-20,Gotham,800000,High Humidity,Influenza,"Fever, Cough, Fatigue",15.0,4
2023-05-29,Coast City,600000,Coastal Weather,Influenza,"Fever, Cough, Fatigue",10.0,2
2023-07-04,Metropolis,1000000,High Pollution,COVID-19,"Fever, Dry Cough, Loss of Taste",6.0,0
2023-06-24,Gotham,800000,High Humidity,Influenza,"Fever, Cough, Fatigue",4.0,0
2023-12-25,Central City,1200000,Normal,Cholera,"Severe Diarrhea, Dehydration",9.0,2
2023-09-17,Star City,500000,Normal,Dengue,"High Fever, Joint Pain, Rash",14.0,2
2023-10-19,Star City,500000,Normal,Dengue,"High Fever, Joint Pain, Rash",8.0,2
2023-04-30,Star City,500000,Normal,Cholera,"Severe Diarrhea, Dehydration",272.0,70
2023-11-29,Gotham,800000,High Humidity,Dengue,"High Fever, Joint Pain, Rash",6.0,0
2023-12-18,Star City,500000,Normal,Influenza,"Fever, Cough, Fatigue",13.0,3
2023-12-12,Star City,500000,Normal,Cholera,"Severe Diarrhea, Dehydration",8.0,0
2023-03-10,Coast City,600000,Coastal Weather,Cholera,"Severe Diarrhea, Dehydration",,0
2023-09-11,Coast City,600000,Coastal Weather,Cholera,"Severe Diarrhea, Dehydration",8.0,1
2023-11-06,Central City,1200000,Normal,Cholera,"Severe Diarrhea, Dehydration",12.0,1
2023-06-26,Metropolis,1000000,High Pollution,Dengue,"High Fever, Joint Pain, Rash",8.0,1
2023-10-09,Central City,1200000,Normal,Typhoid,"High Fever, Abdominal Pain, Weakness",16.0,1
2023-07-09,Star City,500000,Normal,Cholera,"Severe Diarrhea, Dehydration",9.0,1
2023-04-23,Star City,500000,Normal,COVID-19,"Fever, Dry Cough, Loss of Taste",14.0,2
2023-12-22,Star City,500000,Normal,Cholera,"Severe Diarrhea, Dehydration",10.0,2
2023-10-21,Star City,500000,Normal,Dengue,"High Fever, Joint Pain, Rash",10.0,1
2023-05-16,Star City,500000,Normal,Dengue,"High Fever, Joint Pain, Rash",7.0,1
2023-03-12,Metropolis,1000000,High Pollution,COVID-19,"Fever, Dry Cough, Loss of Taste",15.0,1
2023-08-19,Star City,500000,Normal,COVID-19,"Fever, Dry Cough, Loss of Taste",10.0,1
2023-12-22,Central City,1200000,Normal,COVID-19,"Fever, Dry Cough, Loss of Taste",5.0,1
2023-12-17,Gotham,800000,High Humidity,Cholera,"Severe Diarrhea, Dehydration",14.0,1
2023-08-04,Central City,1200000,Normal,Influenza,"Fever, Cough, Fatigue",224.0,61
2023-12-08,Gotham,800000,High Humidity,Influenza,"Fever, Cough, Fatigue",10.0,2
2023-09-01,Coast City,600000,Coastal Weather,Dengue,"High Fever, Joint Pain, Rash",18.0,2
2023-07-19,Coast City,600000,Coastal Weather,Influenza,"Fever, Cough, Fatigue",7.0,1
2023-06-16,Star City,500000,Normal,Typhoid,"High Fever, Abdominal Pain, Weakness",11.0,2
2023-01-10,Gotham,800000,High Humidity,Dengue,"High Fever, Joint Pain, Rash",12.0,2
2023-01-27,Metropolis,1000000,High Pollution,Influenza,"Fever, Cough, Fatigue",12.0,1
2023-02-28,Central City,1200000,Normal,Influenza,"Fever, Cough, Fatigue",8.0,1
2023-08-04,Coast City,600000,Coastal Weather,Dengue,"High Fever, Joint Pain, Rash",7.0,0
2023-08-12,Coast City,600000,Coastal Weather,COVID-19,"Fever, Dry Cough, Loss of Taste",10.0,1
2023-12-25,Coast City,600000,Coastal Weather,Cholera,"Severe Diarrhea, Dehydration",8.0,1
2023-12-11,Gotham,800000,High Humidity,Dengue,"High Fever, Joint Pain, Rash",20.0,1
2023-04-16,Gotham,800000,High Humidity,Influenza,"Fever, Cough, Fatigue",10.0,1
2023-03-12,Metropolis,1000000,High Pollution,COVID-19,"Fever, Dry Cough, Loss of Taste",9.0,1
2023-01-17,Star City,500000,Normal,COVID-19,"Fever, Dry Cough, Loss of Taste",7.0,1
2023-12-25,Star City,500000,Normal,COVID-19,"Fever, Dry Cough, Loss of Taste",6.0,0
2023-10-13,Metropolis,1000000,High Pollution,Influenza,"Fever, Cough, Fatigue",10.0,2
2023-03-22,Metropolis,1000000,High Pollution,Cholera,"Severe Diarrhea, Dehydration",11.0,1
2023-04-09,Coast City,600000,Coastal Weather,COVID-19,"Fever, Dry Cough, Loss of Taste",7.0,1
2023-05-11,Gotham,800000,High Humidity,Typhoid,"High Fever, Abdominal Pain, Weakness",8.0,0
2023-11-15,Gotham,800000,High Humidity,Typhoid,"High Fever, Abdominal Pain, Weakness",9.0,0
2023-04-23,Central City,1200000,Normal,Typhoid,"High Fever, Abdominal Pain, Weakness",11.0,2
2023-04-18,Central City,1200000,Normal,Cholera,"Severe Diarrhea, Dehydration",8.0,1
2023-04-06,Coast City,600000,Coastal Weather,Cholera,"Severe Diarrhea, Dehydration",7.0,2
2023-06-18,Gotham,800000,High Humidity,Influenza,"Fever, Cough, Fatigue",10.0,1
2023-01-15,Metropolis,1000000,High Pollution,Typhoid,"High Fever, Abdominal Pain, Weakness",10.0,1
2023-08-30,Central City,1200000,Normal,Dengue,"High Fever, Joint Pain, Rash",16.0,3
2023-09-18,Coast City,600000,Coastal Weather,Cholera,"Severe Diarrhea, Dehydration",12.0,3
2023-07-21,Metropolis,1000000,High Pollution,Influenza,"Fever, Cough, Fatigue",10.0,1
2023-12-07,Gotham,800000,High Humidity,Typhoid,"High Fever, Abdominal Pain, Weakness",5.0,0
2023-04-30,Star City,500000,Normal,Cholera,"Severe Diarrhea, Dehydration",8.0,0
2023-12-27,Central City,1200000,Normal,Influenza,"Fever, Cough, Fatigue",4.0,0
2023-09-17,Central City,1200000,Normal,COVID-19,"Fever, Dry Cough, Loss of Taste",11.0,2
2023-05-22,Star City,500000,Normal,Typhoid,"High Fever, Abdominal Pain, Weakness",13.0,2
2023-05-22,Central City,1200000,Normal,Dengue,"High Fever, Joint Pain, Rash",12.0,0
2023-04-10,Metropolis,1000000,High Pollution,Cholera,"Severe Diarrhea, Dehydration",14.0,2
2023-08-28,Coast City,600000,Coastal Weather,COVID-19,"Fever, Dry Cough, Loss of Taste",11.0,1
2023-05-02,Gotham,800000,High Humidity,Cholera,"Severe Diarrhea, Dehydration",7.0,1
2023-07-13,Gotham,800000,High Humidity,COVID-19,"Fever, Dry Cough, Loss of Taste",8.0,2
2023-06-15,Gotham,800000,High Humidity,Dengue,"High Fever, Joint Pain, Rash",11.0,1
2023-11-04,Gotham,800000,High Humidity,Dengue,"High Fever, Joint Pain, Rash",8.0,1
2023-10-14,Gotham,800000,High Humidity,COVID-19,"Fever, Dry Cough, Loss of Taste",12.0,2
2023-03-24,Star City,500000,Normal,Typhoid,"High Fever, Abdominal Pain, Weakness",15.0,2
2023-04-17,Star City,500000,Normal,Dengue,"High Fever, Joint Pain, Rash",14.0,1
2023-05-29,Metropolis,1000000,High Pollution,Dengue,"High Fever, Joint Pain, Rash",16.0,0
2023-12-07,Central City,1200000,Normal,Cholera,"Severe Diarrhea, Dehydration",10.0,0
2023-01-12,Gotham,800000,High Humidity,COVID-19,"Fever, Dry Cough, Loss of Taste",11.0,2
2023-06-11,Coast City,600000,Coastal Weather,Influenza,"Fever, Cough, Fatigue",10.0,0
2023-12-18,Coast City,600000,Coastal Weather,Typhoid,"High Fever, Abdominal Pain, Weakness",11.0,2
2023-10-07,Coast City,600000,Coastal Weather,Dengue,"High Fever, Joint Pain, Rash",5.0,0
2023-02-22,Gotham,800000,High Humidity,Influenza,"Fever, Cough, Fatigue",8.0,2
2023-09-27,Gotham,800000,High Humidity,Dengue,"High Fever, Joint Pain, Rash",13.0,1
2023-07-26,Star City,500000,Normal,Typhoid,"High Fever, Abdominal Pain, Weakness",9.0,2
2023-12-27,Central City,1200000,Normal,Influenza,"Fever, Cough, Fatigue",12.0,3
2023-03-04,Coast City,600000,Coastal Weather,Cholera,"Severe Diarrhea, Dehydration",3.0,0
2023-12-19,Central City,1200000,Normal,Dengue,"High Fever, Joint Pain, Rash",10.0,1
2023-12-18,Central City,1200000,Normal,Influenza,"Fever, Cough, Fatigue",135.0,34
2023-12-08,Gotham,800000,High Humidity,Influenza,"Fever, Cough, Fatigue",9.0,1
2023-01-30,Central City,1200000,Normal,Influenza,"Fever, Cough, Fatigue",13.0,1
2023-09-29,Metropolis,1000000,High Pollution,Typhoid,"High Fever, Abdominal Pain, Weakness",11.0,1
2023-10-28,Coast City,600000,Coastal Weather,Dengue,"High Fever, Joint Pain, Rash",18.0,0
2023-02-20,Metropolis,1000000,High Pollution,Typhoid,"High Fever, Abdominal Pain, Weakness",10.0,2
2023-09-01,Gotham,800000,High Humidity,Dengue,"High Fever, Joint Pain, Rash",9.0,1
2023-09-03,Central City,1200000,Normal,Typhoid,"High Fever, Abdominal Pain, Weakness",9.0,2
2023-04-18,Gotham,800000,High Humidity,Dengue,"High Fever, Joint Pain, Rash",8.0,1
2023-01-24,Coast City,600000,Coastal Weather,Dengue,"High Fever, Joint Pain, Rash",16.0,3
2023-12-15,Star City,500000,Normal,Influenza,"Fever, Cough, Fatigue",6.0,1
2023-06-27,Metropolis,1000000,High Pollution,Typhoid,"High Fever, Abdominal Pain, Weakness",9.0,2
2023-07-19,Gotham,800000,High Humidity,Typhoid,"High Fever, Abdominal Pain, Weakness",16.0,3
2023-07-14,Star City,500000,Normal,Typhoid,"High Fever, Abdominal Pain, Weakness",,0
2023-07-30,Metropolis,1000000,High Pollution,COVID-19,"Fever, Dry Cough, Loss of Taste",12.0,1
2023-08-21,Metropolis,1000000,High Pollution,Cholera,"Severe Diarrhea, Dehydration",15.0,3
2023-06-04,Central City,1200000,Normal,COVID-19,"Fever, Dry Cough, Loss of Taste",8.0,1
2023-09-10,Star City,500000,Normal,Typhoid,"High Fever, Abdominal Pain, Weakness",8.0,0
2023-12-26,Central City,1200000,Normal,Typhoid,"High Fever, Abdominal Pain, Weakness",7.0,1
2023-03-07,Coast City,600000,Coastal Weather,Typhoid,"High Fever, Abdominal Pain, Weakness",190.0,15
2023-05-12,Metropolis,1000000,High Pollution,Dengue,"High Fever, Joint Pain, Rash",5.0,0
2023-07-10,Metropolis,1000000,High Pollution,COVID-19,"Fever, Dry Cough, Loss of Taste",10.0,0
2023-02-04,Metropolis,1000000,High Pollution,Dengue,"High Fever, Joint Pain, Rash",11.0,2
2023-12-27,Coast City,600000,Coastal Weather,Typhoid,"High Fever, Abdominal Pain, Weakness",17.0,4
2023-04-22,Star City,500000,Normal,Influenza,"Fever, Cough, Fatigue",14.0,1
2023-09-29,Star City,500000,Normal,Cholera,"Severe Diarrhea, Dehydration",9.0,1
2023-01-30,Star City,500000,Normal,COVID-19,"Fever, Dry Cough, Loss of Taste",14.0,4
2023-08-03,Star City,500000,Normal,COVID-19,"Fever, Dry Cough, Loss of Taste",13.0,3
2023-04-27,Star City,500000,Normal,Influenza,"Fever, Cough, Fatigue",6.0,0
2023-05-22,Central City,1200000,Normal,Influenza,"Fever, Cough, Fatigue",12.0,1
2023-02-27,Gotham,800000,High Humidity,Cholera,"Severe Diarrhea, Dehydration",64.0,18
2023-04-05,Coast City,600000,Coastal Weather,COVID-19,"Fever, Dry Cough, Loss of Taste",11.0,1
2023-07-17,Gotham,800000,High Humidity,Influenza,"Fever, Cough, Fatigue",11.0,1
2023-04-19,Metropolis,1000000,High Pollution,Influenza,"Fever, Cough, Fatigue",9.0,1
2023-10-12,Central City,1200000,Normal,Dengue,"High Fever, Joint Pain, Rash",,0
2023-03-25,Central City,1200000,Normal,COVID-19,"Fever, Dry Cough, Loss of Taste",13.0,3
2023-03-05,Central City,1200000,Normal,Typhoid,"High Fever, Abdominal Pain, Weakness",8.0,1
2023-09-05,Coast City,600000,Coastal Weather,Influenza,"Fever, Cough, Fatigue",54.0,11
2023-08-14,Central City,1200000,Normal,COVID-19,"Fever, Dry Cough, Loss of Taste",11.0,1
2023-11-29,Metropolis,1000000,High Pollution,Typhoid,"High Fever, Abdominal Pain, Weakness",12.0,1
2023-10-25,Central City,1200000,Normal,Typhoid,"High Fever, Abdominal Pain, Weakness",7.0,1
2023-11-27,Central City,1200000,Normal,Typhoid,"High Fever, Abdominal Pain, Weakness",10.0,1
2023-06-06,Gotham,800000,High Humidity,Typhoid,"High Fever, Abdominal Pain, Weakness",8.0,1
2023-03-19,Metropolis,1000000,High Pollution,Dengue,"High Fever, Joint Pain, Rash",10.0,1
2023-09-07,Gotham,800000,High Humidity,Influenza,"Fever, Cough, Fatigue",48.0,6
2023-03-12,Central City,1200000,Normal,Cholera,"Severe Diarrhea, Dehydration",6.0,0
2023-07-12,Gotham,800000,High Humidity,Dengue,"High Fever, Joint Pain, Rash",9.0,2
2023-03-11,Gotham,800000,High Humidity,COVID-19,"Fever, Dry Cough, Loss of Taste",15.0,4
2023-10-08,Central City,1200000,Normal,Dengue,"High Fever, Joint Pain, Rash",6.0,0
2023-09-19,Star City,500000,Normal,COVID-19,"Fever, Dry Cough, Loss of Taste",14.0,2
2023-06-27,Metropolis,1000000,High Pollution,Typhoid,"High Fever, Abdominal Pain, Weakness",8.0,1
2023-12-15,Central City,1200000,Normal,Cholera,"Severe Diarrhea, Dehydration",8.0,2
2023-02-08,Metropolis,1000000,High Pollution,Cholera,"Severe Diarrhea, Dehydration",11.0,0
2023-08-30,Coast City,600000,Coastal Weather,Cholera,"Severe Diarrhea, Dehydration",96.0,17
2023-04-26,Metropolis,1000000,High Pollution,Typhoid,"High Fever, Abdominal Pain, Weakness",13.0,1
2023-06-11,Metropolis,1000000,High Pollution,Cholera,"Severe Diarrhea, Dehydration",6.0,1
2023-03-28,Star City,500000,Normal,Dengue,"High Fever, Joint Pain, Rash",10.0,0
2023-06-13,Gotham,800000,High Humidity,Influenza,"Fever, Cough, Fatigue",9.0,0
2023-10-21,Coast City,600000,Coastal Weather,Typhoid,"High Fever, Abdominal Pain, Weakness",6.0,1
2023-09-09,Gotham,800000,High Humidity,COVID-19,"Fever, Dry Cough, Loss of Taste",8.0,2
2023-10-12,Coast City,600000,Coastal Weather,Dengue,"High Fever, Joint Pain, Rash",9.0,1
2023-10-09,Coast City,600000,Coastal Weather,COVID-19,"Fever, Dry Cough, Loss of Taste",8.0,0
2023-07-04,Star City,500000,Normal,Influenza,"Fever, Cough, Fatigue",15.0,3
2023-12-17,Metropolis,1000000,High Pollution,Typhoid,"High Fever, Abdominal Pain, Weakness",10.0,0
2023-11-09,Central City,1200000,Normal,Dengue,"High Fever, Joint Pain, Rash",6.0,0
2023-10-10,Star City,500000,Normal,COVID-19,"Fever, Dry Cough, Loss of Taste",5.0,0
2023-05-12,Gotham,800000,High Humidity,Typhoid,"High Fever, Abdominal Pain, Weakness",9.0,2
2023-10-09,Central City,1200000,Normal,COVID-19,"Fever, Dry Cough, Loss of Taste",4.0,1
2023-06-11,Metropolis,1000000,High Pollution,Cholera,"Severe Diarrhea, Dehydration",10.0,2
2023-01-25,Central City,1200000,Normal,Typhoid,"High Fever, Abdominal Pain, Weakness",12.0,1
2023-01-21,Metropolis,1000000,High Pollution,Influenza,"Fever, Cough, Fatigue",7.0,1
2023-12-02,Metropolis,1000000,High Pollution,Influenza,"Fever, Cough, Fatigue",15.0,2
2023-05-25,Metropolis,1000000,High Pollution,Cholera,"Severe Diarrhea, Dehydration",17.0,1
2023-06-25,Gotham,800000,High Humidity,Typhoid,"High Fever, Abdominal Pain, Weakness",6.0,1
2023-08-17,Central City,1200000,Normal,Influenza,"Fever, Cough, Fatigue",11.0,0
2023-12-19,Star City,500000,Normal,Cholera,"Severe Diarrhea, Dehydration",14.0,2
2023-03-04,Coast City,600000,Coastal Weather,COVID-19,"Fever, Dry Cough, Loss of Taste",10.0,2
2023-09-21,Central City,1200000,Normal,COVID-19,"Fever, Dry Cough, Loss of Taste",13.0,2
2023-02-05,Central City,1200000,Normal,Cholera,"Severe Diarrhea, Dehydration",15.0,1
2023-04-16,Gotham,800000,High Humidity,Dengue,"High Fever, Joint Pain, Rash",11.0,2
2023-03-25,Metropolis,1000000,High Pollution,Cholera,"Severe Diarrhea, Dehydration",9.0,2
2023-03-11,Central City,1200000,Normal,Cholera,"Severe Diarrhea, Dehydration",8.0,1
2023-08-04,Star City,500000,Normal,COVID-19,"Fever, Dry Cough, Loss of Taste",9.0,2
2023-07-28,Metropolis,1000000,High Pollution,Dengue,"High Fever, Joint Pain, Rash",,0
2023-12-06,Metropolis,1000000,High Pollution,Influenza,"Fever, Cough, Fatigue",8.0,0
2023-05-29,Metropolis,1000000,High Pollution,Influenza,"Fever, Cough, Fatigue",8.0,0
2023-09-26,Gotham,800000,High Humidity,Typhoid,"High Fever, Abdominal Pain, Weakness",5.0,1
2023-05-29,Central City,1200000,Normal,Typhoid,"High Fever, Abdominal Pain, Weakness",11.0,2
2023-01-25,Coast City,600000,Coastal Weather,Typhoid,"High Fever, Abdominal Pain, Weakness",6.0,0
2023-08-05,Gotham,800000,High Humidity,Cholera,"Severe Diarrhea, Dehydration",11.0,1
2023-06-08,Gotham,800000,High Humidity,Typhoid,"High Fever, Abdominal Pain, Weakness",8.0,1
2023-01-14,Star City,500000,Normal,Typhoid,"High Fever, Abdominal Pain, Weakness",10.0,0
2023-03-09,Gotham,800000,High Humidity,Cholera,"Severe Diarrhea, Dehydration",8.0,0
2023-03-09,Star City,500000,Normal,Influenza,"Fever, Cough, Fatigue",10.0,1
28/06/2023,Metropolis,1000000,High Pollution,COVID-19,"Fever, Dry Cough, Loss of Taste",9.0,0
2023-09-21,Central City,1200000,Normal,Cholera,"Severe Diarrhea, Dehydration",9.0,1
2023-05-05,Coast City,600000,Coastal Weather,Cholera,"Severe Diarrhea, Dehydration",9.0,1
2023-07-12,Central City,1200000,Normal,COVID-19,"Fever, Dry Cough, Loss of Taste",13.0,3
2023-06-20,Star City,500000,Normal,Typhoid,"High Fever, Abdominal Pain, Weakness",8.0,2
2023-12-15,Gotham,800000,High Humidity,Typhoid,"High Fever, Abdominal Pain, Weakness",8.0,1
2023-09-11,Gotham,800000,High Humidity,Influenza,"Fever, Cough, Fatigue",7.0,1
2023-02-08,Gotham,800000,High Humidity,Typhoid,"High Fever, Abdominal Pain, Weakness",14.0,2
2023-11-15,Metropolis,1000000,High Pollution,Dengue,"High Fever, Joint Pain, Rash",8.0,1
2023-12-19,Star City,500000,Normal,COVID-19,"Fever, Dry Cough, Loss of Taste",7.0,0
2023-06-20,Star City,500000,Normal,Cholera,"Severe Diarrhea, Dehydration",14.0,1
2023-04-26,Star City,500000,Normal,COVID-19,"Fever, Dry Cough, Loss of Taste",84.0,16
2023-04-02,Gotham,800000,High Humidity,Dengue,"High Fever, Joint Pain, Rash",11.0,1
2023-02-04,Coast City,600000,Coastal Weather,Dengue,"High Fever, Joint Pain, Rash",11.0,2
2023-07-07,Coast City,600000,Coastal Weather,Dengue,"High Fever, Joint Pain, Rash",9.0,1
2023-02-08,Central City,1200000,Normal,COVID-19,"Fever, Dry Cough, Loss of Taste",7.0,1
2023-07-09,Star City,500000,Normal,Typhoid,"High Fever, Abdominal Pain, Weakness",6.0,1
2023-07-04,Gotham,800000,High Humidity,COVID-19,"Fever, Dry Cough, Loss of Taste",8.0,1
2023-03-08,Metropolis,1000000,High Pollution,Dengue,"High Fever, Joint Pain, Rash",5.0,0
2023-11-16,Metropolis,1000000,High Pollution,Dengue,"High Fever, Joint Pain, Rash",7.0,1
2023-07-26,Metropolis,1000000,High Pollution,COVID-19,"Fever, Dry Cough, Loss of Taste",10.0,1
2023-06-13,Central City,1200000,Normal,Typhoid,"High Fever, Abdominal Pain, Weakness",13.0,3
2023-02-28,Metropolis,1000000,High Pollution,Dengue,"High Fever, Joint Pain, Rash",12.0,0
2023-11-10,Star City,500000,Normal,Typhoid,"High Fever, Abdominal Pain, Weakness",9.0,2
2023-05-14,Coast City,600000,Coastal Weather,Influenza,"Fever, Cough, Fatigue",16.0,4
2023-08-23,Coast City,600000,Coastal Weather,Dengue,"High Fever, Joint Pain, Rash",8.0,0
2023-03-04,Coast City,600000,Coastal Weather,Influenza,"Fever, Cough, Fatigue",8.0,2
2023-03-02,Metropolis,1000000,High Pollution,Dengue,"High Fever, Joint Pain, Rash",6.0,0
2023-07-09,Gotham,800000,High Humidity,Influenza,"Fever, Cough, Fatigue",8.0,0
2023-04-25,Metropolis,1000000,High Pollution,COVID-19,"Fever, Dry Cough, Loss of Taste",5.0,1
2023-10-19,Metropolis,1000000,High Pollution,Dengue,"High Fever, Joint Pain, Rash",5.0,0
2023-08-20,Metropolis,1000000,High Pollution,Influenza,"Fever, Cough, Fatigue",13.0,0
2023-08-05,Central City,1200000,Normal,COVID-19,"Fever, Dry Cough, Loss of Taste",13.0,0
2023-10-05,Gotham,800000,High Humidity,Influenza,"Fever, Cough, Fatigue",16.0,2
2023-03-16,Metropolis,1000000,High Pollution,Influenza,"Fever, Cough, Fatigue",7.0,0
2023-08-29,Metropolis,1000000,High Pollution,Cholera,"Severe Diarrhea, Dehydration",9.0,1
2023-10-01,Metropolis,1000000,High Pollution,Cholera,"Severe Diarrhea, Dehydration",7.0,1
2023-07-11,Star City,500000,Normal,COVID-19,"Fever, Dry Cough, Loss of Taste",18.0,3
2023-03-08,Coast City,600000,Coastal Weather,Typhoid,"High Fever, Abdominal Pain, Weakness",9.0,2
2023-05-08,Central City,1200000,Normal,Cholera,"Severe Diarrhea, Dehydration",60.0,16
2023-01-01,Star City,500000,Normal,COVID-19,"Fever, Dry Cough, Loss of Taste",7.0,1
2023-06-10,Star City,500000,Normal,Influenza,"Fever, Cough, Fatigue",14.0,0
2023-04-07,Gotham,800000,High Humidity,Cholera,"Severe Diarrhea, Dehydration",7.0,1
2023-08-06,Gotham,800000,High Humidity,Influenza,"Fever, Cough, Fatigue",13.0,2
2023-08-21,Metropolis,1000000,High Pollution,Influenza,"Fever, Cough, Fatigue",8.0,1
2023-07-09,Metropolis,1000000,High Pollution,Dengue,"High Fever, Joint Pain, Rash",,0
2023-09-19,Metropolis,1000000,High Pollution,COVID-19,"Fever, Dry Cough, Loss of Taste",50.0,14
2023-11-01,Gotham,800000,High Humidity,Cholera,"Severe Diarrhea, Dehydration",13.0,2
2023-02-04,Coast City,600000,Coastal Weather,Influenza,"Fever, Cough, Fatigue",11.0,1
2023-02-08,Star City,500000,Normal,Cholera,"Severe Diarrhea, Dehydration",14.0,1
2023-05-26,Metropolis,1000000,High Pollution,Influenza,"Fever, Cough, Fatigue",9.0,2
2023-05-06,Metropolis,1000000,High Pollution,Dengue,"High Fever, Joint Pain, Rash",11.0,1
2023-10-06,Coast City,600000,Coastal Weather,Dengue,"High Fever, Joint Pain, Rash",6.0,1
2023-02-05,Gotham,800000,High Humidity,COVID-19,"Fever, Dry Cough, Loss of Taste",13.0,1
2023-04-03,Gotham,800000,High Humidity,Cholera,"Severe Diarrhea, Dehydration",8.0,1
2023-03-02,Metropolis,1000000,High Pollution,Cholera,"Severe Diarrhea, Dehydration",8.0,0
2023-03-21,Gotham,800000,High Humidity,Dengue,"High Fever, Joint Pain, Rash",10.0,1
2023-11-02,Gotham,800000,High Humidity,COVID-19,"Fever, Dry Cough, Loss of Taste",8.0,1
2023-09-15,Central City,1200000,Normal,Typhoid,"High Fever, Abdominal Pain, Weakness",7.0,0
2023-12-02,Star City,500000,Normal,Typhoid,"High Fever, Abdominal Pain, Weakness",11.0,1
2023-10-14,Gotham,800000,High Humidity,COVID-19,"Fever, Dry Cough, Loss of Taste",7.0,1
2023-06-22,Central City,1200000,Normal,Typhoid,"High Fever, Abdominal Pain, Weakness",12.0,0
2023-10-20,Central City,1200000,Normal,Dengue,"High Fever, Joint Pain, Rash",,0
2023-04-25,Central City,1200000,Normal,Influenza,"Fever, Cough, Fatigue",8.0,0
2023-11-17,Coast City,600000,Coastal Weather,Typhoid,"High Fever, Abdominal Pain, Weakness",15.0,0
2023-08-29,Metropolis,1000000,High Pollution,Cholera,"Severe Diarrhea, Dehydration",10.0,1
2023-02-22,Star City,500000,Normal,Dengue,"High Fever, Joint Pain, Rash",6.0,1
2023-09-26,Coast City,600000,Coastal Weather,Cholera,"Severe Diarrhea, Dehydration",11.0,0
2023-04-25,Central City,1200000,Normal,Influenza,"Fever, Cough, Fatigue",10.0,1
2023-05-22,Metropolis,1000000,High Pollution,COVID-19,"Fever, Dry Cough, Loss of Taste",13.0,3
2023-09-03,Metropolis,1000000,High Pollution,Typhoid,"High Fever, Abdominal Pain, Weakness",13.0,2
2023-02-05,Star City,500000,Normal,COVID-19,"Fever, Dry Cough, Loss of Taste",7.0,1
2023-03-25,Star City,500000,Normal,Typhoid,"High Fever, Abdominal Pain, Weakness",10.0,2
2023-02-11,Metropolis,1000000,High Pollution,Influenza,"Fever, Cough, Fatigue",9.0,2
2023-06-10,Metropolis,1000000,High Pollution,Typhoid,"High Fever, Abdominal Pain, Weakness",16.0,2
2023-06-16,Gotham,800000,High Humidity,Cholera,"Severe Diarrhea, Dehydration",12.0,3
2023-01-31,Gotham,800000,High Humidity,Influenza,"Fever, Cough, Fatigue",4.0,0
2023-09-07,Coast City,600000,Coastal Weather,Typhoid,"High Fever, Abdominal Pain, Weakness",7.0,0
2023-04-20,Star City,500000,Normal,Cholera,"Severe Diarrhea, Dehydration",7.0,1
2023-10-28,Central City,1200000,Normal,Influenza,"Fever, Cough, Fatigue",6.0,1
2023-01-03,Star City,500000,Normal,Dengue,"High Fever, Joint Pain, Rash",13.0,1
2023-09-03,Coast City,600000,Coastal Weather,Dengue,"High Fever, Joint Pain, Rash",5.0,0
2023-01-04,Metropolis,1000000,High Pollution,Typhoid,"High Fever, Abdominal Pain, Weakness",10.0,1
2023-04-15,Star City,500000,Normal,Dengue,"High Fever, Joint Pain, Rash",7.0,1
2023-02-27,Coast City,600000,Coastal Weather,Influenza,"Fever, Cough, Fatigue",9.0,1
2023-06-29,Metropolis,1000000,High Pollution,Influenza,"Fever, Cough, Fatigue",13.0,2
2023-06-14,Central City,1200000,Normal,Cholera,"Severe Diarrhea, Dehydration",9.0,1
2023-03-12,Metropolis,1000000,High Pollution,Dengue,"High Fever, Joint Pain, Rash",11.0,1
2023-06-07,Gotham,800000,High Humidity,Typhoid,"High Fever, Abdominal Pain, Weakness",13.0,1
2023-01-17,Coast City,600000,Coastal Weather,Influenza,"Fever, Cough, Fatigue",9.0,2
2023-05-09,Metropolis,1000000,High Pollution,Typhoid,"High Fever, Abdominal Pain, Weakness",8.0,1
2023-07-03,Coast City,600000,Coastal Weather,Dengue,"High Fever, Joint Pain, Rash",6.0,1
2023-12-09,Coast City,600000,Coastal Weather,Dengue,"High Fever, Joint Pain, Rash",64.0,18
2023-08-12,Star City,500000,Normal,Dengue,"High Fever, Joint Pain, Rash",10.0,0
2023-03-11,Gotham,800000,High Humidity,COVID-19,"Fever, Dry Cough, Loss of Taste",11.0,2
2023-06-05,Central City,1200000,Normal,Cholera,"Severe Diarrhea, Dehydration",15.0,3
2023-06-28,Metropolis,1000000,High Pollution,COVID-19,"Fever, Dry Cough, Loss of Taste",9.0,0
2023-01-07,Metropolis,1000000,High Pollution,Cholera,"Severe Diarrhea, Dehydration",14.0,3
2023-05-26,Star City,500000,Normal,Influenza,"Fever, Cough, Fatigue",10.0,1
2023-01-27,Star City,500000,Normal,Cholera,"Severe Diarrhea, Dehydration",14.0,2
2023-05-23,Central City,1200000,Normal,Influenza,"Fever, Cough, Fatigue",8.0,1
2023-05-07,Metropolis,1000000,High Pollution,Dengue,"High Fever, Joint Pain, Rash",8.0,1
2023-05-03,Central City,1200000,Normal,COVID-19,"Fever, Dry Cough, Loss of Taste",5.0,0
2023-10-27,Gotham,800000,High Humidity,Influenza,"Fever, Cough, Fatigue",8.0,1
2023-05-18,Central City,1200000,Normal,Influenza,"Fever, Cough, Fatigue",9.0,1
2023-05-13,Coast City,600000,Coastal Weather,Typhoid,"High Fever, Abdominal Pain, Weakness",9.0,1
2023-06-27,Metropolis,1000000,High Pollution,COVID-19,"Fever, Dry Cough, Loss of Taste",4.0,0
2023-02-16,Central City,1200000,Normal,Influenza,"Fever, Cough, Fatigue",13.0,3
2023-05-03,Coast City,600000,Coastal Weather,Typhoid,"High Fever, Abdominal Pain, Weakness",11.0,1
2023-11-04,Metropolis,1000000,High Pollution,Dengue,"High Fever, Joint Pain, Rash",10.0,0
2023-04-21,Gotham,800000,High Humidity,Cholera,"Severe Diarrhea, Dehydration",17.0,3
2023-09-06,Metropolis,1000000,High Pollution,Typhoid,"High Fever, Abdominal Pain, Weakness",3.0,0
2023-07-13,Metropolis,1000000,High Pollution,COVID-19,"Fever, Dry Cough, Loss of Taste",10.0,2
2023-03-18,Central City,1200000,Normal,COVID-19,"Fever, Dry Cough, Loss of Taste",10.0,2
2023-11-27,Gotham,800000,High Humidity,Cholera,"Severe Diarrhea, Dehydration",12.0,0
2023-07-11,Star City,500000,Normal,COVID-19,"Fever, Dry Cough, Loss of Taste",11.0,2
2023-03-23,Star City,500000,Normal,COVID-19,"Fever, Dry Cough, Loss of Taste",7.0,0
2023-12-17,Metropolis,1000000,High Pollution,Influenza,"Fever, Cough, Fatigue",7.0,1
2023-09-22,Star City,500000,Normal,COVID-19,"Fever, Dry Cough, Loss of Taste",9.0,2
2023-03-08,Gotham,800000,High Humidity,Typhoid,"High Fever, Abdominal Pain, Weakness",11.0,0
2023-07-10,Metropolis,1000000,High Pollution,Dengue,"High Fever, Joint Pain, Rash",6.0,1
2023-08-29,Central City,1200000,Normal,Typhoid,"High Fever, Abdominal Pain, Weakness",7.0,1
2023-09-07,Central City,1200000,Normal,COVID-19,"Fever, Dry Cough, Loss of Taste",6.0,0
2023-11-06,Coast City,600000,Coastal Weather,COVID-19,"Fever, Dry Cough, Loss of Taste",11.0,2
2023-12-27,Coast City,600000,Coastal Weather,Dengue,"High Fever, Joint Pain, Rash",3.0,0
2023-05-09,Coast City,600000,Coastal Weather,Dengue,"High Fever, Joint Pain, Rash",9.0,0
2023-05-18,Star City,500000,Normal,Influenza,"Fever, Cough, Fatigue",10.0,1
2023-03-07,Gotham,800000,High Humidity,Cholera,"Severe Diarrhea, Dehydration",15.0,4
2023-09-11,Central City,1200000,Normal,Typhoid,"High Fever, Abdominal Pain, Weakness",81.0,24
2023-04-17,Coast City,600000,Coastal Weather,Cholera,"Severe Diarrhea, Dehydration",8.0,1
2023-03-29,Metropolis,1000000,High Pollution,Influenza,"Fever, Cough, Fatigue",152.0,11
2023-04-22,Central City,1200000,Normal,COVID-19,"Fever, Dry Cough, Loss of Taste",8.0,2
2023-04-02,Gotham,800000,High Humidity,Dengue,"High Fever, Joint Pain, Rash",11.0,2
2023-06-12,Coast City,600000,Coastal Weather,Typhoid,"High Fever, Abdominal Pain, Weakness",9.0,0
2023-01-05,Gotham,800000,High Humidity,Typhoid,"High Fever, Abdominal Pain, Weakness",14.0,4
2023-05-05,Metropolis,1000000,High Pollution,COVID-19,"Fever, Dry Cough, Loss of Taste",10.0,1
2023-09-01,Coast City,600000,Coastal Weather,Influenza,"Fever, Cough, Fatigue",10.0,2
2023-03-31,Coast City,600000,Coastal Weather,COVID-19,"Fever, Dry Cough, Loss of Taste",11.0,1
2023-03-26,Metropolis,1000000,High Pollution,COVID-19,"Fever, Dry Cough, Loss of Taste",15.0,3
2023-12-20,Central City,1200000,Normal,Typhoid,"High Fever, Abdominal Pain, Weakness",6.0,1
2023-03-17,Central City,1200000,Normal,Dengue,"High Fever, Joint Pain, Rash",18.0,4
2023-04-22,Star City,500000,Normal,Typhoid,"High Fever, Abdominal Pain, Weakness",6.0,1
2023-01-15,Gotham,800000,High Humidity,COVID-19,"Fever, Dry Cough, Loss of Taste",40.0,6
2023-01-31,Gotham,800000,High Humidity,Influenza,"Fever, Cough, Fatigue",7.0,2
2023-10-30,Gotham,800000,High Humidity,Influenza,"Fever, Cough, Fatigue",11.0,2
2023-05-01,Coast City,600000,Coastal Weather,Cholera,"Severe Diarrhea, Dehydration",11.0,2
2023-08-30,Star City,500000,Normal,Influenza,"Fever, Cough, Fatigue",11.0,1
2023-01-10,Gotham,800000,High Humidity,Typhoid,"High Fever, Abdominal Pain, Weakness",10.0,2
2023-08-09,Central City,1200000,Normal,Dengue,"High Fever, Joint Pain, Rash",16.0,1
2023-05-17,Gotham,800000,High Humidity,Cholera,"Severe Diarrhea, Dehydration",10.0,1
2023-08-16,Coast City,600000,Coastal Weather,Dengue,"High Fever, Joint Pain, Rash",8.0,2
2023-04-16,Coast City,600000,Coastal Weather,Cholera,"Severe Diarrhea, Dehydration",14.0,1
2023-11-25,Coast City,600000,Coastal Weather,Dengue,"High Fever, Joint Pain, Rash",3.0,0
2023-12-04,Metropolis,1000000,High Pollution,COVID-19,"Fever, Dry Cough, Loss of Taste",12.0,0
2023-05-15,Central City,1200000,Normal,Typhoid,"High Fever, Abdominal Pain, Weakness",13.0,1
2023-05-08,Central City,1200000,Normal,COVID-19,"Fever, Dry Cough, Loss of Taste",11.0,1
2023-12-27,Central City,1200000,Normal,Dengue,"High Fever, Joint Pain, Rash",11.0,3
2023-03-05,Coast City,600000,Coastal Weather,Influenza,"Fever, Cough, Fatigue",10.0,1
2023-11-16,Central City,1200000,Normal,Dengue,"High Fever, Joint Pain, Rash",6.0,1
2023-11-26,Star City,500000,Normal,Influenza,"Fever, Cough, Fatigue",13.0,1
2023-09-07,Central City,1200000,Normal,Influenza,"Fever, Cough, Fatigue",11.0,1
2023-04-07,Gotham,800000,High Humidity,COVID-19,"Fever, Dry Cough, Loss of Taste",10.0,2
2023-03-07,Central City,1200000,Normal,Typhoid,"High Fever, Abdominal Pain, Weakness",8.0,0
2023-08-20,Metropolis,1000000,High Pollution,Dengue,"High Fever, Joint Pain, Rash",16.0,4
2023-06-22,Gotham,800000,High Humidity,Influenza,"Fever, Cough, Fatigue",9.0,0
2023-11-30,Coast City,600000,Coastal Weather,Dengue,"High Fever, Joint Pain, Rash",,0
2023-07-26,Star City,500000,Normal,Typhoid,"High Fever, Abdominal Pain, Weakness",10.0,0
2023-08-14,Coast City,600000,Coastal Weather,Influenza,"Fever, Cough, Fatigue",9.0,1
2023-10-07,Metropolis,1000000,High Pollution,Dengue,"High Fever, Joint Pain, Rash",10.0,0
2023-11-22,Star City,500000,Normal,Dengue,"High Fever, Joint Pain, Rash",5.0,1
2023-03-12,Star City,500000,Normal,Influenza,"Fever, Cough, Fatigue",9.0,0
2023-05-08,Gotham,800000,High Humidity,Typhoid,"High Fever, Abdominal Pain, Weakness",12.0,2
2023-09-11,Gotham,800000,High Humidity,Dengue,"High Fever, Joint Pain, Rash",13.0,3
2023-08-11,Coast City,600000,Coastal Weather,Influenza,"Fever, Cough, Fatigue",12.0,0
2023-08-16,Coast City,600000,Coastal Weather,Influenza,"Fever, Cough, Fatigue",14.0,0
2023-09-14,Gotham,800000,High Humidity,Cholera,"Severe Diarrhea, Dehydration",12.0,1
2023-08-13,Central City,1200000,Normal,Dengue,"High Fever, Joint Pain, Rash",7.0,1
2023-12-07,Gotham,800000,High Humidity,COVID-19,"Fever, Dry Cough, Loss of Taste",12.0,3
2023-08-24,Central City,1200000,Normal,Cholera,"Severe Diarrhea, Dehydration",6.0,1
2023-05-10,Star City,500000,Normal,Cholera,"Severe Diarrhea, Dehydration",6.0,0
2023-06-18,Gotham,800000,High Humidity,Influenza,"Fever, Cough, Fatigue",6.0,1
2023-04-28,Metropolis,1000000,High Pollution,Influenza,"Fever, Cough, Fatigue",12.0,2
2023-03-24,Metropolis,1000000,High Pollution,Influenza,"Fever, Cough, Fatigue",9.0,1
2023-09-25,Star City,500000,Normal,Dengue,"High Fever, Joint Pain, Rash",10.0,0
2023-05-03,Metropolis,1000000,High Pollution,Influenza,"Fever, Cough, Fatigue",14.0,3
2023-09-16,Central City,1200000,Normal,Influenza,"Fever, Cough, Fatigue",15.0,1
2023-12-01,Star City,500000,Normal,Typhoid,"High Fever, Abdominal Pain, Weakness",9.0,1
2023-02-18,Star City,500000,Normal,Dengue,"High Fever, Joint Pain, Rash",,0
2023-01-29,Metropolis,1000000,High Pollution,COVID-19,"Fever, Dry Cough, Loss of Taste",12.0,1
2023-07-06,Central City,1200000,Normal,Dengue,"High Fever, Joint Pain, Rash",10.0,2
2023-11-30,Metropolis,1000000,High Pollution,Cholera,"Severe Diarrhea, Dehydration",10.0,1
2023-10-22,Gotham,800000,High Humidity,Cholera,"Severe Diarrhea, Dehydration",10.0,2
2023-09-14,Gotham,800000,High Humidity,Influenza,"Fever, Cough, Fatigue",6.0,0
2023-07-16,Central City,1200000,Normal,Cholera,"Severe Diarrhea, Dehydration",14.0,1
2023-08-26,Metropolis,1000000,High Pollution,Cholera,"Severe Diarrhea, Dehydration",15.0,1
2023-12-13,Central City,1200000,Normal,Dengue,"High Fever, Joint Pain, Rash",5.0,0
2023-03-29,Coast City,600000,Coastal Weather,Influenza,"Fever, Cough, Fatigue",16.0,1
2023-10-06,Star City,500000,Normal,Dengue,"High Fever, Joint Pain, Rash",11.0,2
2023-04-08,Star City,500000,Normal,Dengue,"High Fever, Joint Pain, Rash",8.0,1
2023-06-16,Metropolis,1000000,High Pollution,Cholera,"Severe Diarrhea, Dehydration",16.0,4
2023-05-15,Coast City,600000,Coastal Weather,COVID-19,"Fever, Dry Cough, Loss of Taste",9.0,0
2023-07-19,Coast City,600000,Coastal Weather,Influenza,"Fever, Cough, Fatigue",11.0,0
2023-03-30,Gotham,800000,High Humidity,Influenza,"Fever, Cough, Fatigue",5.0,0
2023-09-26,Gotham,800000,High Humidity,COVID-19,"Fever, Dry Cough, Loss of Taste",18.0,4
2023-09-07,Central City,1200000,Normal,Influenza,"Fever, Cough, Fatigue",15.0,1
2023-12-16,Gotham,800000,High Humidity,Cholera,"Severe Diarrhea, Dehydration",14.0,1
2023-01-29,Central City,1200000,Normal,Influenza,"Fever, Cough, Fatigue",16.0,1
2023-09-11,Central City,1200000,Normal,COVID-19,"Fever, Dry Cough, Loss of Taste",13.0,2
2023-03-29,Star City,500000,Normal,Influenza,"Fever, Cough, Fatigue",12.0,1
2023-04-22,Coast City,600000,Coastal Weather,Dengue,"High Fever, Joint Pain, Rash",10.0,2
2023-12-19,Star City,500000,Normal,Influenza,"Fever, Cough, Fatigue",7.0,1
2023-04-30,Coast City,600000,Coastal Weather,Dengue,"High Fever, Joint Pain, Rash",,0
2023-03-27,Star City,500000,Normal,Typhoid,"High Fever, Abdominal Pain, Weakness",11.0,1
2023-08-23,Star City,500000,Normal,Dengue,"High Fever, Joint Pain, Rash",10.0,1
2023-09-22,Central City,1200000,Normal,Influenza,"Fever, Cough, Fatigue",7.0,0
2023-01-03,Gotham,800000,High Humidity,Influenza,"Fever, Cough, Fatigue",11.0,1
2023-08-09,Coast City,600000,Coastal Weather,Typhoid,"High Fever, Abdominal Pain, Weakness",10.0,2
2023-09-04,Star City,500000,Normal,Typhoid,"High Fever, Abdominal Pain, Weakness",3.0,0
2023-04-23,Coast City,600000,Coastal Weather,Cholera,"Severe Diarrhea, Dehydration",12.0,2
2023-11-18,Gotham,800000,High Humidity,Influenza,"Fever, Cough, Fatigue",7.0,1
2023-01-01,Star City,500000,Normal,Dengue,"High Fever, Joint Pain, Rash",7.0,1
2023-10-14,Metropolis,1000000,High Pollution,Cholera,"Severe Diarrhea, Dehydration",12.0,1
2023-06-02,Metropolis,1000000,High Pollution,COVID-19,"Fever, Dry Cough, Loss of Taste",9.0,1
2023-08-02,Star City,500000,Normal,Cholera,"Severe Diarrhea, Dehydration",13.0,0
2023-08-04,Gotham,800000,High Humidity,Cholera,"Severe Diarrhea, Dehydration",10.0,0
2023-04-02,Coast City,600000,Coastal Weather,Cholera,"Severe Diarrhea, Dehydration",7.0,0
2023-09-21,Metropolis,1000000,High Pollution,Dengue,"High Fever, Joint Pain, Rash",12.0,2
2023-07-23,Coast City,600000,Coastal Weather,Influenza,"Fever, Cough, Fatigue",15.0,1
2023-04-12,Gotham,800000,High Humidity,Dengue,"High Fever, Joint Pain, Rash",8.0,1
2023-06-10,Metropolis,1000000,High Pollution,Cholera,"Severe Diarrhea, Dehydration",10.0,1
2023-11-21,Metropolis,1000000,High Pollution,COVID-19,"Fever, Dry Cough, Loss of Taste",9.0,0
2023-09-11,Star City,500000,Normal,Influenza,"Fever, Cough, Fatigue",12.0,2
2023-05-06,Coast City,600000,Coastal Weather,Typhoid,"High Fever, Abdominal Pain, Weakness",11.0,3
2023-03-29,Coast City,600000,Coastal Weather,Cholera,"Severe Diarrhea, Dehydration",7.0,0
2023-07-28,Coast City,600000,Coastal Weather,Dengue,"High Fever, Joint Pain, Rash",11.0,2
2023-04-16,Star City,500000,Normal,Dengue,"High Fever, Joint Pain, Rash",7.0,0
2023-04-13,Metropolis,1000000,High Pollution,Dengue,"High Fever, Joint Pain, Rash",12.0,3
2023-11-26,Gotham,800000,High Humidity,COVID-19,"Fever, Dry Cough, Loss of Taste",13.0,3
2023-01-28,Central City,1200000,Normal,Cholera,"Severe Diarrhea, Dehydration",9.0,2
2023-10-21,Star City,500000,Normal,Typhoid,"High Fever, Abdominal Pain, Weakness",9.0,2
2023-08-25,Metropolis,1000000,High Pollution,Typhoid,"High Fever, Abdominal Pain, Weakness",8.0,1
2023-05-14,Central City,1200000,Normal,Cholera,"Severe Diarrhea, Dehydration",12.0,2
2023-05-23,Star City,500000,Normal,Typhoid,"High Fever, Abdominal Pain, Weakness",6.0,0
2023-03-14,Central City,1200000,Normal,Dengue,"High Fever, Joint Pain, Rash",,0
2023-08-31,Coast City,600000,Coastal Weather,Dengue,"High Fever, Joint Pain, Rash",4.0,1
2023-02-24,Coast City,600000,Coastal Weather,COVID-19,"Fever, Dry Cough, Loss of Taste",7.0,0
2023-02-09,Central City,1200000,Normal,Cholera,"Severe Diarrhea, Dehydration",14.0,2
2023-02-18,Coast City,600000,Coastal Weather,COVID-19,"Fever, Dry Cough, Loss of Taste",10.0,2
2023-10-28,Metropolis,1000000,High Pollution,Typhoid,"High Fever, Abdominal Pain, Weakness",7.0,0
2023-06-28,Gotham,800000,High Humidity,COVID-19,"Fever, Dry Cough, Loss of Taste",16.0,1
2023-07-30,Star City,500000,Normal,Cholera,"Severe Diarrhea, Dehydration",11.0,2
2023-03-24,Star City,500000,Normal,Influenza,"Fever, Cough, Fatigue",100.0,19
2023-07-01,Coast City,600000,Coastal Weather,Dengue,"High Fever, Joint Pain, Rash",16.0,4
2023-07-19,Central City,1200000,Normal,Influenza,"Fever, Cough, Fatigue",5.0,1
2023-07-23,Gotham,800000,High Humidity,Influenza,"Fever, Cough, Fatigue",6.0,1
2023-01-07,Star City,500000,Normal,Cholera,"Severe Diarrhea, Dehydration",8.0,1
2023-09-05,Star City,500000,Normal,Cholera,"Severe Diarrhea, Dehydration",7.0,0
2023-12-01,Gotham,800000,High Humidity,Cholera,"Severe Diarrhea, Dehydration",77.0,7
2023-03-10,Gotham,800000,High Humidity,Influenza,"Fever, Cough, Fatigue",6.0,1
2023-06-08,Gotham,800000,High Humidity,Influenza,"Fever, Cough, Fatigue",7.0,1
2023-04-10,Central City,1200000,Normal,Cholera,"Severe Diarrhea, Dehydration",12.0,3
2023-06-25,Star City,500000,Normal,Influenza,"Fever, Cough, Fatigue",14.0,3
2023-01-06,Metropolis,1000000,High Pollution,Influenza,"Fever, Cough, Fatigue",156.0,20
2023-08-16,Star City,500000,Normal,Cholera,"Severe Diarrhea, Dehydration",3.0,0
2023-09-05,Star City,500000,Normal,Cholera,"Severe Diarrhea, Dehydration",8.0,1
2023-11-06,Central City,1200000,Normal,Dengue,"High Fever, Joint Pain, Rash",6.0,0
2023-04-30,Coast City,600000,Coastal Weather,Cholera,"Severe Diarrhea, Dehydration",8.0,1
2023-10-25,Star City,500000,Normal,Typhoid,"High Fever, Abdominal Pain, Weakness",13.0,0
2023-03-30,Central City,1200000,Normal,COVID-19,"Fever, Dry Cough, Loss of Taste",5.0,0
2023-03-03,Metropolis,1000000,High Pollution,Influenza,"Fever, Cough, Fatigue",130.0,28
2023-01-29,Central City,1200000,Normal,Influenza,"Fever, Cough, Fatigue",7.0,1
2023-03-30,Gotham,800000,High Humidity,Influenza,"Fever, Cough, Fatigue",10.0,2
2023-08-04,Star City,500000,Normal,COVID-19,"Fever, Dry Cough, Loss of Taste",15.0,2
2023-06-02,Star City,500000,Normal,Dengue,"High Fever, Joint Pain, Rash",10.0,2
2023-03-06,Metropolis,1000000,High Pollution,Typhoid,"High Fever, Abdominal Pain, Weakness",9.0,2
2023-11-23,Gotham,800000,High Humidity,Influenza,"Fever, Cough, Fatigue",12.0,2
2023-05-23,Gotham,800000,High Humidity,Typhoid,"High Fever, Abdominal Pain, Weakness",9.0,0
2023-10-24,Coast City,600000,Coastal Weather,Cholera,"Severe Diarrhea, Dehydration",7.0,0
2023-09-18,Metropolis,1000000,High Pollution,Typhoid,"High Fever, Abdominal Pain, Weakness",11.0,0
2023-01-08,Metropolis,1000000,High Pollution,Typhoid,"High Fever, Abdominal Pain, Weakness",8.0,1
2023-11-27,Central City,1200000,Normal,Influenza,"Fever, Cough, Fatigue",9.0,0
2023-03-08,Central City,1200000,Normal,Typhoid,"High Fever, Abdominal Pain, Weakness",9.0,2
2023-07-24,Metropolis,1000000,High Pollution,Cholera,"Severe Diarrhea, Dehydration",11.0,3
2023-04-11,Gotham,800000,High Humidity,Cholera,"Severe Diarrhea, Dehydration",6.0,1
2023-02-13,Gotham,800000,High Humidity,Dengue,"High Fever, Joint Pain, Rash",10.0,2
2023-11-16,Gotham,800000,High Humidity,Influenza,"Fever, Cough, Fatigue",9.0,2
2023-08-27,Central City,1200000,Normal,COVID-19,"Fever, Dry Cough, Loss of Taste",8.0,0
2023-04-13,Coast City,600000,Coastal Weather,Cholera,"Severe Diarrhea, Dehydration",9.0,0
2023-05-12,Gotham,800000,High Humidity,Influenza,"Fever, Cough, Fatigue",14.0,1
2023-12-06,Star City,500000,Normal,Influenza,"Fever, Cough, Fatigue",14.0,2
2023-04-08,Gotham,800000,High Humidity,Cholera,"Severe Diarrhea, Dehydration",14.0,4
2023-06-12,Coast City,600000,Coastal Weather,Typhoid,"High Fever, Abdominal Pain, Weakness",8.0,1
2023-10-23,Metropolis,1000000,High Pollution,Cholera,"Severe Diarrhea, Dehydration",11.0,2
2023-02-08,Central City,1200000,Normal,Typhoid,"High Fever, Abdominal Pain, Weakness",14.0,0
2023-07-19,Star City,500000,Normal,Dengue,"High Fever, Joint Pain, Rash",12.0,1
2023-10-23,Metropolis,1000000,High Pollution,COVID-19,"Fever, Dry Cough, Loss of Taste",228.0,67
2023-02-13,Metropolis,1000000,High Pollution,Cholera,"Severe Diarrhea, Dehydration",8.0,0
2023-10-01,Star City,500000,Normal,Dengue,"High Fever, Joint Pain, Rash",14.0,3
2023-10-22,Gotham,800000,High Humidity,COVID-19,"Fever, Dry Cough, Loss of Taste",9.0,1
2023-08-16,Star City,500000,Normal,COVID-19,"Fever, Dry Cough, Loss of Taste",17.0,4
2023-12-22,Coast City,600000,Coastal Weather,Typhoid,"High Fever, Abdominal Pain, Weakness",9.0,0
2023-07-12,Coast City,600000,Coastal Weather,Influenza,"Fever, Cough, Fatigue",9.0,2
2023-07-21,Coast City,600000,Coastal Weather,Cholera,"Severe Diarrhea, Dehydration",10.0,0
2023-08-14,Coast City,600000,Coastal Weather,Dengue,"High Fever, Joint Pain, Rash",14.0,3
2023-01-09,Coast City,600000,Coastal Weather,Typhoid,"High Fever, Abdominal Pain, Weakness",144.0,13
2023-12-27,Gotham,800000,High Humidity,Influenza,"Fever, Cough, Fatigue",11.0,1
2023-05-17,Star City,500000,Normal,Cholera,"Severe Diarrhea, Dehydration",7.0,1
2023-12-23,Gotham,800000,High Humidity,Influenza,"Fever, Cough, Fatigue",14.0,1
2023-04-20,Coast City,600000,Coastal Weather,Dengue,"High Fever, Joint Pain, Rash",7.0,1
2023-01-02,Metropolis,1000000,High Pollution,COVID-19,"Fever, Dry Cough, Loss of Taste",17.0,4
2023-03-03,Gotham,800000,High Humidity,Influenza,"Fever, Cough, Fatigue",10.0,1
2023-10-26,Central City,1200000,Normal,Typhoid,"High Fever, Abdominal Pain, Weakness",15.0,3
2023-09-20,Coast City,600000,Coastal Weather,Influenza,"Fever, Cough, Fatigue",13.0,2
2023-04-14,Gotham,800000,High Humidity,COVID-19,"Fever, Dry Cough, Loss of Taste",9.0,0
2023-05-20,Metropolis,1000000,High Pollution,COVID-19,"Fever, Dry Cough, Loss of Taste",8.0,1
2023-06-26,Metropolis,1000000,High Pollution,Typhoid,"High Fever, Abdominal Pain, Weakness",9.0,2
2023-07-06,Gotham,800000,High Humidity,Cholera,"Severe Diarrhea, Dehydration",12.0,2
2023-09-08,Coast City,600000,Coastal Weather,Cholera,"Severe Diarrhea, Dehydration",11.0,1
2023-05-25,Star City,500000,Normal,Typhoid,"High Fever, Abdominal Pain, Weakness",7.0,1
2023-01-10,Coast City,600000,Coastal Weather,Typhoid,"High Fever, Abdominal Pain, Weakness",12.0,0
2023-10-09,Metropolis,1000000,High Pollution,Typhoid,"High Fever, Abdominal Pain, Weakness",9.0,0
2023-04-30,Central City,1200000,Normal,Influenza,"Fever, Cough, Fatigue",8.0,1
2023-06-29,Central City,1200000,Normal,Cholera,"Severe Diarrhea, Dehydration",15.0,3
2023-01-18,Central City,1200000,Normal,Dengue,"High Fever, Joint Pain, Rash",9.0,1
2023-07-15,Gotham,800000,High Humidity,Influenza,"Fever, Cough, Fatigue",8.0,0
2023-05-23,Gotham,800000,High Humidity,COVID-19,"Fever, Dry Cough, Loss of Taste",7.0,1
2023-10-04,Coast City,600000,Coastal Weather,COVID-19,"Fever, Dry Cough, Loss of Taste",7.0,1
2023-06-07,Coast City,600000,Coastal Weather,Cholera,"Severe Diarrhea, Dehydration",12.0,3
2023-03-22,Central City,1200000,Normal,Influenza,"Fever, Cough, Fatigue",10.0,0
2023-01-24,Coast City,600000,Coastal Weather,Typhoid,"High Fever, Abdominal Pain, Weakness",8.0,0
2023-06-18,Star City,500000,Normal,COVID-19,"Fever, Dry Cough, Loss of Taste",6.0,1
2023-03-05,Metropolis,1000000,High Pollution,Typhoid,"High Fever, Abdominal Pain, Weakness",11.0,1
2023-03-17,Star City,500000,Normal,COVID-19,"Fever, Dry Cough, Loss of Taste",6.0,1
2023-04-07,Central City,1200000,Normal,Cholera,"Severe Diarrhea, Dehydration",9.0,0
2023-01-16,Central City,1200000,Normal,Typhoid,"High Fever, Abdominal Pain, Weakness",11.0,1
2023-02-02,Metropolis,1000000,High Pollution,Influenza,"Fever, Cough, Fatigue",96.0,21
2023-04-08,Metropolis,1000000,High Pollution,Typhoid,"High Fever, Abdominal Pain, Weakness",13.0,2
2023-09-22,Star City,500000,Normal,Typhoid,"High Fever, Abdominal Pain, Weakness",9.0,2
2023-08-21,Metropolis,1000000,High Pollution,Influenza,"Fever, Cough, Fatigue",,0
2023-08-05,Star City,500000,Normal,Typhoid,"High Fever, Abdominal Pain, Weakness",6.0,1
2023-06-12,Coast City,600000,Coastal Weather,Cholera,"Severe Diarrhea, Dehydration",10.0,1
2023-03-29,Metropolis,1000000,High Pollution,Cholera,"Severe Diarrhea, Dehydration",11.0,2
2023-07-15,Metropolis,1000000,High Pollution,Influenza,"Fever, Cough, Fatigue",10.0,1
2023-01-16,Gotham,800000,High Humidity,Dengue,"High Fever, Joint Pain, Rash",7.0,1
2023-09-11,Star City,500000,Normal,Dengue,"High Fever, Joint Pain, Rash",10.0,2
2023-02-04,Star City,500000,Normal,Typhoid,"High Fever, Abdominal Pain, Weakness",14.0,1
2023-11-19,Gotham,800000,High Humidity,Influenza,"Fever, Cough, Fatigue",10.0,2
2023-11-29,Metropolis,1000000,High Pollution,Typhoid,"High Fever, Abdominal Pain, Weakness",9.0,0
2023-12-25,Gotham,800000,High Humidity,Cholera,"Severe Diarrhea, Dehydration",14.0,3
2023-02-23,Gotham,800000,High Humidity,Typhoid,"High Fever, Abdominal Pain, Weakness",8.0,1
2023-01-12,Star City,500000,Normal,Influenza,"Fever, Cough, Fatigue",7.0,1
2023-12-02,Coast City,600000,Coastal Weather,Typhoid,"High Fever, Abdominal Pain, Weakness",10.0,0
2023-06-13,Star City,500000,Normal,Influenza,"Fever, Cough, Fatigue",10.0,0
2023-08-12,Coast City,600000,Coastal Weather,COVID-19,"Fever, Dry Cough, Loss of Taste",5.0,0
2023-04-13,Coast City,600000,Coastal Weather,Dengue,"High Fever, Joint Pain, Rash",12.0,1
2023-06-07,Metropolis,1000000,High Pollution,Influenza,"Fever, Cough, Fatigue",11.0,0
2023-06-13,Star City,500000,Normal,Typhoid,"High Fever, Abdominal Pain, Weakness",9.0,0
2023-08-29,Central City,1200000,Normal,Cholera,"Severe Diarrhea, Dehydration",4.0,0
2023-02-13,Gotham,800000,High Humidity,COVID-19,"Fever, Dry Cough, Loss of Taste",216.0,11
2023-12-18,Star City,500000,Normal,Cholera,"Severe Diarrhea, Dehydration",10.0,2
2023-06-22,Coast City,600000,Coastal Weather,Typhoid,"High Fever, Abdominal Pain, Weakness",9.0,1
2023-08-28,Metropolis,1000000,High Pollution,Dengue,"High Fever, Joint Pain, Rash",130.0,16
2023-08-07,Gotham,800000,High Humidity,Dengue,"High Fever, Joint Pain, Rash",9.0,1
2023-12-02,Coast City,600000,Coastal Weather,Dengue,"High Fever, Joint Pain, Rash",11.0,1
2023-08-02,Gotham,800000,High Humidity,COVID-19,"Fever, Dry Cough, Loss of Taste",9.0,1
2023-05-29,Metropolis,1000000,High Pollution,Dengue,"High Fever, Joint Pain, Rash",15.0,3
2023-09-14,Metropolis,1000000,High Pollution,Influenza,"Fever, Cough, Fatigue",11.0,1
2023-04-21,Central City,1200000,Normal,Typhoid,"High Fever, Abdominal Pain, Weakness",10.0,0
2023-02-17,Gotham,800000,High Humidity,Dengue,"High Fever, Joint Pain, Rash",8.0,1
2023-11-20,Central City,1200000,Normal,Influenza,"Fever, Cough, Fatigue",13.0,0
2023-05-14,Gotham,800000,High Humidity,Influenza,"Fever, Cough, Fatigue",8.0,0
2023-11-19,Gotham,800000,High Humidity,Influenza,"Fever, Cough, Fatigue",9.0,0
2023-05-27,Coast City,600000,Coastal Weather,Dengue,"High Fever, Joint Pain, Rash",11.0,3
2023-04-29,Metropolis,1000000,High Pollution,COVID-19,"Fever, Dry Cough, Loss of Taste",11.0,2
2023-09-27,Metropolis,1000000,High Pollution,Cholera,"Severe Diarrhea, Dehydration",8.0,0
2023-05-18,Coast City,600000,Coastal Weather,Influenza,"Fever, Cough, Fatigue",9.0,2
2023-11-01,Metropolis,1000000,High Pollution,Cholera,"Severe Diarrhea, Dehydration",7.0,0
2023-10-01,Coast City,600000,Coastal Weather,Dengue,"High Fever, Joint Pain, Rash",15.0,2
2023-09-15,Star City,500000,Normal,Influenza,"Fever, Cough, Fatigue",14.0,3
2023-07-21,Star City,500000,Normal,Influenza,"Fever, Cough, Fatigue",14.0,1
2023-02-19,Metropolis,1000000,High Pollution,Dengue,"High Fever, Joint Pain, Rash",8.0,0
2023-08-04,Star City,500000,Normal,COVID-19,"Fever, Dry Cough, Loss of Taste",10.0,2
2023-06-28,Star City,500000,Normal,COVID-19,"Fever, Dry Cough, Loss of Taste",12.0,2
2023-12-15,Metropolis,1000000,High Pollution,Dengue,"High Fever, Joint Pain, Rash",17.0,2
2023-11-24,Metropolis,1000000,High Pollution,Dengue,"High Fever, Joint Pain, Rash",10.0,1
2023-07-12,Gotham,800000,High Humidity,Dengue,"High Fever, Joint Pain, Rash",11.0,2
2023-01-12,Star City,500000,Normal,Typhoid,"High Fever, Abdominal Pain, Weakness",11.0,2
2023-04-30,Metropolis,1000000,High Pollution,COVID-19,"Fever, Dry Cough, Loss of Taste",10.0,2
2023-11-05,Coast City,600000,Coastal Weather,Typhoid,"High Fever, Abdominal Pain, Weakness",9.0,1
2023-08-20,Metropolis,1000000,High Pollution,Typhoid,"High Fever, Abdominal Pain, Weakness",13.0,1
2023-09-25,Metropolis,1000000,High Pollution,Influenza,"Fever, Cough, Fatigue",10.0,1
2023-07-07,Metropolis,1000000,High Pollution,Influenza,"Fever, Cough, Fatigue",12.0,1
2023-03-27,Star City,500000,Normal,COVID-19,"Fever, Dry Cough, Loss of Taste",13.0,1
2023-04-20,Gotham,800000,High Humidity,Typhoid,"High Fever, Abdominal Pain, Weakness",12.0,0
2023-07-21,Coast City,600000,Coastal Weather,Influenza,"Fever, Cough, Fatigue",8.0,2
2023-09-20,Coast City,600000,Coastal Weather,COVID-19,"Fever, Dry Cough, Loss of Taste",7.0,0
2023-01-03,Coast City,600000,Coastal Weather,Typhoid,"High Fever, Abdominal Pain, Weakness",7.0,1
2023-10-25,Star City,500000,Normal,Dengue,"High Fever, Joint Pain, Rash",15.0,4
2023-05-25,Gotham,800000,High Humidity,COVID-19,"Fever, Dry Cough, Loss of Taste",52.0,6
2023-01-27,Metropolis,1000000,High Pollution,Dengue,"High Fever, Joint Pain, Rash",7.0,1
2023-02-26,Gotham,800000,High Humidity,Typhoid,"High Fever, Abdominal Pain, Weakness",8.0,1
2023-06-28,Gotham,800000,High Humidity,Dengue,"High Fever, Joint Pain, Rash",10.0,2
2023-12-31,Coast City,600000,Coastal Weather,Cholera,"Severe Diarrhea, Dehydration",11.0,0
2023-08-16,Coast City,600000,Coastal Weather,COVID-19,"Fever, Dry Cough, Loss of Taste",11.0,1
2023-02-18,Central City,1200000,Normal,Dengue,"High Fever, Joint Pain, Rash",16.0,1
2023-09-21,Coast City,600000,Coastal Weather,Influenza,"Fever, Cough, Fatigue",14.0,4
2023-07-12,Metropolis,1000000,High Pollution,Typhoid,"High Fever, Abdominal Pain, Weakness",5.0,1
2023-01-10,Gotham,800000,High Humidity,Influenza,"Fever, Cough, Fatigue",9.0,1
2023-09-23,Metropolis,1000000,High Pollution,Dengue,"High Fever, Joint Pain, Rash",152.0,45
2023-03-08,Coast City,600000,Coastal Weather,Cholera,"Severe Diarrhea, Dehydration",5.0,1
2023-10-10,Gotham,800000,High Humidity,Cholera,"Severe Diarrhea, Dehydration",,0
2023-04-30,Star City,500000,Normal,Dengue,"High Fever, Joint Pain, Rash",9.0,1
2023-07-16,Star City,500000,Normal,Cholera,"Severe Diarrhea, Dehydration",7.0,1
2023-01-20,Metropolis,1000000,High Pollution,Dengue,"High Fever, Joint Pain, Rash",9.0,2
2023-03-12,Star City,500000,Normal,Influenza,"Fever, Cough, Fatigue",10.0,2
2023-07-04,Star City,500000,Normal,Dengue,"High Fever, Joint Pain, Rash",209.0,28
2023-01-27,Central City,1200000,Normal,Typhoid,"High Fever, Abdominal Pain, Weakness",11.0,1
2023-10-02,Metropolis,1000000,High Pollution,Cholera,"Severe Diarrhea, Dehydration",,0
2023-10-31,Gotham,800000,High Humidity,Influenza,"Fever, Cough, Fatigue",9.0,0
2023-09-06,Gotham,800000,High Humidity,Influenza,"Fever, Cough, Fatigue",11.0,2
2023-12-01,Metropolis,1000000,High Pollution,Cholera,"Severe Diarrhea, Dehydration",12.0,1
2023-06-29,Gotham,800000,High Humidity,Influenza,"Fever, Cough, Fatigue",16.0,4
2023-05-28,Metropolis,1000000,High Pollution,Typhoid,"High Fever, Abdominal Pain, Weakness",10.0,1
2023-07-10,Central City,1200000,Normal,COVID-19,"Fever, Dry Cough, Loss of Taste",6.0,0
2023-08-02,Central City,1200000,Normal,Influenza,"Fever, Cough, Fatigue",12.0,1
2023-08-24,Central City,1200000,Normal,Typhoid,"High Fever, Abdominal Pain, Weakness",8.0,0
2023-11-17,Gotham,800000,High Humidity,COVID-19,"Fever, Dry Cough, Loss of Taste",7.0,0
2023-01-13,Star City,500000,Normal,Cholera,"Severe Diarrhea, Dehydration",120.0,6
2023-07-24,Central City,1200000,Normal,Dengue,"High Fever, Joint Pain, Rash",6.0,0
2023-01-24,Coast City,600000,Coastal Weather,Influenza,"Fever, Cough, Fatigue",16.0,1
2023-04-24,Central City,1200000,Normal,COVID-19,"Fever, Dry Cough, Loss of Taste",128.0,32
2023-10-09,Gotham,800000,High Humidity,COVID-19,"Fever, Dry Cough, Loss of Taste",8.0,1
2023-09-27,Central City,1200000,Normal,Typhoid,"High Fever, Abdominal Pain, Weakness",7.0,1
2023-05-05,Coast City,600000,Coastal Weather,Typhoid,"High Fever, Abdominal Pain, Weakness",12.0,1
2023-01-18,Gotham,800000,High Humidity,Dengue,"High Fever, Joint Pain, Rash",8.0,2
2023-10-16,Metropolis,1000000,High Pollution,COVID-19,"Fever, Dry Cough, Loss of Taste",136.0,35
2023-12-22,Coast City,600000,Coastal Weather,Typhoid,"High Fever, Abdominal Pain, Weakness",,0
2023-10-18,Metropolis,1000000,High Pollution,Dengue,"High Fever, Joint Pain, Rash",128.0,10
2023-03-23,Coast City,600000,Coastal Weather,Influenza,"Fever, Cough, Fatigue",9.0,1
2023-10-25,Coast City,600000,Coastal Weather,Cholera,"Severe Diarrhea, Dehydration",8.0,2
2023-11-05,Coast City,600000,Coastal Weather,Typhoid,"High Fever, Abdominal Pain, Weakness",8.0,0
2023-08-06,Central City,1200000,Normal,COVID-19,"Fever, Dry Cough, Loss of Taste",12.0,1
2023-09-15,Metropolis,1000000,High Pollution,COVID-19,"Fever, Dry Cough, Loss of Taste",,0
2023-01-23,Coast City,600000,Coastal Weather,COVID-19,"Fever, Dry Cough, Loss of Taste",15.0,3
2023-06-26,Metropolis,1000000,High Pollution,Typhoid,"High Fever, Abdominal Pain, Weakness",17.0,1
2023-02-16,Coast City,600000,Coastal Weather,Cholera,"Severe Diarrhea, Dehydration",10.0,2
2023-11-23,Metropolis,1000000,High Pollution,Typhoid,"High Fever, Abdominal Pain, Weakness",285.0,52
2023-10-05,Gotham,800000,High Humidity,Cholera,"Severe Diarrhea, Dehydration",8.0,0
2023-03-02,Metropolis,1000000,High Pollution,Influenza,"Fever, Cough, Fatigue",,0
2023-05-11,Gotham,800000,High Humidity,Cholera,"Severe Diarrhea, Dehydration",7.0,1
2023-07-27,Metropolis,1000000,High Pollution,Dengue,"High Fever, Joint Pain, Rash",8.0,0
2023-07-06,Star City,500000,Normal,Cholera,"Severe Diarrhea, Dehydration",7.0,0
2023-08-31,Metropolis,1000000,High Pollution,Influenza,"Fever, Cough, Fatigue",13.0,2
2023-12-20,Gotham,800000,High Humidity,Cholera,"Severe Diarrhea, Dehydration",7.0,1
2023-06-21,Gotham,800000,High Humidity,Cholera,"Severe Diarrhea, Dehydration",8.0,2
2023-07-06,Central City,1200000,Normal,Dengue,"High Fever, Joint Pain, Rash",8.0,2
2023-07-06,Coast City,600000,Coastal Weather,Cholera,"Severe Diarrhea, Dehydration",6.0,0
2023-01-30,Metropolis,1000000,High Pollution,Typhoid,"High Fever, Abdominal Pain, Weakness",120.0,22
2023-07-31,Central City,1200000,Normal,Influenza,"Fever, Cough, Fatigue",8.0,1
2023-08-20,Central City,1200000,Normal,COVID-19,"Fever, Dry Cough, Loss of Taste",15.0,3
2023-12-13,Coast City,600000,Coastal Weather,Typhoid,"High Fever, Abdominal Pain, Weakness",10.0,0
2023-04-06,Metropolis,1000000,High Pollution,Typhoid,"High Fever, Abdominal Pain, Weakness",9.0,2
2023-04-15,Star City,500000,Normal,Dengue,"High Fever, Joint Pain, Rash",6.0,0
2023-03-28,Coast City,600000,Coastal Weather,Typhoid,"High Fever, Abdominal Pain, Weakness",13.0,1
2023-09-24,Star City,500000,Normal,Influenza,"Fever, Cough, Fatigue",9.0,2
2023-01-06,Metropolis,1000000,High Pollution,COVID-19,"Fever, Dry Cough, Loss of Taste",70.0,5
2023-09-21,Star City,500000,Normal,Dengue,"High Fever, Joint Pain, Rash",9.0,1
2023-04-25,Central City,1200000,Normal,Dengue,"High Fever, Joint Pain, Rash",13.0,2
2023-10-30,Gotham,800000,High Humidity,COVID-19,"Fever, Dry Cough, Loss of Taste",8.0,0
2023-11-15,Central City,1200000,Normal,Dengue,"High Fever, Joint Pain, Rash",11.0,2
2023-08-05,Metropolis,1000000,High Pollution,Influenza,"Fever, Cough, Fatigue",10.0,2
2023-01-02,Gotham,800000,High Humidity,COVID-19,"Fever, Dry Cough, Loss of Taste",18.0,2
2023-06-03,Gotham,800000,High Humidity,COVID-19,"Fever, Dry Cough, Loss of Taste",14.0,4
2023-09-10,Metropolis,1000000,High Pollution,Cholera,"Severe Diarrhea, Dehydration",8.0,1
2023-12-23,Central City,1200000,Normal,Influenza,"Fever, Cough, Fatigue",5.0,1
2023-03-27,Metropolis,1000000,High Pollution,Dengue,"High Fever, Joint Pain, Rash",9.0,2
2023-01-13,Metropolis,1000000,High Pollution,Cholera,"Severe Diarrhea, Dehydration",8.0,2
2023-03-10,Central City,1200000,Normal,Cholera,"Severe Diarrhea, Dehydration",11.0,2
2023-04-21,Gotham,800000,High Humidity,Dengue,"High Fever, Joint Pain, Rash",7.0,1
2023-05-05,Star City,500000,Normal,Dengue,"High Fever, Joint Pain, Rash",9.0,1
2023-02-26,Gotham,800000,High Humidity,Typhoid,"High Fever, Abdominal Pain, Weakness",7.0,0
2023-10-16,Central City,1200000,Normal,Dengue,"High Fever, Joint Pain, Rash",7.0,1
2023-06-11,Coast City,600000,Coastal Weather,Influenza,"Fever, Cough, Fatigue",8.0,1
2023-05-08,Gotham,800000,High Humidity,Typhoid,"High Fever, Abdominal Pain, Weakness",9.0,2
2023-02-21,Metropolis,1000000,High Pollution,Dengue,"High Fever, Joint Pain, Rash",6.0,1
2023-06-07,Central City,1200000,Normal,COVID-19,"Fever, Dry Cough, Loss of Taste",4.0,0
2023-12-04,Central City,1200000,Normal,Influenza,"Fever, Cough, Fatigue",11.0,2
2023-11-13,Gotham,800000,High Humidity,Influenza,"Fever, Cough, Fatigue",5.0,0
2023-06-02,Gotham,800000,High Humidity,Dengue,"High Fever, Joint Pain, Rash",10.0,1
2023-07-21,Star City,500000,Normal,Influenza,"Fever, Cough, Fatigue",8.0,1
2023-02-24,Coast City,600000,Coastal Weather,COVID-19,"Fever, Dry Cough, Loss of Taste",17.0,2
2023-01-18,Star City,500000,Normal,Typhoid,"High Fever, Abdominal Pain, Weakness",8.0,0
2023-12-23,Coast City,600000,Coastal Weather,Influenza,"Fever, Cough, Fatigue",13.0,2
2023-10-29,Central City,1200000,Normal,Influenza,"Fever, Cough, Fatigue",8.0,0
2023-08-08,Metropolis,1000000,High Pollution,Typhoid,"High Fever, Abdominal Pain, Weakness",11.0,3
2023-06-16,Coast City,600000,Coastal Weather,COVID-19,"Fever, Dry Cough, Loss of Taste",7.0,1
2023-01-19,Central City,1200000,Normal,COVID-19,"Fever, Dry Cough, Loss of Taste",9.0,2
2023-12-20,Gotham,800000,High Humidity,Influenza,"Fever, Cough, Fatigue",11.0,2
2023-08-19,Central City,1200000,Normal,COVID-19,"Fever, Dry Cough, Loss of Taste",4.0,0
2023-08-31,Gotham,800000,High Humidity,Dengue,"High Fever, Joint Pain, Rash",6.0,1
2023-12-15,Star City,500000,Normal,Cholera,"Severe Diarrhea, Dehydration",12.0,0
2023-04-05,Gotham,800000,High Humidity,Influenza,"Fever, Cough, Fatigue",11.0,1
2023-06-23,Central City,1200000,Normal,Typhoid,"High Fever, Abdominal Pain, Weakness",11.0,1
2023-09-07,Star City,500000,Normal,Influenza,"Fever, Cough, Fatigue",6.0,0
2023-04-22,Central City,1200000,Normal,Cholera,"Severe Diarrhea, Dehydration",11.0,2
2023-12-01,Gotham,800000,High Humidity,Cholera,"Severe Diarrhea, Dehydration",13.0,2
2023-12-11,Coast City,600000,Coastal Weather,Dengue,"High Fever, Joint Pain, Rash",10.0,0
2023-04-16,Coast City,600000,Coastal Weather,Cholera,"Severe Diarrhea, Dehydration",11.0,0
2023-05-23,Gotham,800000,High Humidity,Cholera,"Severe Diarrhea, Dehydration",10.0,1
2023-08-19,Gotham,800000,High Humidity,Influenza,"Fever, Cough, Fatigue",6.0,1
2023-08-29,Gotham,800000,High Humidity,Typhoid,"High Fever, Abdominal Pain, Weakness",9.0,0
2023-07-08,Star City,500000,Normal,COVID-19,"Fever, Dry Cough, Loss of Taste",10.0,2
2023-03-21,Metropolis,1000000,High Pollution,Cholera,"Severe Diarrhea, Dehydration",7.0,1
2023-10-27,Metropolis,1000000,High Pollution,Influenza,"Fever, Cough, Fatigue",8.0,2
2023-11-19,Coast City,600000,Coastal Weather,Cholera,"Severe Diarrhea, Dehydration",15.0,3
2023-02-26,Star City,500000,Normal,COVID-19,"Fever, Dry Cough, Loss of Taste",119.0,21
2023-11-06,Gotham,800000,High Humidity,COVID-19,"Fever, Dry Cough, Loss of Taste",13.0,2
2023-06-29,Metropolis,1000000,High Pollution,COVID-19,"Fever, Dry Cough, Loss of Taste",9.0,0
2023-03-07,Star City,500000,Normal,Typhoid,"High Fever, Abdominal Pain, Weakness",11.0,1
2023-12-04,Star City,500000,Normal,Dengue,"High Fever, Joint Pain, Rash",14.0,2
2023-01-17,Central City,1200000,Normal,Cholera,"Severe Diarrhea, Dehydration",10.0,2
2023-06-20,Metropolis,1000000,High Pollution,COVID-19,"Fever, Dry Cough, Loss of Taste",5.0,1
2023-08-30,Metropolis,1000000,High Pollution,Dengue,"High Fever, Joint Pain, Rash",8.0,1
2023-09-27,Gotham,800000,High Humidity,Influenza,"Fever, Cough, Fatigue",7.0,1
2023-08-14,Central City,1200000,Normal,Dengue,"High Fever, Joint Pain, Rash",10.0,2
2023-01-19,Metropolis,1000000,High Pollution,Dengue,"High Fever, Joint Pain, Rash",8.0,1
2023-07-07,Gotham,800000,High Humidity,Typhoid,"High Fever, Abdominal Pain, Weakness",1.0,0
2023-01-27,Coast City,600000,Coastal Weather,Typhoid,"High Fever, Abdominal Pain, Weakness",10.0,1
2023-12-09,Gotham,800000,High Humidity,Dengue,"High Fever, Joint Pain, Rash",15.0,1
2023-08-18,Coast City,600000,Coastal Weather,Typhoid,"High Fever, Abdominal Pain, Weakness",7.0,0
2023-08-21,Gotham,800000,High Humidity,Typhoid,"High Fever, Abdominal Pain, Weakness",10.0,1
2023-03-18,Gotham,800000,High Humidity,COVID-19,"Fever, Dry Cough, Loss of Taste",7.0,1
2023-02-03,Gotham,800000,High Humidity,COVID-19,"Fever, Dry Cough, Loss of Taste",5.0,0
2023-05-26,Gotham,800000,High Humidity,Cholera,"Severe Diarrhea, Dehydration",10.0,2
2023-02-17,Central City,1200000,Normal,COVID-19,"Fever, Dry Cough, Loss of Taste",8.0,0
2023-03-16,Gotham,800000,High Humidity,Influenza,"Fever, Cough, Fatigue",10.0,0
2023-02-27,Star City,500000,Normal,COVID-19,"Fever, Dry Cough, Loss of Taste",,0
2023-11-01,Central City,1200000,Normal,Cholera,"Severe Diarrhea, Dehydration",7.0,1
2023-02-21,Central City,1200000,Normal,Dengue,"High Fever, Joint Pain, Rash",8.0,0
2023-02-16,Central City,1200000,Normal,Typhoid,"High Fever, Abdominal Pain, Weakness",13.0,3
2023-08-15,Metropolis,1000000,High Pollution,Influenza,"Fever, Cough, Fatigue",8.0,1
2023-05-25,Star City,500000,Normal,Influenza,"Fever, Cough, Fatigue",13.0,1
2023-02-27,Metropolis,1000000,High Pollution,Cholera,"Severe Diarrhea, Dehydration",8.0,2
2023-12-06,Star City,500000,Normal,Dengue,"High Fever, Joint Pain, Rash",13.0,3
2023-02-18,Star City,500000,Normal,COVID-19,"Fever, Dry Cough, Loss of Taste",10.0,1
2023-04-06,Coast City,600000,Coastal Weather,COVID-19,"Fever, Dry Cough, Loss of Taste",12.0,3
2023-07-19,Coast City,600000,Coastal Weather,Typhoid,"High Fever, Abdominal Pain, Weakness",11.0,1
2023-07-18,Coast City,600000,Coastal Weather,Typhoid,"High Fever, Abdominal Pain, Weakness",11.0,1
2023-05-19,Gotham,800000,High Humidity,Typhoid,"High Fever, Abdominal Pain, Weakness",13.0,3
2023-10-09,Central City,1200000,Normal,Cholera,"Severe Diarrhea, Dehydration",8.0,1
2023-03-14,Gotham,800000,High Humidity,COVID-19,"Fever, Dry Cough, Loss of Taste",7.0,1
2023-09-04,Gotham,800000,High Humidity,COVID-19,"Fever, Dry Cough, Loss of Taste",4.0,0
2023-08-24,Metropolis,1000000,High Pollution,Dengue,"High Fever, Joint Pain, Rash",10.0,2
2023-03-15,Star City,500000,Normal,Typhoid,"High Fever, Abdominal Pain, Weakness",13.0,3
2023-03-11,Coast City,600000,Coastal Weather,Cholera,"Severe Diarrhea, Dehydration",6.0,0
2023-12-02,Gotham,800000,High Humidity,COVID-19,"Fever, Dry Cough, Loss of Taste",6.0,0
2023-08-29,Coast City,600000,Coastal Weather,Dengue,"High Fever, Joint Pain, Rash",5.0,1
2023-05-23,Central City,1200000,Normal,Dengue,"High Fever, Joint Pain, Rash",11.0,0
2023-10-17,Central City,1200000,Normal,Dengue,"High Fever, Joint Pain, Rash",16.0,3
2023-01-04,Gotham,800000,High Humidity,COVID-19,"Fever, Dry Cough, Loss of Taste",12.0,2
2023-06-30,Metropolis,1000000,High Pollution,Dengue,"High Fever, Joint Pain, Rash",13.0,2
2023-06-24,Star City,500000,Normal,Typhoid,"High Fever, Abdominal Pain, Weakness",10.0,1
2023-02-01,Coast City,600000,Coastal Weather,COVID-19,"Fever, Dry Cough, Loss of Taste",11.0,0
2023-12-18,Central City,1200000,Normal,Influenza,"Fever, Cough, Fatigue",126.0,8
2023-02-17,Metropolis,1000000,High Pollution,Influenza,"Fever, Cough, Fatigue",16.0,1
2023-12-06,Coast City,600000,Coastal Weather,Dengue,"High Fever, Joint Pain, Rash",8.0,1
2023-10-31,Gotham,800000,High Humidity,Typhoid,"High Fever, Abdominal Pain, Weakness",11.0,2
2023-05-27,Star City,500000,Normal,Typhoid,"High Fever, Abdominal Pain, Weakness",18.0,4
2023-03-07,Gotham,800000,High Humidity,Typhoid,"High Fever, Abdominal Pain, Weakness",6.0,0
2023-07-31,Star City,500000,Normal,Cholera,"Severe Diarrhea, Dehydration",12.0,2
2023-09-12,Gotham,800000,High Humidity,Dengue,"High Fever, Joint Pain, Rash",12.0,2
2023-10-19,Star City,500000,Normal,Cholera,"Severe Diarrhea, Dehydration",9.0,2
2023-07-08,Metropolis,1000000,High Pollution,Dengue,"High Fever, Joint Pain, Rash",15.0,1
2023-08-01,Star City,500000,Normal,Influenza,"Fever, Cough, Fatigue",9.0,2
2023-10-10,Star City,500000,Normal,Typhoid,"High Fever, Abdominal Pain, Weakness",11.0,2
2023-12-24,Metropolis,1000000,High Pollution,Dengue,"High Fever, Joint Pain, Rash",,0
2023-09-15,Coast City,600000,Coastal Weather,Typhoid,"High Fever, Abdominal Pain, Weakness",9.0,2
2023-06-12,Central City,1200000,Normal,COVID-19,"Fever, Dry Cough, Loss of Taste",8.0,1
2023-10-19,Metropolis,1000000,High Pollution,Cholera,"Severe Diarrhea, Dehydration",10.0,1
2023-05-26,Gotham,800000,High Humidity,Dengue,"High Fever, Joint Pain, Rash",9.0,1
2023-09-14,Central City,1200000,Normal,Dengue,"High Fever, Joint Pain, Rash",12.0,2
2023-11-14,Gotham,800000,High Humidity,COVID-19,"Fever, Dry Cough, Loss of Taste",55.0,14
2023-04-16,Coast City,600000,Coastal Weather,Cholera,"Severe Diarrhea, Dehydration",11.0,2
2023-01-15,Star City,500000,Normal,Influenza,"Fever, Cough, Fatigue",5.0,1
16/12/2023,Gotham,800000,High Humidity,Influenza,"Fever, Cough, Fatigue",10.0,2
2023-03-30,Coast City,600000,Coastal Weather,COVID-19,"Fever, Dry Cough, Loss of Taste",18.0,2
2023-06-18,Star City,500000,Normal,Typhoid,"High Fever, Abdominal Pain, Weakness",9.0,0
2023-12-13,Metropolis,1000000,High Pollution,COVID-19,"Fever, Dry Cough, Loss of Taste",9.0,1
2023-01-15,Star City,500000,Normal,COVID-19,"Fever, Dry Cough, Loss of Taste",12.0,1
2023-09-20,Star City,500000,Normal,COVID-19,"Fever, Dry Cough, Loss of Taste",12.0,1
2023-06-08,Coast City,600000,Coastal Weather,COVID-19,"Fever, Dry Cough, Loss of Taste",8.0,1
2023-10-25,Central City,1200000,Normal,Dengue,"High Fever, Joint Pain, Rash",8.0,2
2023-11-28,Coast City,600000,Coastal Weather,COVID-19,"Fever, Dry Cough, Loss of Taste",10.0,2
2023-05-18,Star City,500000,Normal,Typhoid,"High Fever, Abdominal Pain, Weakness",12.0,1
2023-12-17,Coast City,600000,Coastal Weather,COVID-19,"Fever, Dry Cough, Loss of Taste",104.0,23
2023-11-21,Gotham,800000,High Humidity,COVID-19,"Fever, Dry Cough, Loss of Taste",12.0,0
2023-10-20,Central City,1200000,Normal,Dengue,"High Fever, Joint Pain, Rash",9.0,2
2023-09-18,Star City,500000,Normal,Influenza,"Fever, Cough, Fatigue",11.0,2
2023-02-18,Gotham,800000,High Humidity,Typhoid,"High Fever, Abdominal Pain, Weakness",7.0,1
2023-10-05,Metropolis,1000000,High Pollution,Typhoid,"High Fever, Abdominal Pain, Weakness",7.0,1
2023-10-03,Metropolis,1000000,High Pollution,Cholera,"Severe Diarrhea, Dehydration",13.0,2
2023-08-31,Central City,1200000,Normal,COVID-19,"Fever, Dry Cough, Loss of Taste",9.0,2
2023-02-20,Star City,500000,Normal,Dengue,"High Fever, Joint Pain, Rash",8.0,0
2023-04-29,Gotham,800000,High Humidity,Cholera,"Severe Diarrhea, Dehydration",10.0,2
2023-04-25,Gotham,800000,High Humidity,COVID-19,"Fever, Dry Cough, Loss of Taste",12.0,2
2023-03-31,Star City,500000,Normal,Dengue,"High Fever, Joint Pain, Rash",10.0,2
2023-10-24,Gotham,800000,High Humidity,COVID-19,"Fever, Dry Cough, Loss of Taste",10.0,1
2023-03-25,Coast City,600000,Coastal Weather,Typhoid,"High Fever, Abdominal Pain, Weakness",10.0,2
2023-11-12,Coast City,600000,Coastal Weather,Dengue,"High Fever, Joint Pain, Rash",10.0,2
2023-05-23,Coast City,600000,Coastal Weather,Cholera,"Severe Diarrhea, Dehydration",7.0,1
2023-11-18,Central City,1200000,Normal,Cholera,"Severe Diarrhea, Dehydration",6.0,0
2023-09-29,Star City,500000,Normal,Dengue,"High Fever, Joint Pain, Rash",10.0,0
2023-01-15,Central City,1200000,Normal,Cholera,"Severe Diarrhea, Dehydration",10.0,2
2023-11-10,Gotham,800000,High Humidity,Dengue,"High Fever, Joint Pain, Rash",13.0,2
2023-10-29,Metropolis,1000000,High Pollution,Dengue,"High Fever, Joint Pain, Rash",15.0,3
2023-11-01,Star City,500000,Normal,Typhoid,"High Fever, Abdominal Pain, Weakness",6.0,0
2023-12-03,Central City,1200000,Normal,Dengue,"High Fever, Joint Pain, Rash",12.0,1
2023-11-09,Metropolis,1000000,High Pollution,Cholera,"Severe Diarrhea, Dehydration",8.0,1
2023-07-28,Gotham,800000,High Humidity,COVID-19,"Fever, Dry Cough, Loss of Taste",4.0,0
2023-10-25,Gotham,800000,High Humidity,Typhoid,"High Fever, Abdominal Pain, Weakness",10.0,2
2023-01-03,Central City,1200000,Normal,COVID-19,"Fever, Dry Cough, Loss of Taste",11.0,0
2023-04-09,Metropolis,1000000,High Pollution,Dengue,"High Fever, Joint Pain, Rash",12.0,3
2023-08-21,Coast City,600000,Coastal Weather,Influenza,"Fever, Cough, Fatigue",14.0,0
2023-04-12,Coast City,600000,Coastal Weather,COVID-19,"Fever, Dry Cough, Loss of Taste",14.0,3
2023-04-07,Metropolis,1000000,High Pollution,Influenza,"Fever, Cough, Fatigue",10.0,1
2023-03-22,Coast City,600000,Coastal Weather,Dengue,"High Fever, Joint Pain, Rash",11.0,2
2023-07-21,Coast City,600000,Coastal Weather,Dengue,"High Fever, Joint Pain, Rash",16.0,4
2023-01-16,Gotham,800000,High Humidity,Typhoid,"High Fever, Abdominal Pain, Weakness",12.0,1
2023-05-18,Central City,1200000,Normal,Dengue,"High Fever, Joint Pain, Rash",10.0,1
2023-02-13,Gotham,800000,High Humidity,Dengue,"High Fever, Joint Pain, Rash",13.0,1
2023-12-30,Metropolis,1000000,High Pollution,COVID-19,"Fever, Dry Cough, Loss of Taste",15.0,3
2023-07-22,Metropolis,1000000,High Pollution,Influenza,"Fever, Cough, Fatigue",170.0,36
2023-01-30,Central City,1200000,Normal,Typhoid,"High Fever, Abdominal Pain, Weakness",14.0,2
2023-08-27,Gotham,800000,High Humidity,Dengue,"High Fever, Joint Pain, Rash",19.0,4
2023-01-29,Metropolis,1000000,High Pollution,Dengue,"High Fever, Joint Pain, Rash",17.0,3
2023-09-16,Coast City,600000,Coastal Weather,Cholera,"Severe Diarrhea, Dehydration",12.0,1
2023-05-02,Metropolis,1000000,High Pollution,Cholera,"Severe Diarrhea, Dehydration",8.0,0
2023-03-01,Central City,1200000,Normal,Influenza,"Fever, Cough, Fatigue",7.0,0
2023-02-14,Coast City,600000,Coastal Weather,Cholera,"Severe Diarrhea, Dehydration",6.0,0
2023-07-31,Central City,1200000,Normal,COVID-19,"Fever, Dry Cough, Loss of Taste",80.0,5
2023-08-24,Central City,1200000,Normal,Influenza,"Fever, Cough, Fatigue",8.0,1
2023-08-25,Star City,500000,Normal,COVID-19,"Fever, Dry Cough, Loss of Taste",13.0,1
2023-08-01,Star City,500000,Normal,Typhoid,"High Fever, Abdominal Pain, Weakness",5.0,0
2023-11-02,Metropolis,1000000,High Pollution,Cholera,"Severe Diarrhea, Dehydration",8.0,2
2023-04-14,Central City,1200000,Normal,COVID-19,"Fever, Dry Cough, Loss of Taste",14.0,3
2023-01-25,Central City,1200000,Normal,Cholera,"Severe Diarrhea, Dehydration",6.0,1
2023-12-28,Gotham,800000,High Humidity,Dengue,"High Fever, Joint Pain, Rash",11.0,2
2023-06-28,Metropolis,1000000,High Pollution,Typhoid,"High Fever, Abdominal Pain, Weakness",11.0,2
2023-09-26,Metropolis,1000000,High Pollution,Cholera,"Severe Diarrhea, Dehydration",12.0,1
2023-10-31,Gotham,800000,High Humidity,COVID-19,"Fever, Dry Cough, Loss of Taste",98.0,15
24/07/2023,Metropolis,1000000,High Pollution,Influenza,"Fever, Cough, Fatigue",10.0,2
2023-06-09,Star City,500000,Normal,COVID-19,"Fever, Dry Cough, Loss of Taste",8.0,2
2023-06-13,Gotham,800000,High Humidity,Typhoid,"High Fever, Abdominal Pain, Weakness",7.0,0
2023-08-25,Gotham,800000,High Humidity,Cholera,"Severe Diarrhea, Dehydration",7.0,1
2023-01-07,Central City,1200000,Normal,Typhoid,"High Fever, Abdominal Pain, Weakness",8.0,0
2023-04-17,Coast City,600000,Coastal Weather,Influenza,"Fever, Cough, Fatigue",6.0,0
2023-08-04,Star City,500000,Normal,COVID-19,"Fever, Dry Cough, Loss of Taste",9.0,1
2023-05-29,Star City,500000,Normal,Dengue,"High Fever, Joint Pain, Rash",16.0,2
2023-06-29,Coast City,600000,Coastal Weather,Typhoid,"High Fever, Abdominal Pain, Weakness",15.0,3
2023-02-04,Star City,500000,Normal,Influenza,"Fever, Cough, Fatigue",11.0,1
2023-05-18,Metropolis,1000000,High Pollution,Typhoid,"High Fever, Abdominal Pain, Weakness",13.0,0
2023-05-25,Central City,1200000,Normal,Typhoid,"High Fever, Abdominal Pain, Weakness",9.0,1
2023-08-07,Metropolis,1000000,High Pollution,Typhoid,"High Fever, Abdominal Pain, Weakness",11.0,2
2023-04-27,Central City,1200000,Normal,COVID-19,"Fever, Dry Cough, Loss of Taste",7.0,1
2023-03-31,Metropolis,1000000,High Pollution,Influenza,"Fever, Cough, Fatigue",17.0,1
2023-03-21,Star City,500000,Normal,Typhoid,"High Fever, Abdominal Pain, Weakness",7.0,1
2023-01-25,Star City,500000,Normal,Typhoid,"High Fever, Abdominal Pain, Weakness",,0
2023-12-29,Metropolis,1000000,High Pollution,Cholera,"Severe Diarrhea, Dehydration",112.0,25
2023-04-21,Coast City,600000,Coastal Weather,Typhoid,"High Fever, Abdominal Pain, Weakness",,0
2023-06-19,Central City,1200000,Normal,Influenza,"Fever, Cough, Fatigue",11.0,2
2023-08-17,Central City,1200000,Normal,Influenza,"Fever, Cough, Fatigue",10.0,1
2023-12-15,Star City,500000,Normal,Dengue,"High Fever, Joint Pain, Rash",11.0,1
2023-01-22,Star City,500000,Normal,COVID-19,"Fever, Dry Cough, Loss of Taste",10.0,1
2023-07-09,Central City,1200000,Normal,Cholera,"Severe Diarrhea, Dehydration",15.0,3
2023-01-30,Coast City,600000,Coastal Weather,Dengue,"High Fever, Joint Pain, Rash",13.0,3
2023-11-27,Coast City,600000,Coastal Weather,Dengue,"High Fever, Joint Pain, Rash",7.0,1
2023-07-12,Coast City,600000,Coastal Weather,Cholera,"Severe Diarrhea, Dehydration",11.0,1
2023-12-17,Metropolis,1000000,High Pollution,COVID-19,"Fever, Dry Cough, Loss of Taste",9.0,0
2023-05-12,Central City,1200000,Normal,Typhoid,"High Fever, Abdominal Pain, Weakness",90.0,11
2023-02-05,Star City,500000,Normal,Dengue,"High Fever, Joint Pain, Rash",11.0,0
2023-02-17,Gotham,800000,High Humidity,Cholera,"Severe Diarrhea, Dehydration",15.0,3
2023-08-24,Coast City,600000,Coastal Weather,Influenza,"Fever, Cough, Fatigue",11.0,3
2023-08-20,Gotham,800000,High Humidity,Dengue,"High Fever, Joint Pain, Rash",7.0,0
2023-06-23,Star City,500000,Normal,Dengue,"High Fever, Joint Pain, Rash",8.0,1
2023-05-27,Central City,1200000,Normal,Dengue,"High Fever, Joint Pain, Rash",15.0,1
2023-01-13,Star City,500000,Normal,Dengue,"High Fever, Joint Pain, Rash",13.0,3
2023-03-18,Metropolis,1000000,High Pollution,COVID-19,"Fever, Dry Cough, Loss of Taste",11.0,3
2023-11-25,Central City,1200000,Normal,Dengue,"High Fever, Joint Pain, Rash",9.0,0
2023-10-04,Metropolis,1000000,High Pollution,Cholera,"Severe Diarrhea, Dehydration",9.0,1
2023-02-20,Metropolis,1000000,High Pollution,Typhoid,"High Fever, Abdominal Pain, Weakness",12.0,3
2023-10-18,Metropolis,1000000,High Pollution,Influenza,"Fever, Cough, Fatigue",13.0,1
2023-07-29,Central City,1200000,Normal,Dengue,"High Fever, Joint Pain, Rash",11.0,0
2023-01-28,Star City,500000,Normal,Influenza,"Fever, Cough, Fatigue",9.0,1
2023-06-14,Metropolis,1000000,High Pollution,COVID-19,"Fever, Dry Cough, Loss of Taste",7.0,1
2023-11-17,Coast City,600000,Coastal Weather,COVID-19,"Fever, Dry Cough, Loss of Taste",14.0,1
2023-02-19,Gotham,800000,High Humidity,Influenza,"Fever, Cough, Fatigue",12.0,1
2023-10-06,Central City,1200000,Normal,Influenza,"Fever, Cough, Fatigue",10.0,2
2023-10-21,Coast City,600000,Coastal Weather,Typhoid,"High Fever, Abdominal Pain, Weakness",7.0,1
2023-09-03,Coast City,600000,Coastal Weather,Typhoid,"High Fever, Abdominal Pain, Weakness",7.0,0
2023-09-14,Gotham,800000,High Humidity,Dengue,"High Fever, Joint Pain, Rash",10.0,1
2023-03-09,Coast City,600000,Coastal Weather,Cholera,"Severe Diarrhea, Dehydration",6.0,0
2023-05-30,Star City,500000,Normal,Cholera,"Severe Diarrhea, Dehydration",10.0,1
2023-09-04,Coast City,600000,Coastal Weather,COVID-19,"Fever, Dry Cough, Loss of Taste",8.0,1
2023-11-14,Metropolis,1000000,High Pollution,COVID-19,"Fever, Dry Cough, Loss of Taste",6.0,0
2023-08-14,Star City,500000,Normal,COVID-19,"Fever, Dry Cough, Loss of Taste",5.0,0
2023-03-04,Star City,500000,Normal,Influenza,"Fever, Cough, Fatigue",7.0,1
2023-04-15,Metropolis,1000000,High Pollution,Cholera,"Severe Diarrhea, Dehydration",13.0,0
2023-01-06,Gotham,800000,High Humidity,Cholera,"Severe Diarrhea, Dehydration",5.0,0
2023-06-14,Coast City,600000,Coastal Weather,Influenza,"Fever, Cough, Fatigue",16.0,3
2023-08-27,Gotham,800000,High Humidity,COVID-19,"Fever, Dry Cough, Loss of Taste",16.0,0
2023-05-02,Star City,500000,Normal,Dengue,"High Fever, Joint Pain, Rash",,0
2023-09-14,Star City,500000,Normal,Dengue,"High Fever, Joint Pain, Rash",17.0,3
2023-12-20,Central City,1200000,Normal,COVID-19,"Fever, Dry Cough, Loss of Taste",11.0,2
2023-03-09,Central City,1200000,Normal,Dengue,"High Fever, Joint Pain, Rash",5.0,0
2023-09-30,Central City,1200000,Normal,Influenza,"Fever, Cough, Fatigue",12.0,3
2023-08-08,Coast City,600000,Coastal Weather,Dengue,"High Fever, Joint Pain, Rash",12.0,2
2023-05-09,Metropolis,1000000,High Pollution,Typhoid,"High Fever, Abdominal Pain, Weakness",9.0,2
2023-03-16,Metropolis,1000000,High Pollution,COVID-19,"Fever, Dry Cough, Loss of Taste",15.0,0
2023-09-04,Central City,1200000,Normal,Typhoid,"High Fever, Abdominal Pain, Weakness",7.0,1
2023-04-02,Central City,1200000,Normal,COVID-19,"Fever, Dry Cough, Loss of Taste",18.0,5
2023-05-17,Gotham,800000,High Humidity,Influenza,"Fever, Cough, Fatigue",10.0,2
2023-02-21,Star City,500000,Normal,Cholera,"Severe Diarrhea, Dehydration",11.0,2
2023-02-06,Gotham,800000,High Humidity,Typhoid,"High Fever, Abdominal Pain, Weakness",8.0,0
2023-08-30,Gotham,800000,High Humidity,Typhoid,"High Fever, Abdominal Pain, Weakness",9.0,0
2023-04-29,Coast City,600000,Coastal Weather,COVID-19,"Fever, Dry Cough, Loss of Taste",13.0,1
2023-02-12,Metropolis,1000000,High Pollution,Dengue,"High Fever, Joint Pain, Rash",13.0,1
2023-08-27,Metropolis,1000000,High Pollution,Influenza,"Fever, Cough, Fatigue",10.0,2
2023-05-22,Metropolis,1000000,High Pollution,Cholera,"Severe Diarrhea, Dehydration",6.0,1
2023-11-07,Star City,500000,Normal,Dengue,"High Fever, Joint Pain, Rash",18.0,3
2023-02-08,Coast City,600000,Coastal Weather,Dengue,"High Fever, Joint Pain, Rash",7.0,1
2023-12-17,Gotham,800000,High Humidity,Influenza,"Fever, Cough, Fatigue",12.0,3
2023-04-14,Central City,1200000,Normal,Typhoid,"High Fever, Abdominal Pain, Weakness",15.0,2
2023-02-10,Central City,1200000,Normal,Typhoid,"High Fever, Abdominal Pain, Weakness",11.0,2
2023-02-05,Central City,1200000,Normal,Typhoid,"High Fever, Abdominal Pain, Weakness",13.0,3
2023-08-24,Central City,1200000,Normal,Cholera,"Severe Diarrhea, Dehydration",8.0,0
2023-07-08,Gotham,800000,High Humidity,Cholera,"Severe Diarrhea, Dehydration",6.0,0
2023-04-25,Metropolis,1000000,High Pollution,Influenza,"Fever, Cough, Fatigue",12.0,1
2023-04-16,Central City,1200000,Normal,Cholera,"Severe Diarrhea, Dehydration",10.0,1
2023-03-22,Central City,1200000,Normal,Cholera,"Severe Diarrhea, Dehydration",5.0,1
2023-04-19,Gotham,800000,High Humidity,Cholera,"Severe Diarrhea, Dehydration",12.0,2
2023-05-26,Star City,500000,Normal,Dengue,"High Fever, Joint Pain, Rash",14.0,1
2023-09-16,Coast City,600000,Coastal Weather,Typhoid,"High Fever, Abdominal Pain, Weakness",11.0,3
2023-05-10,Gotham,800000,High Humidity,COVID-19,"Fever, Dry Cough, Loss of Taste",10.0,2
2023-02-03,Star City,500000,Normal,Typhoid,"High Fever, Abdominal Pain, Weakness",8.0,0
2023-06-22,Star City,500000,Normal,Typhoid,"High Fever, Abdominal Pain, Weakness",11.0,2
2023-07-10,Metropolis,1000000,High Pollution,Cholera,"Severe Diarrhea, Dehydration",8.0,1
2023-06-12,Central City,1200000,Normal,Typhoid,"High Fever, Abdominal Pain, Weakness",9.0,1
2023-01-21,Gotham,800000,High Humidity,Dengue,"High Fever, Joint Pain, Rash",13.0,0
2023-10-02,Coast City,600000,Coastal Weather,Typhoid,"High Fever, Abdominal Pain, Weakness",7.0,1
2023-09-08,Central City,1200000,Normal,COVID-19,"Fever, Dry Cough, Loss of Taste",13.0,3
2023-11-15,Metropolis,1000000,High Pollution,Cholera,"Severe Diarrhea, Dehydration",8.0,0
2023-07-11,Star City,500000,Normal,Influenza,"Fever, Cough, Fatigue",9.0,1
2023-08-13,Metropolis,1000000,High Pollution,Cholera,"Severe Diarrhea, Dehydration",11.0,1
2023-06-29,Star City,500000,Normal,Typhoid,"High Fever, Abdominal Pain, Weakness",13.0,3
2023-11-28,Star City,500000,Normal,Influenza,"Fever, Cough, Fatigue",11.0,0
2023-05-05,Metropolis,1000000,High Pollution,Dengue,"High Fever, Joint Pain, Rash",10.0,1
2023-01-21,Star City,500000,Normal,Cholera,"Severe Diarrhea, Dehydration",14.0,1
2023-07-19,Central City,1200000,Normal,Influenza,"Fever, Cough, Fatigue",10.0,1
2023-05-25,Metropolis,1000000,High Pollution,Dengue,"High Fever, Joint Pain, Rash",10.0,1
2023-09-23,Metropolis,1000000,High Pollution,Typhoid,"High Fever, Abdominal Pain, Weakness",11.0,2
2023-02-02,Central City,1200000,Normal,Cholera,"Severe Diarrhea, Dehydration",7.0,1
2023-07-31,Central City,1200000,Normal,Typhoid,"High Fever, Abdominal Pain, Weakness",8.0,0
11/03/2023,Gotham,800000,High Humidity,Influenza,"Fever, Cough, Fatigue",15.0,1
2023-03-12,Coast City,600000,Coastal Weather,Dengue,"High Fever, Joint Pain, Rash",8.0,1
2023-05-09,Metropolis,1000000,High Pollution,Dengue,"High Fever, Joint Pain, Rash",9.0,2
2023-03-20,Star City,500000,Normal,Typhoid,"High Fever, Abdominal Pain, Weakness",10.0,1
2023-07-12,Coast City,600000,Coastal Weather,Dengue,"High Fever, Joint Pain, Rash",12.0,2
2023-09-04,Gotham,800000,High Humidity,COVID-19,"Fever, Dry Cough, Loss of Taste",12.0,2
2023-06-06,Star City,500000,Normal,Influenza,"Fever, Cough, Fatigue",9.0,0
2023-09-01,Gotham,800000,High Humidity,Cholera,"Severe Diarrhea, Dehydration",50.0,14
2023-09-03,Central City,1200000,Normal,Cholera,"Severe Diarrhea, Dehydration",6.0,1
2023-10-16,Gotham,800000,High Humidity,COVID-19,"Fever, Dry Cough, Loss of Taste",9.0,1
2023-10-28,Coast City,600000,Coastal Weather,Typhoid,"High Fever, Abdominal Pain, Weakness",13.0,1
2023-04-02,Star City,500000,Normal,COVID-19,"Fever, Dry Cough, Loss of Taste",6.0,1
2023-07-19,Coast City,600000,Coastal Weather,Influenza,"Fever, Cough, Fatigue",10.0,1
2023-04-16,Star City,500000,Normal,Influenza,"Fever, Cough, Fatigue",13.0,3
2023-02-06,Coast City,600000,Coastal Weather,Cholera,"Severe Diarrhea, Dehydration",6.0,1
2023-05-19,Star City,500000,Normal,Typhoid,"High Fever, Abdominal Pain, Weakness",7.0,0
2023-05-05,Central City,1200000,Normal,Cholera,"Severe Diarrhea, Dehydration",10.0,2
2023-01-04,Central City,1200000,Normal,Typhoid,"High Fever, Abdominal Pain, Weakness",12.0,2
2023-02-24,Central City,1200000,Normal,COVID-19,"Fever, Dry Cough, Loss of Taste",17.0,3
2023-11-17,Coast City,600000,Coastal Weather,COVID-19,"Fever, Dry Cough, Loss of Taste",12.0,2
2023-01-04,Coast City,600000,Coastal Weather,COVID-19,"Fever, Dry Cough, Loss of Taste",11.0,1
2023-02-28,Star City,500000,Normal,Influenza,"Fever, Cough, Fatigue",5.0,1
2023-03-02,Gotham,800000,High Humidity,Dengue,"High Fever, Joint Pain, Rash",11.0,2
2023-01-25,Star City,500000,Normal,Influenza,"Fever, Cough, Fatigue",7.0,1
2023-09-25,Central City,1200000,Normal,COVID-19,"Fever, Dry Cough, Loss of Taste",11.0,1
2023-01-28,Central City,1200000,Normal,COVID-19,"Fever, Dry Cough, Loss of Taste",10.0,1
2023-01-31,Coast City,600000,Coastal Weather,Dengue,"High Fever, Joint Pain, Rash",10.0,2
2023-07-10,Gotham,800000,High Humidity,Dengue,"High Fever, Joint Pain, Rash",8.0,1
2023-06-04,Star City,500000,Normal,COVID-19,"Fever, Dry Cough, Loss of Taste",11.0,3
2023-07-02,Central City,1200000,Normal,Dengue,"High Fever, Joint Pain, Rash",7.0,1
2023-12-09,Gotham,800000,High Humidity,Influenza,"Fever, Cough, Fatigue",18.0,1
2023-12-03,Metropolis,1000000,High Pollution,Cholera,"Severe Diarrhea, Dehydration",7.0,1
2023-08-13,Metropolis,1000000,High Pollution,Dengue,"High Fever, Joint Pain, Rash",7.0,1
2023-02-27,Star City,500000,Normal,Cholera,"Severe Diarrhea, Dehydration",9.0,2
2023-05-27,Coast City,600000,Coastal Weather,Influenza,"Fever, Cough, Fatigue",10.0,0
2023-10-18,Gotham,800000,High Humidity,COVID-19,"Fever, Dry Cough, Loss of Taste",14.0,4
2023-10-12,Central City,1200000,Normal,Cholera,"Severe Diarrhea, Dehydration",9.0,1
2023-07-24,Metropolis,1000000,High Pollution,Dengue,"High Fever, Joint Pain, Rash",8.0,0
2023-11-12,Gotham,800000,High Humidity,Influenza,"Fever, Cough, Fatigue",8.0,1
2023-11-01,Star City,500000,Normal,COVID-19,"Fever, Dry Cough, Loss of Taste",11.0,1
2023-05-11,Metropolis,1000000,High Pollution,Typhoid,"High Fever, Abdominal Pain, Weakness",6.0,0
2023-08-16,Central City,1200000,Normal,Influenza,"Fever, Cough, Fatigue",13.0,1
2023-08-28,Coast City,600000,Coastal Weather,Typhoid,"High Fever, Abdominal Pain, Weakness",8.0,0
2023-10-30,Metropolis,1000000,High Pollution,Influenza,"Fever, Cough, Fatigue",11.0,2
2023-01-27,Gotham,800000,High Humidity,Cholera,"Severe Diarrhea, Dehydration",6.0,1
2023-11-23,Metropolis,1000000,High Pollution,Dengue,"High Fever, Joint Pain, Rash",11.0,3
2023-09-08,Coast City,600000,Coastal Weather,Typhoid,"High Fever, Abdominal Pain, Weakness",11.0,0
2023-10-12,Gotham,800000,High Humidity,COVID-19,"Fever, Dry Cough, Loss of Taste",4.0,0
2023-07-28,Metropolis,1000000,High Pollution,Typhoid,"High Fever, Abdominal Pain, Weakness",11.0,2
2023-11-08,Coast City,600000,Coastal Weather,Dengue,"High Fever, Joint Pain, Rash",11.0,0
2023-07-20,Coast City,600000,Coastal Weather,Influenza,"Fever, Cough, Fatigue",15.0,3
2023-11-18,Gotham,800000,High Humidity,COVID-19,"Fever, Dry Cough, Loss of Taste",144.0,18
2023-02-05,Central City,1200000,Normal,Cholera,"Severe Diarrhea, Dehydration",10.0,1
2023-11-17,Coast City,600000,Coastal Weather,COVID-19,"Fever, Dry Cough, Loss of Taste",12.0,3
2023-07-23,Gotham,800000,High Humidity,Influenza,"Fever, Cough, Fatigue",11.0,2
2023-10-18,Metropolis,1000000,High Pollution,Influenza,"Fever, Cough, Fatigue",8.0,1
2023-03-18,Coast City,600000,Coastal Weather,Cholera,"Severe Diarrhea, Dehydration",6.0,1
2023-03-23,Metropolis,1000000,High Pollution,COVID-19,"Fever, Dry Cough, Loss of Taste",6.0,1
2023-10-18,Gotham,800000,High Humidity,COVID-19,"Fever, Dry Cough, Loss of Taste",16.0,2
2023-09-10,Metropolis,1000000,High Pollution,Typhoid,"High Fever, Abdominal Pain, Weakness",10.0,1
2023-08-08,Star City,500000,Normal,Cholera,"Severe Diarrhea, Dehydration",8.0,1
2023-05-17,Central City,1200000,Normal,Influenza,"Fever, Cough, Fatigue",5.0,1
2023-03-26,Metropolis,1000000,High Pollution,Influenza,"Fever, Cough, Fatigue",9.0,2
2023-08-17,Central City,1200000,Normal,Influenza,"Fever, Cough, Fatigue",8.0,0
2023-07-16,Coast City,600000,Coastal Weather,COVID-19,"Fever, Dry Cough, Loss of Taste",6.0,1
2023-04-08,Central City,1200000,Normal,Typhoid,"High Fever, Abdominal Pain, Weakness",15.0,2
2023-05-26,Gotham,800000,High Humidity,Influenza,"Fever, Cough, Fatigue",10.0,2
2023-04-01,Central City,1200000,Normal,Typhoid,"High Fever, Abdominal Pain, Weakness",9.0,0
2023-03-18,Central City,1200000,Normal,Typhoid,"High Fever, Abdominal Pain, Weakness",10.0,2
2023-05-17,Star City,500000,Normal,Cholera,"Severe Diarrhea, Dehydration",13.0,2
2023-05-16,Star City,500000,Normal,Cholera,"Severe Diarrhea, Dehydration",9.0,1
2023-05-12,Star City,500000,Normal,Typhoid,"High Fever, Abdominal Pain, Weakness",10.0,1
2023-04-22,Gotham,800000,High Humidity,Dengue,"High Fever, Joint Pain, Rash",7.0,1
2023-05-26,Coast City,600000,Coastal Weather,Typhoid,"High Fever, Abdominal Pain, Weakness",9.0,0
2023-12-10,Central City,1200000,Normal,Dengue,"High Fever, Joint Pain, Rash",3.0,0
2023-03-17,Central City,1200000,Normal,Typhoid,"High Fever, Abdominal Pain, Weakness",11.0,2
2023-12-09,Star City,500000,Normal,Cholera,"Severe Diarrhea, Dehydration",4.0,0
2023-10-19,Coast City,600000,Coastal Weather,COVID-19,"Fever, Dry Cough, Loss of Taste",6.0,1
2023-01-02,Metropolis,1000000,High Pollution,Typhoid,"High Fever, Abdominal Pain, Weakness",15.0,2
2023-12-17,Star City,500000,Normal,Cholera,"Severe Diarrhea, Dehydration",11.0,2
2023-01-27,Metropolis,1000000,High Pollution,Cholera,"Severe Diarrhea, Dehydration",9.0,2
2023-01-24,Gotham,800000,High Humidity,Typhoid,"High Fever, Abdominal Pain, Weakness",10.0,0
2023-03-19,Gotham,800000,High Humidity,Influenza,"Fever, Cough, Fatigue",9.0,1
2023-01-10,Star City,500000,Normal,Cholera,"Severe Diarrhea, Dehydration",14.0,0
2023-09-19,Central City,1200000,Normal,Influenza,"Fever, Cough, Fatigue",10.0,2
2023-11-05,Coast City,600000,Coastal Weather,Influenza,"Fever, Cough, Fatigue",60.0,5
2023-04-09,Metropolis,1000000,High Pollution,Dengue,"High Fever, Joint Pain, Rash",14.0,0
2023-10-10,Metropolis,1000000,High Pollution,COVID-19,"Fever, Dry Cough, Loss of Taste",12.0,1
2023-10-19,Central City,1200000,Normal,Typhoid,"High Fever, Abdominal Pain, Weakness",9.0,1
2023-01-18,Star City,500000,Normal,COVID-19,"Fever, Dry Cough, Loss of Taste",12.0,2
2023-11-22,Coast City,600000,Coastal Weather,COVID-19,"Fever, Dry Cough, Loss of Taste",9.0,0
2023-01-17,Central City,1200000,Normal,Cholera,"Severe Diarrhea, Dehydration",6.0,0
2023-03-14,Metropolis,1000000,High Pollution,Typhoid,"High Fever, Abdominal Pain, Weakness",9.0,1
2023-03-28,Central City,1200000,Normal,Dengue,"High Fever, Joint Pain, Rash",9.0,1
2023-11-14,Central City,1200000,Normal,COVID-19,"Fever, Dry Cough, Loss of Taste",11.0,3
2023-11-05,Gotham,800000,High Humidity,Dengue,"High Fever, Joint Pain, Rash",8.0,2
2023-10-12,Gotham,800000,High Humidity,Cholera,"Severe Diarrhea, Dehydration",15.0,1
2023-05-24,Central City,1200000,Normal,Influenza,"Fever, Cough, Fatigue",11.0,0
2023-11-21,Star City,500000,Normal,Typhoid,"High Fever, Abdominal Pain, Weakness",7.0,0
2023-04-27,Star City,500000,Normal,Influenza,"Fever, Cough, Fatigue",169.0,50
2023-08-11,Coast City,600000,Coastal Weather,Dengue,"High Fever, Joint Pain, Rash",7.0,0
2023-03-04,Coast City,600000,Coastal Weather,Influenza,"Fever, Cough, Fatigue",10.0,2
2023-09-20,Central City,1200000,Normal,Typhoid,"High Fever, Abdominal Pain, Weakness",13.0,1
2023-05-03,Star City,500000,Normal,Cholera,"Severe Diarrhea, Dehydration",12.0,0
2023-09-10,Gotham,800000,High Humidity,Dengue,"High Fever, Joint Pain, Rash",4.0,0
2023-12-28,Central City,1200000,Normal,Dengue,"High Fever, Joint Pain, Rash",9.0,2
2023-01-17,Metropolis,1000000,High Pollution,Cholera,"Severe Diarrhea, Dehydration",7.0,2
2023-01-18,Star City,500000,Normal,Dengue,"High Fever, Joint Pain, Rash",8.0,1
2023-01-14,Gotham,800000,High Humidity,Typhoid,"High Fever, Abdominal Pain, Weakness",8.0,0
2023-02-05,Gotham,800000,High Humidity,Influenza,"Fever, Cough, Fatigue",5.0,1
2023-10-02,Star City,500000,Normal,Cholera,"Severe Diarrhea, Dehydration",7.0,1
2023-09-01,Gotham,800000,High Humidity,COVID-19,"Fever, Dry Cough, Loss of Taste",11.0,1
2023-03-21,Central City,1200000,Normal,Influenza,"Fever, Cough, Fatigue",8.0,1
2023-10-29,Gotham,800000,High Humidity,Influenza,"Fever, Cough, Fatigue",10.0,1
2023-12-31,Central City,1200000,Normal,Influenza,"Fever, Cough, Fatigue",6.0,1
2023-09-30,Coast City,600000,Coastal Weather,Dengue,"High Fever, Joint Pain, Rash",13.0,3
2023-09-23,Gotham,800000,High Humidity,COVID-19,"Fever, Dry Cough, Loss of Taste",5.0,1
2023-07-19,Gotham,800000,High Humidity,Cholera,"Severe Diarrhea, Dehydration",14.0,2
2023-12-17,Central City,1200000,Normal,Dengue,"High Fever, Joint Pain, Rash",8.0,2
2023-03-29,Coast City,600000,Coastal Weather,COVID-19,"Fever, Dry Cough, Loss of Taste",11.0,3
2023-08-07,Star City,500000,Normal,Cholera,"Severe Diarrhea, Dehydration",10.0,2
2023-02-24,Star City,500000,Normal,Influenza,"Fever, Cough, Fatigue",18.0,2
2023-03-04,Star City,500000,Normal,Typhoid,"High Fever, Abdominal Pain, Weakness",7.0,1
2023-06-18,Central City,1200000,Normal,Influenza,"Fever, Cough, Fatigue",7.0,1
2023-12-14,Metropolis,1000000,High Pollution,Dengue,"High Fever, Joint Pain, Rash",11.0,1
2023-11-02,Gotham,800000,High Humidity,Influenza,"Fever, Cough, Fatigue",8.0,1
2023-12-13,Central City,1200000,Normal,Dengue,"High Fever, Joint Pain, Rash",9.0,0
2023-01-16,Coast City,600000,Coastal Weather,Cholera,"Severe Diarrhea, Dehydration",12.0,1
2023-07-08,Metropolis,1000000,High Pollution,COVID-19,"Fever, Dry Cough, Loss of Taste",11.0,1
2023-10-12,Gotham,800000,High Humidity,COVID-19,"Fever, Dry Cough, Loss of Taste",12.0,2
2023-05-24,Gotham,800000,High Humidity,Typhoid,"High Fever, Abdominal Pain, Weakness",8.0,2
2023-06-24,Central City,1200000,Normal,Cholera,"Severe Diarrhea, Dehydration",14.0,2
2023-01-26,Central City,1200000,Normal,Dengue,"High Fever, Joint Pain, Rash",11.0,1
2023-09-28,Central City,1200000,Normal,Typhoid,"High Fever, Abdominal Pain, Weakness",17.0,1
2023-03-04,Central City,1200000,Normal,Typhoid,"High Fever, Abdominal Pain, Weakness",12.0,1
2023-09-03,Gotham,800000,High Humidity,Typhoid,"High Fever, Abdominal Pain, Weakness",4.0,0
2023-04-28,Central City,1200000,Normal,Influenza,"Fever, Cough, Fatigue",11.0,1
2023-12-31,Star City,500000,Normal,Dengue,"High Fever, Joint Pain, Rash",4.0,0
2023-08-07,Star City,500000,Normal,Typhoid,"High Fever, Abdominal Pain, Weakness",7.0,1
2023-03-01,Metropolis,1000000,High Pollution,Typhoid,"High Fever, Abdominal Pain, Weakness",10.0,2
2023-01-31,Coast City,600000,Coastal Weather,Influenza,"Fever, Cough, Fatigue",6.0,0
2023-01-22,Star City,500000,Normal,Dengue,"High Fever, Joint Pain, Rash",7.0,0
2023-02-16,Metropolis,1000000,High Pollution,COVID-19,"Fever, Dry Cough, Loss of Taste",12.0,0
2023-05-27,Star City,500000,Normal,Cholera,"Severe Diarrhea, Dehydration",9.0,1
2023-03-24,Star City,500000,Normal,COVID-19,"Fever, Dry Cough, Loss of Taste",77.0,11
2023-01-23,Star City,500000,Normal,Dengue,"High Fever, Joint Pain, Rash",,0
2023-01-24,Central City,1200000,Normal,COVID-19,"Fever, Dry Cough, Loss of Taste",7.0,1
2023-10-09,Gotham,800000,High Humidity,Cholera,"Severe Diarrhea, Dehydration",8.0,1
2023-08-31,Coast City,600000,Coastal Weather,Typhoid,"High Fever, Abdominal Pain, Weakness",6.0,0
2023-02-10,Metropolis,1000000,High Pollution,COVID-19,"Fever, Dry Cough, Loss of Taste",10.0,1
2023-10-12,Gotham,800000,High Humidity,Cholera,"Severe Diarrhea, Dehydration",8.0,1
2023-11-14,Coast City,600000,Coastal Weather,Dengue,"High Fever, Joint Pain, Rash",13.0,3
2023-06-26,Coast City,600000,Coastal Weather,Typhoid,"High Fever, Abdominal Pain, Weakness",12.0,3
2023-04-30,Coast City,600000,Coastal Weather,Cholera,"Severe Diarrhea, Dehydration",9.0,1
2023-12-16,Star City,500000,Normal,Typhoid,"High Fever, Abdominal Pain, Weakness",11.0,1
01/09/2023,Metropolis,1000000,High Pollution,COVID-19,"Fever, Dry Cough, Loss of Taste",8.0,1
2023-11-27,Metropolis,1000000,High Pollution,Influenza,"Fever, Cough, Fatigue",11.0,1
2023-09-22,Star City,500000,Normal,COVID-19,"Fever, Dry Cough, Loss of Taste",8.0,1
2023-09-14,Star City,500000,Normal,Dengue,"High Fever, Joint Pain, Rash",8.0,0
2023-10-14,Central City,1200000,Normal,Influenza,"Fever, Cough, Fatigue",14.0,4
2023-02-22,Gotham,800000,High Humidity,COVID-19,"Fever, Dry Cough, Loss of Taste",8.0,1
2023-10-23,Coast City,600000,Coastal Weather,COVID-19,"Fever, Dry Cough, Loss of Taste",8.0,1
2023-07-02,Central City,1200000,Normal,Cholera,"Severe Diarrhea, Dehydration",5.0,0
2023-04-05,Central City,1200000,Normal,Influenza,"Fever, Cough, Fatigue",8.0,0
2023-08-23,Central City,1200000,Normal,Cholera,"Severe Diarrhea, Dehydration",36.0,3
2023-01-19,Central City,1200000,Normal,COVID-19,"Fever, Dry Cough, Loss of Taste",11.0,2
2023-08-25,Gotham,800000,High Humidity,COVID-19,"Fever, Dry Cough, Loss of Taste",5.0,1
2023-01-24,Central City,1200000,Normal,COVID-19,"Fever, Dry Cough, Loss of Taste",13.0,2
2023-04-18,Gotham,800000,High Humidity,Typhoid,"High Fever, Abdominal Pain, Weakness",,0
2023-12-24,Coast City,600000,Coastal Weather,Typhoid,"High Fever, Abdominal Pain, Weakness",9.0,1
2023-10-23,Coast City,600000,Coastal Weather,Cholera,"Severe Diarrhea, Dehydration",7.0,0
2023-05-26,Central City,1200000,Normal,Cholera,"Severe Diarrhea, Dehydration",15.0,3
2023-06-28,Gotham,800000,High Humidity,Typhoid,"High Fever, Abdominal Pain, Weakness",10.0,0
2023-03-13,Coast City,600000,Coastal Weather,Typhoid,"High Fever, Abdominal Pain, Weakness",12.0,0
2023-12-10,Metropolis,1000000,High Pollution,COVID-19,"Fever, Dry Cough, Loss of Taste",13.0,1
2023-02-01,Gotham,800000,High Humidity,COVID-19,"Fever, Dry Cough, Loss of Taste",9.0,2
2023-10-06,Central City,1200000,Normal,Dengue,"High Fever, Joint Pain, Rash",13.0,3
2023-02-01,Metropolis,1000000,High Pollution,COVID-19,"Fever, Dry Cough, Loss of Taste",4.0,0
2023-11-12,Metropolis,1000000,High Pollution,Typhoid,"High Fever, Abdominal Pain, Weakness",11.0,3
2023-05-04,Star City,500000,Normal,Cholera,"Severe Diarrhea, Dehydration",10.0,2
2023-10-12,Central City,1200000,Normal,Dengue,"High Fever, Joint Pain, Rash",8.0,0
2023-02-06,Central City,1200000,Normal,Dengue,"High Fever, Joint Pain, Rash",11.0,2
2023-11-03,Star City,500000,Normal,Cholera,"Severe Diarrhea, Dehydration",12.0,1
2023-01-12,Central City,1200000,Normal,Cholera,"Severe Diarrhea, Dehydration",12.0,0
2023-05-27,Gotham,800000,High Humidity,Cholera,"Severe Diarrhea, Dehydration",15.0,1
2023-11-19,Metropolis,1000000,High Pollution,Typhoid,"High Fever, Abdominal Pain, Weakness",11.0,2
2023-01-09,Coast City,600000,Coastal Weather,Cholera,"Severe Diarrhea, Dehydration",7.0,1
2023-11-23,Coast City,600000,Coastal Weather,Influenza,"Fever, Cough, Fatigue",14.0,1
2023-11-30,Coast City,600000,Coastal Weather,COVID-19,"Fever, Dry Cough, Loss of Taste",14.0,2
2023-09-03,Coast City,600000,Coastal Weather,Cholera,"Severe Diarrhea, Dehydration",9.0,1
2023-12-23,Coast City,600000,Coastal Weather,COVID-19,"Fever, Dry Cough, Loss of Taste",7.0,0
2023-08-25,Gotham,800000,High Humidity,Dengue,"High Fever, Joint Pain, Rash",16.0,3
2023-05-20,Metropolis,1000000,High Pollution,COVID-19,"Fever, Dry Cough, Loss of Taste",8.0,0
2023-10-21,Metropolis,1000000,High Pollution,Dengue,"High Fever, Joint Pain, Rash",5.0,0
2023-09-06,Coast City,600000,Coastal Weather,Typhoid,"High Fever, Abdominal Pain, Weakness",7.0,1
2023-04-15,Star City,500000,Normal,Influenza,"Fever, Cough, Fatigue",10.0,2
2023-02-27,Metropolis,1000000,High Pollution,Typhoid,"High Fever, Abdominal Pain, Weakness",4.0,1
2023-01-27,Gotham,800000,High Humidity,Influenza,"Fever, Cough, Fatigue",9.0,1
2023-12-30,Star City,500000,Normal,Typhoid,"High Fever, Abdominal Pain, Weakness",11.0,2
2023-12-27,Central City,1200000,Normal,Cholera,"Severe Diarrhea, Dehydration",15.0,3
2023-04-22,Coast City,600000,Coastal Weather,Typhoid,"High Fever, Abdominal Pain, Weakness",133.0,15
2023-09-21,Coast City,600000,Coastal Weather,Dengue,"High Fever, Joint Pain, Rash",,0
2023-01-30,Coast City,600000,Coastal Weather,COVID-19,"Fever, Dry Cough, Loss of Taste",288.0,52
2023-03-18,Gotham,800000,High Humidity,COVID-19,"Fever, Dry Cough, Loss of Taste",,0
2023-03-18,Metropolis,1000000,High Pollution,COVID-19,"Fever, Dry Cough, Loss of Taste",72.0,17
2023-08-11,Metropolis,1000000,High Pollution,Influenza,"Fever, Cough, Fatigue",12.0,0
2023-12-23,Metropolis,1000000,High Pollution,Influenza,"Fever, Cough, Fatigue",10.0,2
2023-11-08,Central City,1200000,Normal,Dengue,"High Fever, Joint Pain, Rash",9.0,1
2023-06-03,Star City,500000,Normal,Typhoid,"High Fever, Abdominal Pain, Weakness",11.0,1
2023-04-15,Coast City,600000,Coastal Weather,COVID-19,"Fever, Dry Cough, Loss of Taste",8.0,1
2023-02-12,Metropolis,1000000,High Pollution,Cholera,"Severe Diarrhea, Dehydration",13.0,3
2023-04-12,Star City,500000,Normal,Influenza,"Fever, Cough, Fatigue",16.0,2
2023-12-24,Star City,500000,Normal,Dengue,"High Fever, Joint Pain, Rash",10.0,1
2023-01-14,Metropolis,1000000,High Pollution,COVID-19,"Fever, Dry Cough, Loss of Taste",6.0,1
2023-05-23,Gotham,800000,High Humidity,COVID-19,"Fever, Dry Cough, Loss of Taste",5.0,1
2023-06-28,Star City,500000,Normal,Influenza,"Fever, Cough, Fatigue",5.0,0
2023-10-04,Gotham,800000,High Humidity,Typhoid,"High Fever, Abdominal Pain, Weakness",247.0,52
2023-03-04,Coast City,600000,Coastal Weather,COVID-19,"Fever, Dry Cough, Loss of Taste",13.0,1
2023-11-02,Star City,500000,Normal,Typhoid,"High Fever, Abdominal Pain, Weakness",15.0,4
2023-02-25,Gotham,800000,High Humidity,COVID-19,"Fever, Dry Cough, Loss of Taste",17.0,2
2023-01-27,Star City,500000,Normal,Influenza,"Fever, Cough, Fatigue",12.0,0
2023-10-20,Coast City,600000,Coastal Weather,Dengue,"High Fever, Joint Pain, Rash",8.0,1
2023-02-27,Metropolis,1000000,High Pollution,COVID-19,"Fever, Dry Cough, Loss of Taste",18.0,1
2023-03-12,Central City,1200000,Normal,COVID-19,"Fever, Dry Cough, Loss of Taste",7.0,0
2023-04-05,Coast City,600000,Coastal Weather,Influenza,"Fever, Cough, Fatigue",16.0,1
2023-10-28,Star City,500000,Normal,Typhoid,"High Fever, Abdominal Pain, Weakness",11.0,1
2023-09-17,Central City,1200000,Normal,Typhoid,"High Fever, Abdominal Pain, Weakness",9.0,2
2023-11-18,Gotham,800000,High Humidity,Cholera,"Severe Diarrhea, Dehydration",154.0,39
2023-09-19,Coast City,600000,Coastal Weather,Cholera,"Severe Diarrhea, Dehydration",12.0,1
2023-10-24,Metropolis,1000000,High Pollution,Dengue,"High Fever, Joint Pain, Rash",4.0,0
2023-04-13,Coast City,600000,Coastal Weather,Influenza,"Fever, Cough, Fatigue",14.0,3
2023-11-15,Gotham,800000,High Humidity,COVID-19,"Fever, Dry Cough, Loss of Taste",8.0,0
2023-03-02,Coast City,600000,Coastal Weather,Influenza,"Fever, Cough, Fatigue",144.0,36
2023-10-25,Gotham,800000,High Humidity,Typhoid,"High Fever, Abdominal Pain, Weakness",12.0,1
2023-07-22,Metropolis,1000000,High Pollution,COVID-19,"Fever, Dry Cough, Loss of Taste",9.0,2
2023-04-27,Star City,500000,Normal,Typhoid,"High Fever, Abdominal Pain, Weakness",4.0,0
2023-08-15,Metropolis,1000000,High Pollution,COVID-19,"Fever, Dry Cough, Loss of Taste",11.0,1
2023-08-15,Metropolis,1000000,High Pollution,Typhoid,"High Fever, Abdominal Pain, Weakness",5.0,0
2023-05-15,Central City,1200000,Normal,Typhoid,"High Fever, Abdominal Pain, Weakness",7.0,0
2023-07-12,Gotham,800000,High Humidity,Cholera,"Severe Diarrhea, Dehydration",8.0,0
2023-03-01,Metropolis,1000000,High Pollution,Dengue,"High Fever, Joint Pain, Rash",11.0,1
2023-12-06,Coast City,600000,Coastal Weather,Typhoid,"High Fever, Abdominal Pain, Weakness",,0
2023-09-07,Coast City,600000,Coastal Weather,COVID-19,"Fever, Dry Cough, Loss of Taste",11.0,2
2023-04-16,Star City,500000,Normal,Influenza,"Fever, Cough, Fatigue",224.0,48
2023-09-09,Gotham,800000,High Humidity,Typhoid,"High Fever, Abdominal Pain, Weakness",13.0,1
2023-03-24,Gotham,800000,High Humidity,Dengue,"High Fever, Joint Pain, Rash",4.0,0
2023-12-12,Metropolis,1000000,High Pollution,COVID-19,"Fever, Dry Cough, Loss of Taste",4.0,1
2023-01-07,Metropolis,1000000,High Pollution,Dengue,"High Fever, Joint Pain, Rash",4.0,0
2023-11-15,Star City,500000,Normal,Typhoid,"High Fever, Abdominal Pain, Weakness",11.0,2
2023-07-05,Gotham,800000,High Humidity,Cholera,"Severe Diarrhea, Dehydration",4.0,0
2023-12-13,Central City,1200000,Normal,Cholera,"Severe Diarrhea, Dehydration",8.0,1
2023-11-18,Central City,1200000,Normal,Cholera,"Severe Diarrhea, Dehydration",7.0,1
2023-03-07,Coast City,600000,Coastal Weather,Typhoid,"High Fever, Abdominal Pain, Weakness",10.0,2
2023-06-06,Coast City,600000,Coastal Weather,COVID-19,"Fever, Dry Cough, Loss of Taste",9.0,0
2023-01-12,Gotham,800000,High Humidity,Cholera,"Severe Diarrhea, Dehydration",16.0,3
2023-07-18,Metropolis,1000000,High Pollution,COVID-19,"Fever, Dry Cough, Loss of Taste",7.0,0
2023-05-03,Metropolis,1000000,High Pollution,Influenza,"Fever, Cough, Fatigue",11.0,0
2023-08-16,Star City,500000,Normal,Cholera,"Severe Diarrhea, Dehydration",14.0,3
2023-07-25,Metropolis,1000000,High Pollution,Influenza,"Fever, Cough, Fatigue",9.0,2
2023-01-02,Coast City,600000,Coastal Weather,Cholera,"Severe Diarrhea, Dehydration",8.0,0
2023-03-28,Metropolis,1000000,High Pollution,Dengue,"High Fever, Joint Pain, Rash",8.0,2
2023-08-20,Star City,500000,Normal,Typhoid,"High Fever, Abdominal Pain, Weakness",10.0,2
2023-05-05,Central City,1200000,Normal,COVID-19,"Fever, Dry Cough, Loss of Taste",10.0,0
2023-03-09,Star City,500000,Normal,Typhoid,"High Fever, Abdominal Pain, Weakness",10.0,1
2023-04-11,Metropolis,1000000,High Pollution,Typhoid,"High Fever, Abdominal Pain, Weakness",15.0,0
2023-10-04,Coast City,600000,Coastal Weather,Cholera,"Severe Diarrhea, Dehydration",15.0,1
2023-05-04,Metropolis,1000000,High Pollution,Typhoid,"High Fever, Abdominal Pain, Weakness",11.0,2
2023-04-22,Coast City,600000,Coastal Weather,Dengue,"High Fever, Joint Pain, Rash",13.0,1
2023-07-25,Central City,1200000,Normal,Influenza,"Fever, Cough, Fatigue",11.0,1
2023-04-09,Metropolis,1000000,High Pollution,COVID-19,"Fever, Dry Cough, Loss of Taste",8.0,1
2023-07-08,Metropolis,1000000,High Pollution,Typhoid,"High Fever, Abdominal Pain, Weakness",9.0,1
2023-01-18,Coast City,600000,Coastal Weather,Influenza,"Fever, Cough, Fatigue",7.0,0
2023-09-20,Central City,1200000,Normal,Dengue,"High Fever, Joint Pain, Rash",15.0,3
2023-05-02,Coast City,600000,Coastal Weather,Typhoid,"High Fever, Abdominal Pain, Weakness",10.0,1
2023-07-04,Central City,1200000,Normal,Dengue,"High Fever, Joint Pain, Rash",5.0,1
2023-03-27,Star City,500000,Normal,Typhoid,"High Fever, Abdominal Pain, Weakness",7.0,0
2023-06-06,Central City,1200000,Normal,Cholera,"Severe Diarrhea, Dehydration",153.0,10
2023-03-08,Coast City,600000,Coastal Weather,Influenza,"Fever, Cough, Fatigue",8.0,0
2023-06-30,Coast City,600000,Coastal Weather,Typhoid,"High Fever, Abdominal Pain, Weakness",,0
2023-12-27,Metropolis,1000000,High Pollution,COVID-19,"Fever, Dry Cough, Loss of Taste",12.0,0
2023-04-21,Coast City,600000,Coastal Weather,COVID-19,"Fever, Dry Cough, Loss of Taste",7.0,1
2023-10-14,Gotham,800000,High Humidity,Cholera,"Severe Diarrhea, Dehydration",8.0,0
2023-06-07,Metropolis,1000000,High Pollution,Typhoid,"High Fever, Abdominal Pain, Weakness",7.0,1
2023-02-01,Star City,500000,Normal,Influenza,"Fever, Cough, Fatigue",12.0,0
2023-12-16,Coast City,600000,Coastal Weather,Typhoid,"High Fever, Abdominal Pain, Weakness",,0
2023-11-02,Central City,1200000,Normal,COVID-19,"Fever, Dry Cough, Loss of Taste",8.0,1
2023-09-11,Coast City,600000,Coastal Weather,Cholera,"Severe Diarrhea, Dehydration",6.0,1
2023-06-25,Metropolis,1000000,High Pollution,Cholera,"Severe Diarrhea, Dehydration",12.0,2
2023-01-30,Star City,500000,Normal,Typhoid,"High Fever, Abdominal Pain, Weakness",8.0,0
2023-05-03,Metropolis,1000000,High Pollution,COVID-19,"Fever, Dry Cough, Loss of Taste",9.0,1
2023-11-08,Coast City,600000,Coastal Weather,Influenza,"Fever, Cough, Fatigue",6.0,1
2023-07-01,Gotham,800000,High Humidity,Cholera,"Severe Diarrhea, Dehydration",14.0,1
2023-10-20,Star City,500000,Normal,COVID-19,"Fever, Dry Cough, Loss of Taste",224.0,44
2023-07-10,Central City,1200000,Normal,Influenza,"Fever, Cough, Fatigue",10.0,1
2023-12-06,Gotham,800000,High Humidity,Typhoid,"High Fever, Abdominal Pain, Weakness",6.0,1
2023-04-28,Metropolis,1000000,High Pollution,Cholera,"Severe Diarrhea, Dehydration",11.0,2
2023-10-02,Gotham,800000,High Humidity,Cholera,"Severe Diarrhea, Dehydration",9.0,2
2023-04-08,Metropolis,1000000,High Pollution,Influenza,"Fever, Cough, Fatigue",176.0,43
2023-01-12,Star City,500000,Normal,COVID-19,"Fever, Dry Cough, Loss of Taste",10.0,2
2023-05-10,Central City,1200000,Normal,Cholera,"Severe Diarrhea, Dehydration",12.0,2
2023-05-24,Gotham,800000,High Humidity,Dengue,"High Fever, Joint Pain, Rash",8.0,0
2023-05-12,Coast City,600000,Coastal Weather,COVID-19,"Fever, Dry Cough, Loss of Taste",3.0,0
2023-03-10,Central City,1200000,Normal,COVID-19,"Fever, Dry Cough, Loss of Taste",12.0,2
2023-06-23,Coast City,600000,Coastal Weather,Cholera,"Severe Diarrhea, Dehydration",6.0,1
2023-05-05,Metropolis,1000000,High Pollution,Typhoid,"High Fever, Abdominal Pain, Weakness",12.0,1
2023-01-01,Gotham,800000,High Humidity,Cholera,"Severe Diarrhea, Dehydration",13.0,2
2023-02-18,Gotham,800000,High Humidity,Influenza,"Fever, Cough, Fatigue",16.0,2
2023-08-13,Central City,1200000,Normal,COVID-19,"Fever, Dry Cough, Loss of Taste",15.0,0
2023-08-13,Central City,1200000,Normal,Influenza,"Fever, Cough, Fatigue",6.0,1
2023-07-17,Metropolis,1000000,High Pollution,Influenza,"Fever, Cough, Fatigue",13.0,3
2023-08-10,Gotham,800000,High Humidity,Influenza,"Fever, Cough, Fatigue",14.0,1
2023-10-23,Central City,1200000,Normal,Typhoid,"High Fever, Abdominal Pain, Weakness",10.0,0
2023-06-14,Coast City,600000,Coastal Weather,Cholera,"Severe Diarrhea, Dehydration",9.0,0
2023-04-15,Coast City,600000,Coastal Weather,Typhoid,"High Fever, Abdominal Pain, Weakness",12.0,2
2023-05-07,Star City,500000,Normal,COVID-19,"Fever, Dry Cough, Loss of Taste",8.0,0
2023-01-20,Coast City,600000,Coastal Weather,Influenza,"Fever, Cough, Fatigue",12.0,2
2023-01-25,Gotham,800000,High Humidity,Influenza,"Fever, Cough, Fatigue",4.0,0
2023-09-11,Central City,1200000,Normal,Dengue,"High Fever, Joint Pain, Rash",12.0,1
2023-05-29,Coast City,600000,Coastal Weather,COVID-19,"Fever, Dry Cough, Loss of Taste",12.0,2
2023-07-22,Star City,500000,Normal,Influenza,"Fever, Cough, Fatigue",10.0,0
2023-05-07,Metropolis,1000000,High Pollution,Cholera,"Severe Diarrhea, Dehydration",10.0,1
2023-06-11,Coast City,600000,Coastal Weather,COVID-19,"Fever, Dry Cough, Loss of Taste",8.0,0
2023-05-28,Gotham,800000,High Humidity,COVID-19,"Fever, Dry Cough, Loss of Taste",9.0,1
2023-05-10,Central City,1200000,Normal,COVID-19,"Fever, Dry Cough, Loss of Taste",8.0,1
2023-04-10,Metropolis,1000000,High Pollution,COVID-19,"Fever, Dry Cough, Loss of Taste",3.0,0
2023-12-27,Central City,1200000,Normal,Cholera,"Severe Diarrhea, Dehydration",7.0,1
2023-06-16,Coast City,600000,Coastal Weather,COVID-19,"Fever, Dry Cough, Loss of Taste",10.0,2
2023-02-21,Central City,1200000,Normal,Cholera,"Severe Diarrhea, Dehydration",96.0,17
2023-06-29,Gotham,800000,High Humidity,Typhoid,"High Fever, Abdominal Pain, Weakness",9.0,2
2023-06-04,Star City,500000,Normal,Typhoid,"High Fever, Abdominal Pain, Weakness",5.0,0
2023-10-26,Central City,1200000,Normal,Cholera,"Severe Diarrhea, Dehydration",6.0,1
2023-06-25,Star City,500000,Normal,Typhoid,"High Fever, Abdominal Pain, Weakness",10.0,0
2023-12-15,Central City,1200000,Normal,Influenza,"Fever, Cough, Fatigue",10.0,2
2023-09-06,Gotham,800000,High Humidity,COVID-19,"Fever, Dry Cough, Loss of Taste",7.0,0
2023-05-09,Metropolis,1000000,High Pollution,Cholera,"Severe Diarrhea, Dehydration",12.0,1
2023-01-19,Metropolis,1000000,High Pollution,Influenza,"Fever, Cough, Fatigue",10.0,0
2023-01-05,Coast City,600000,Coastal Weather,Influenza,"Fever, Cough, Fatigue",5.0,1
2023-09-30,Coast City,600000,Coastal Weather,COVID-19,"Fever, Dry Cough, Loss of Taste",16.0,3
2023-04-16,Metropolis,1000000,High Pollution,Influenza,"Fever, Cough, Fatigue",15.0,1
2023-08-02,Gotham,800000,High Humidity,Typhoid,"High Fever, Abdominal Pain, Weakness",9.0,0
2023-04-16,Gotham,800000,High Humidity,Cholera,"Severe Diarrhea, Dehydration",7.0,0
2023-06-04,Central City,1200000,Normal,Influenza,"Fever, Cough, Fatigue",10.0,1
2023-12-17,Gotham,800000,High Humidity,Cholera,"Severe Diarrhea, Dehydration",8.0,1
2023-10-09,Star City,500000,Normal,Typhoid,"High Fever, Abdominal Pain, Weakness",10.0,2
2023-12-22,Central City,1200000,Normal,Typhoid,"High Fever, Abdominal Pain, Weakness",11.0,2
2023-06-24,Star City,500000,Normal,Influenza,"Fever, Cough, Fatigue",8.0,1
2023-08-13,Star City,500000,Normal,COVID-19,"Fever, Dry Cough, Loss of Taste",19.0,5
2023-09-28,Gotham,800000,High Humidity,Typhoid,"High Fever, Abdominal Pain, Weakness",9.0,2
2023-01-12,Metropolis,1000000,High Pollution,COVID-19,"Fever, Dry Cough, Loss of Taste",13.0,1
2023-01-22,Star City,500000,Normal,COVID-19,"Fever, Dry Cough, Loss of Taste",7.0,1
2023-06-04,Metropolis,1000000,High Pollution,COVID-19,"Fever, Dry Cough, Loss of Taste",10.0,2
2023-05-05,Gotham,800000,High Humidity,Influenza,"Fever, Cough, Fatigue",8.0,1
2023-11-26,Central City,1200000,Normal,Cholera,"Severe Diarrhea, Dehydration",5.0,1
2023-02-17,Coast City,600000,Coastal Weather,Dengue,"High Fever, Joint Pain, Rash",9.0,1
2023-12-06,Coast City,600000,Coastal Weather,Dengue,"High Fever, Joint Pain, Rash",7.0,0
2023-01-24,Star City,500000,Normal,Cholera,"Severe Diarrhea, Dehydration",11.0,1
2023-04-06,Gotham,800000,High Humidity,Cholera,"Severe Diarrhea, Dehydration",15.0,2
2023-12-25,Metropolis,1000000,High Pollution,Influenza,"Fever, Cough, Fatigue",13.0,2
2023-10-13,Gotham,800000,High Humidity,Influenza,"Fever, Cough, Fatigue",9.0,0
2023-09-13,Star City,500000,Normal,Typhoid,"High Fever, Abdominal Pain, Weakness",8.0,1
2023-08-13,Coast City,600000,Coastal Weather,Influenza,"Fever, Cough, Fatigue",10.0,1
2023-04-27,Gotham,800000,High Humidity,Influenza,"Fever, Cough, Fatigue",10.0,1
2023-05-16,Coast City,600000,Coastal Weather,Cholera,"Severe Diarrhea, Dehydration",13.0,2
2023-06-29,Coast City,600000,Coastal Weather,Influenza,"Fever, Cough, Fatigue",16.0,4
2023-06-09,Coast City,600000,Coastal Weather,Dengue,"High Fever, Joint Pain, Rash",12.0,1
2023-09-29,Metropolis,1000000,High Pollution,Influenza,"Fever, Cough, Fatigue",9.0,0
2023-09-22,Gotham,800000,High Humidity,Dengue,"High Fever, Joint Pain, Rash",4.0,0
2023-06-06,Central City,1200000,Normal,Typhoid,"High Fever, Abdominal Pain, Weakness",8.0,0
2023-10-20,Star City,500000,Normal,Dengue,"High Fever, Joint Pain, Rash",7.0,0
2023-12-31,Central City,1200000,Normal,COVID-19,"Fever, Dry Cough, Loss of Taste",7.0,1
2023-12-19,Coast City,600000,Coastal Weather,COVID-19,"Fever, Dry Cough, Loss of Taste",8.0,0
2023-04-06,Star City,500000,Normal,Typhoid,"High Fever, Abdominal Pain, Weakness",9.0,1
2023-03-02,Central City,1200000,Normal,Dengue,"High Fever, Joint Pain, Rash",8.0,2
2023-03-04,Gotham,800000,High Humidity,Influenza,"Fever, Cough, Fatigue",7.0,0
2023-10-28,Coast City,600000,Coastal Weather,Dengue,"High Fever, Joint Pain, Rash",9.0,1
2023-12-24,Coast City,600000,Coastal Weather,Influenza,"Fever, Cough, Fatigue",15.0,3
2023-03-18,Gotham,800000,High Humidity,Dengue,"High Fever, Joint Pain, Rash",9.0,1
2023-03-08,Star City,500000,Normal,COVID-19,"Fever, Dry Cough, Loss of Taste",12.0,2
2023-07-22,Central City,1200000,Normal,COVID-19,"Fever, Dry Cough, Loss of Taste",9.0,0
2023-03-04,Metropolis,1000000,High Pollution,Cholera,"Severe Diarrhea, Dehydration",9.0,1
2023-11-19,Metropolis,1000000,High Pollution,COVID-19,"Fever, Dry Cough, Loss of Taste",11.0,1
2023-07-26,Star City,500000,Normal,Cholera,"Severe Diarrhea, Dehydration",9.0,1
2023-06-01,Star City,500000,Normal,Dengue,"High Fever, Joint Pain, Rash",14.0,2
2023-04-17,Central City,1200000,Normal,Influenza,"Fever, Cough, Fatigue",9.0,2
2023-06-26,Metropolis,1000000,High Pollution,Typhoid,"High Fever, Abdominal Pain, Weakness",11.0,2
2023-09-26,Metropolis,1000000,High Pollution,Dengue,"High Fever, Joint Pain, Rash",15.0,3
2023-04-15,Coast City,600000,Coastal Weather,Influenza,"Fever, Cough, Fatigue",8.0,1
2023-04-07,Central City,1200000,Normal,Cholera,"Severe Diarrhea, Dehydration",15.0,4
2023-11-23,Gotham,800000,High Humidity,Dengue,"High Fever, Joint Pain, Rash",11.0,1
2023-12-05,Star City,500000,Normal,Cholera,"Severe Diarrhea, Dehydration",7.0,0
2023-09-16,Metropolis,1000000,High Pollution,Cholera,"Severe Diarrhea, Dehydration",9.0,1
2023-04-24,Metropolis,1000000,High Pollution,Typhoid,"High Fever, Abdominal Pain, Weakness",15.0,4
2023-06-09,Central City,1200000,Normal,Cholera,"Severe Diarrhea, Dehydration",143.0,36
2023-07-09,Star City,500000,Normal,Dengue,"High Fever, Joint Pain, Rash",8.0,1
2023-05-28,Metropolis,1000000,High Pollution,Dengue,"High Fever, Joint Pain, Rash",9.0,1
2023-12-23,Star City,500000,Normal,Influenza,"Fever, Cough, Fatigue",11.0,2
2023-04-17,Central City,1200000,Normal,Dengue,"High Fever, Joint Pain, Rash",5.0,0
2023-05-13,Star City,500000,Normal,COVID-19,"Fever, Dry Cough, Loss of Taste",18.0,4
2023-02-20,Metropolis,1000000,High Pollution,Influenza,"Fever, Cough, Fatigue",8.0,0
2023-11-11,Coast City,600000,Coastal Weather,Dengue,"High Fever, Joint Pain, Rash",15.0,3
2023-06-06,Coast City,600000,Coastal Weather,COVID-19,"Fever, Dry Cough, Loss of Taste",9.0,1
2023-06-02,Coast City,600000,Coastal Weather,Cholera,"Severe Diarrhea, Dehydration",7.0,2
2023-06-04,Star City,500000,Normal,Dengue,"High Fever, Joint Pain, Rash",7.0,0
2023-07-25,Star City,500000,Normal,Typhoid,"High Fever, Abdominal Pain, Weakness",6.0,1
2023-03-23,Star City,500000,Normal,Dengue,"High Fever, Joint Pain, Rash",11.0,3
2023-09-01,Metropolis,1000000,High Pollution,Influenza,"Fever, Cough, Fatigue",9.0,1
2023-12-12,Metropolis,1000000,High Pollution,Cholera,"Severe Diarrhea, Dehydration",14.0,2
2023-12-21,Central City,1200000,Normal,Typhoid,"High Fever, Abdominal Pain, Weakness",14.0,3
2023-12-09,Central City,1200000,Normal,Cholera,"Severe Diarrhea, Dehydration",12.0,2
2023-02-03,Star City,500000,Normal,Typhoid,"High Fever, Abdominal Pain, Weakness",5.0,0
2023-02-27,Central City,1200000,Normal,Typhoid,"High Fever, Abdominal Pain, Weakness",13.0,3
2023-01-26,Star City,500000,Normal,Dengue,"High Fever, Joint Pain, Rash",11.0,2
2023-07-28,Central City,1200000,Normal,Typhoid,"High Fever, Abdominal Pain, Weakness",10.0,1
2023-05-09,Coast City,600000,Coastal Weather,Cholera,"Severe Diarrhea, Dehydration",9.0,1
2023-02-09,Coast City,600000,Coastal Weather,Influenza,"Fever, Cough, Fatigue",7.0,0
2023-11-23,Central City,1200000,Normal,Cholera,"Severe Diarrhea, Dehydration",7.0,1
2023-10-25,Coast City,600000,Coastal Weather,Typhoid,"High Fever, Abdominal Pain, Weakness",7.0,0
2023-07-27,Gotham,800000,High Humidity,Typhoid,"High Fever, Abdominal Pain, Weakness",12.0,2
2023-12-13,Star City,500000,Normal,Typhoid,"High Fever, Abdominal Pain, Weakness",8.0,1
2023-03-05,Star City,500000,Normal,Influenza,"Fever, Cough, Fatigue",11.0,2
2023-08-26,Gotham,800000,High Humidity,Cholera,"Severe Diarrhea, Dehydration",12.0,0
2023-12-02,Coast City,600000,Coastal Weather,Dengue,"High Fever, Joint Pain, Rash",9.0,1
2023-03-17,Star City,500000,Normal,Dengue,"High Fever, Joint Pain, Rash",5.0,1
2023-10-19,Metropolis,1000000,High Pollution,Dengue,"High Fever, Joint Pain, Rash",5.0,0
2023-02-07,Gotham,800000,High Humidity,Dengue,"High Fever, Joint Pain, Rash",144.0,12
2023-05-05,Central City,1200000,Normal,Typhoid,"High Fever, Abdominal Pain, Weakness",6.0,0
2023-11-15,Central City,1200000,Normal,Dengue,"High Fever, Joint Pain, Rash",15.0,3
2023-02-01,Coast City,600000,Coastal Weather,COVID-19,"Fever, Dry Cough, Loss of Taste",10.0,1
2023-07-29,Star City,500000,Normal,COVID-19,"Fever, Dry Cough, Loss of Taste",9.0,1
2023-08-04,Star City,500000,Normal,Typhoid,"High Fever, Abdominal Pain, Weakness",9.0,2
2023-10-11,Central City,1200000,Normal,Dengue,"High Fever, Joint Pain, Rash",10.0,1
2023-01-16,Gotham,800000,High Humidity,COVID-19,"Fever, Dry Cough, Loss of Taste",8.0,1
2023-01-21,Star City,500000,Normal,Influenza,"Fever, Cough, Fatigue",8.0,1
2023-04-14,Coast City,600000,Coastal Weather,Influenza,"Fever, Cough, Fatigue",8.0,0
2023-06-14,Coast City,600000,Coastal Weather,Typhoid,"High Fever, Abdominal Pain, Weakness",135.0,12
2023-08-13,Metropolis,1000000,High Pollution,Influenza,"Fever, Cough, Fatigue",16.0,3
2023-11-25,Coast City,600000,Coastal Weather,Typhoid,"High Fever, Abdominal Pain, Weakness",5.0,0
2023-02-23,Metropolis,1000000,High Pollution,Dengue,"High Fever, Joint Pain, Rash",10.0,1
2023-05-30,Central City,1200000,Normal,Dengue,"High Fever, Joint Pain, Rash",8.0,1
2023-07-17,Star City,500000,Normal,Dengue,"High Fever, Joint Pain, Rash",105.0,25
2023-01-21,Star City,500000,Normal,Cholera,"Severe Diarrhea, Dehydration",9.0,2
2023-05-05,Metropolis,1000000,High Pollution,Influenza,"Fever, Cough, Fatigue",12.0,3
2023-04-03,Star City,500000,Normal,Cholera,"Severe Diarrhea, Dehydration",12.0,2
2023-02-01,Gotham,800000,High Humidity,Cholera,"Severe Diarrhea, Dehydration",6.0,1
2023-11-18,Central City,1200000,Normal,Typhoid,"High Fever, Abdominal Pain, Weakness",8.0,1
2023-10-21,Coast City,600000,Coastal Weather,Typhoid,"High Fever, Abdominal Pain, Weakness",6.0,0
2023-11-05,Central City,1200000,Normal,Typhoid,"High Fever, Abdominal Pain, Weakness",13.0,3
2023-11-12,Gotham,800000,High Humidity,Cholera,"Severe Diarrhea, Dehydration",8.0,0
2023-10-17,Central City,1200000,Normal,Influenza,"Fever, Cough, Fatigue",14.0,3
2023-07-18,Metropolis,1000000,High Pollution,Influenza,"Fever, Cough, Fatigue",8.0,0
2023-07-29,Coast City,600000,Coastal Weather,Cholera,"Severe Diarrhea, Dehydration",8.0,2
2023-05-29,Coast City,600000,Coastal Weather,COVID-19,"Fever, Dry Cough, Loss of Taste",10.0,2
2023-11-21,Coast City,600000,Coastal Weather,Influenza,"Fever, Cough, Fatigue",9.0,1
2023-06-27,Gotham,800000,High Humidity,Cholera,"Severe Diarrhea, Dehydration",4.0,0
2023-07-21,Star City,500000,Normal,Typhoid,"High Fever, Abdominal Pain, Weakness",14.0,3
2023-04-28,Star City,500000,Normal,Dengue,"High Fever, Joint Pain, Rash",8.0,0
2023-11-29,Gotham,800000,High Humidity,Typhoid,"High Fever, Abdominal Pain, Weakness",10.0,2
2023-12-17,Star City,500000,Normal,Influenza,"Fever, Cough, Fatigue",13.0,2
2023-08-06,Central City,1200000,Normal,Dengue,"High Fever, Joint Pain, Rash",12.0,1
03/04/2023,Metropolis,1000000,High Pollution,Influenza,"Fever, Cough, Fatigue",8.0,1
2023-03-30,Metropolis,1000000,High Pollution,Cholera,"Severe Diarrhea, Dehydration",6.0,1
2023-06-17,Gotham,800000,High Humidity,Dengue,"High Fever, Joint Pain, Rash",6.0,1
2023-09-22,Central City,1200000,Normal,Cholera,"Severe Diarrhea, Dehydration",8.0,1
2023-07-30,Star City,500000,Normal,Cholera,"Severe Diarrhea, Dehydration",12.0,2
2023-05-25,Coast City,600000,Coastal Weather,COVID-19,"Fever, Dry Cough, Loss of Taste",11.0,1
2023-08-06,Metropolis,1000000,High Pollution,Dengue,"High Fever, Joint Pain, Rash",15.0,0
2023-05-12,Central City,1200000,Normal,COVID-19,"Fever, Dry Cough, Loss of Taste",5.0,0
2023-12-16,Metropolis,1000000,High Pollution,Cholera,"Severe Diarrhea, Dehydration",11.0,1
2023-10-14,Coast City,600000,Coastal Weather,Cholera,"Severe Diarrhea, Dehydration",17.0,3
2023-04-27,Central City,1200000,Normal,Dengue,"High Fever, Joint Pain, Rash",10.0,1
2023-08-25,Star City,500000,Normal,Influenza,"Fever, Cough, Fatigue",10.0,2
2023-03-25,Gotham,800000,High Humidity,COVID-19,"Fever, Dry Cough, Loss of Taste",11.0,1
2023-02-11,Coast City,600000,Coastal Weather,Influenza,"Fever, Cough, Fatigue",14.0,1
2023-06-30,Central City,1200000,Normal,COVID-19,"Fever, Dry Cough, Loss of Taste",16.0,3
2023-01-29,Gotham,800000,High Humidity,Cholera,"Severe Diarrhea, Dehydration",8.0,1
2023-05-19,Central City,1200000,Normal,Typhoid,"High Fever, Abdominal Pain, Weakness",10.0,1
2023-07-19,Metropolis,1000000,High Pollution,Cholera,"Severe Diarrhea, Dehydration",15.0,2
2023-07-30,Central City,1200000,Normal,Dengue,"High Fever, Joint Pain, Rash",11.0,2
2023-04-30,Gotham,800000,High Humidity,Influenza,"Fever, Cough, Fatigue",10.0,1
2023-02-23,Gotham,800000,High Humidity,Typhoid,"High Fever, Abdominal Pain, Weakness",9.0,0
2023-03-30,Gotham,800000,High Humidity,COVID-19,"Fever, Dry Cough, Loss of Taste",7.0,0
2023-08-11,Star City,500000,Normal,Cholera,"Severe Diarrhea, Dehydration",9.0,0
2023-01-14,Star City,500000,Normal,Influenza,"Fever, Cough, Fatigue",6.0,0
2023-10-28,Coast City,600000,Coastal Weather,Typhoid,"High Fever, Abdominal Pain, Weakness",6.0,1
2023-05-27,Star City,500000,Normal,Cholera,"Severe Diarrhea, Dehydration",7.0,1
2023-09-30,Gotham,800000,High Humidity,COVID-19,"Fever, Dry Cough, Loss of Taste",7.0,1
2023-04-18,Star City,500000,Normal,Cholera,"Severe Diarrhea, Dehydration",11.0,2
2023-08-17,Central City,1200000,Normal,Influenza,"Fever, Cough, Fatigue",120.0,8
2023-09-16,Central City,1200000,Normal,Cholera,"Severe Diarrhea, Dehydration",13.0,3
2023-06-12,Star City,500000,Normal,Influenza,"Fever, Cough, Fatigue",12.0,3
2023-06-13,Gotham,800000,High Humidity,COVID-19,"Fever, Dry Cough, Loss of Taste",10.0,0
2023-07-18,Star City,500000,Normal,COVID-19,"Fever, Dry Cough, Loss of Taste",11.0,2
2023-07-10,Central City,1200000,Normal,Influenza,"Fever, Cough, Fatigue",5.0,0
2023-05-19,Central City,1200000,Normal,COVID-19,"Fever, Dry Cough, Loss of Taste",11.0,1
2023-02-03,Gotham,800000,High Humidity,Cholera,"Severe Diarrhea, Dehydration",8.0,1
2023-07-23,Metropolis,1000000,High Pollution,Influenza,"Fever, Cough, Fatigue",12.0,3
2023-01-19,Metropolis,1000000,High Pollution,Typhoid,"High Fever, Abdominal Pain, Weakness",9.0,0
2023-10-09,Star City,500000,Normal,Influenza,"Fever, Cough, Fatigue",10.0,0
2023-09-03,Coast City,600000,Coastal Weather,COVID-19,"Fever, Dry Cough, Loss of Taste",4.0,0
2023-02-19,Gotham,800000,High Humidity,Dengue,"High Fever, Joint Pain, Rash",13.0,2
2023-06-19,Gotham,800000,High Humidity,Influenza,"Fever, Cough, Fatigue",80.0,19
2023-04-16,Star City,500000,Normal,Dengue,"High Fever, Joint Pain, Rash",4.0,0
2023-03-15,Metropolis,1000000,High Pollution,Cholera,"Severe Diarrhea, Dehydration",12.0,3
2023-08-25,Star City,500000,Normal,Dengue,"High Fever, Joint Pain, Rash",12.0,1
2023-02-25,Coast City,600000,Coastal Weather,Influenza,"Fever, Cough, Fatigue",4.0,1
2023-11-29,Star City,500000,Normal,Dengue,"High Fever, Joint Pain, Rash",10.0,0
2023-06-05,Star City,500000,Normal,Cholera,"Severe Diarrhea, Dehydration",7.0,1
2023-08-16,Gotham,800000,High Humidity,COVID-19,"Fever, Dry Cough, Loss of Taste",7.0,1
2023-12-30,Star City,500000,Normal,Dengue,"High Fever, Joint Pain, Rash",20.0,5
2023-01-13,Star City,500000,Normal,Influenza,"Fever, Cough, Fatigue",15.0,3
2023-11-01,Coast City,600000,Coastal Weather,COVID-19,"Fever, Dry Cough, Loss of Taste",7.0,1
2023-03-27,Central City,1200000,Normal,COVID-19,"Fever, Dry Cough, Loss of Taste",4.0,0
2023-08-05,Star City,500000,Normal,Dengue,"High Fever, Joint Pain, Rash",15.0,2
2023-01-17,Gotham,800000,High Humidity,Cholera,"Severe Diarrhea, Dehydration",9.0,1
2023-07-31,Gotham,800000,High Humidity,Influenza,"Fever, Cough, Fatigue",4.0,0
2023-10-31,Gotham,800000,High Humidity,Influenza,"Fever, Cough, Fatigue",9.0,0
2023-03-29,Gotham,800000,High Humidity,COVID-19,"Fever, Dry Cough, Loss of Taste",7.0,0
2023-06-20,Star City,500000,Normal,COVID-19,"Fever, Dry Cough, Loss of Taste",8.0,1
2023-01-12,Coast City,600000,Coastal Weather,Cholera,"Severe Diarrhea, Dehydration",15.0,2
2023-08-05,Gotham,800000,High Humidity,Typhoid,"High Fever, Abdominal Pain, Weakness",7.0,1
2023-09-11,Central City,1200000,Normal,Dengue,"High Fever, Joint Pain, Rash",8.0,0
2023-02-05,Gotham,800000,High Humidity,Influenza,"Fever, Cough, Fatigue",10.0,0
2023-12-15,Coast City,600000,Coastal Weather,Cholera,"Severe Diarrhea, Dehydration",7.0,1
2023-04-04,Star City,500000,Normal,Typhoid,"High Fever, Abdominal Pain, Weakness",13.0,2
2023-11-19,Gotham,800000,High Humidity,Typhoid,"High Fever, Abdominal Pain, Weakness",11.0,2
2023-10-19,Gotham,800000,High Humidity,Cholera,"Severe Diarrhea, Dehydration",10.0,1
2023-07-04,Coast City,600000,Coastal Weather,COVID-19,"Fever, Dry Cough, Loss of Taste",5.0,0
2023-10-15,Star City,500000,Normal,Cholera,"Severe Diarrhea, Dehydration",9.0,1
2023-06-20,Central City,1200000,Normal,Typhoid,"High Fever, Abdominal Pain, Weakness",150.0,17
2023-05-05,Gotham,800000,High Humidity,COVID-19,"Fever, Dry Cough, Loss of Taste",10.0,2
2023-05-05,Gotham,800000,High Humidity,Typhoid,"High Fever, Abdominal Pain, Weakness",7.0,1
2023-12-15,Gotham,800000,High Humidity,Dengue,"High Fever, Joint Pain, Rash",9.0,2
2023-05-02,Gotham,800000,High Humidity,Influenza,"Fever, Cough, Fatigue",11.0,0
2023-07-04,Coast City,600000,Coastal Weather,Influenza,"Fever, Cough, Fatigue",20.0,5
2023-02-08,Star City,500000,Normal,COVID-19,"Fever, Dry Cough, Loss of Taste",9.0,1
2023-07-06,Star City,500000,Normal,Cholera,"Severe Diarrhea, Dehydration",5.0,0
2023-02-15,Central City,1200000,Normal,COVID-19,"Fever, Dry Cough, Loss of Taste",10.0,2
2023-04-19,Star City,500000,Normal,Dengue,"High Fever, Joint Pain, Rash",8.0,0
2023-07-15,Metropolis,1000000,High Pollution,Dengue,"High Fever, Joint Pain, Rash",12.0,2
2023-06-28,Central City,1200000,Normal,Dengue,"High Fever, Joint Pain, Rash",4.0,0
2023-09-27,Gotham,800000,High Humidity,Dengue,"High Fever, Joint Pain, Rash",9.0,1
2023-04-12,Coast City,600000,Coastal Weather,Typhoid,"High Fever, Abdominal Pain, Weakness",7.0,1
2023-07-13,Central City,1200000,Normal,Influenza,"Fever, Cough, Fatigue",13.0,3
2023-10-22,Central City,1200000,Normal,Cholera,"Severe Diarrhea, Dehydration",9.0,1
2023-09-13,Gotham,800000,High Humidity,Cholera,"Severe Diarrhea, Dehydration",8.0,1
2023-11-21,Metropolis,1000000,High Pollution,Typhoid,"High Fever, Abdominal Pain, Weakness",9.0,2
2023-04-29,Central City,1200000,Normal,Influenza,"Fever, Cough, Fatigue",17.0,4
2023-01-29,Coast City,600000,Coastal Weather,Typhoid,"High Fever, Abdominal Pain, Weakness",9.0,1
2023-01-19,Central City,1200000,Normal,Cholera,"Severe Diarrhea, Dehydration",12.0,3
2023-02-25,Central City,1200000,Normal,Cholera,"Severe Diarrhea, Dehydration",8.0,1
2023-06-27,Gotham,800000,High Humidity,Influenza,"Fever, Cough, Fatigue",10.0,1
2023-01-01,Star City,500000,Normal,Cholera,"Severe Diarrhea, Dehydration",11.0,0
2023-12-18,Star City,500000,Normal,Typhoid,"High Fever, Abdominal Pain, Weakness",,0
2023-11-07,Gotham,800000,High Humidity,Dengue,"High Fever, Joint Pain, Rash",,0
2023-04-24,Coast City,600000,Coastal Weather,Typhoid,"High Fever, Abdominal Pain, Weakness",8.0,1
2023-12-13,Metropolis,1000000,High Pollution,Dengue,"High Fever, Joint Pain, Rash",7.0,1
2023-02-05,Star City,500000,Normal,Influenza,"Fever, Cough, Fatigue",4.0,0
2023-06-24,Coast City,600000,Coastal Weather,Cholera,"Severe Diarrhea, Dehydration",18.0,2
2023-02-07,Star City,500000,Normal,Typhoid,"High Fever, Abdominal Pain, Weakness",15.0,1
2023-04-13,Star City,500000,Normal,Dengue,"High Fever, Joint Pain, Rash",9.0,2
2023-03-22,Coast City,600000,Coastal Weather,COVID-19,"Fever, Dry Cough, Loss of Taste",8.0,1
2023-01-28,Metropolis,1000000,High Pollution,Typhoid,"High Fever, Abdominal Pain, Weakness",8.0,1
2023-10-06,Coast City,600000,Coastal Weather,Dengue,"High Fever, Joint Pain, Rash",12.0,3
2023-11-10,Metropolis,1000000,High Pollution,Typhoid,"High Fever, Abdominal Pain, Weakness",10.0,1
2023-10-10,Coast City,600000,Coastal Weather,Influenza,"Fever, Cough, Fatigue",4.0,1
2023-03-05,Metropolis,1000000,High Pollution,Influenza,"Fever, Cough, Fatigue",8.0,0
2023-04-09,Central City,1200000,Normal,Cholera,"Severe Diarrhea, Dehydration",13.0,3
2023-03-01,Central City,1200000,Normal,Dengue,"High Fever, Joint Pain, Rash",9.0,0
2023-03-28,Central City,1200000,Normal,Dengue,"High Fever, Joint Pain, Rash",12.0,0
2023-05-24,Metropolis,1000000,High Pollution,Dengue,"High Fever, Joint Pain, Rash",11.0,0
2023-06-28,Metropolis,1000000,High Pollution,Typhoid,"High Fever, Abdominal Pain, Weakness",6.0,1
2023-09-19,Star City,500000,Normal,COVID-19,"Fever, Dry Cough, Loss of Taste",18.0,3
2023-07-22,Metropolis,1000000,High Pollution,Influenza,"Fever, Cough, Fatigue",10.0,1
2023-08-01,Coast City,600000,Coastal Weather,COVID-19,"Fever, Dry Cough, Loss of Taste",7.0,0
2023-02-07,Metropolis,1000000,High Pollution,COVID-19,"Fever, Dry Cough, Loss of Taste",11.0,0
2023-05-24,Metropolis,1000000,High Pollution,Cholera,"Severe Diarrhea, Dehydration",9.0,2
2023-10-24,Central City,1200000,Normal,Typhoid,"High Fever, Abdominal Pain, Weakness",6.0,0
2023-07-01,Star City,500000,Normal,Dengue,"High Fever, Joint Pain, Rash",13.0,3
2023-11-23,Central City,1200000,Normal,Cholera,"Severe Diarrhea, Dehydration",198.0,25
2023-09-25,Star City,500000,Normal,Dengue,"High Fever, Joint Pain, Rash",12.0,1
2023-12-05,Central City,1200000,Normal,Typhoid,"High Fever, Abdominal Pain, Weakness",117.0,23
2023-11-10,Star City,500000,Normal,Typhoid,"High Fever, Abdominal Pain, Weakness",18.0,2
2023-07-11,Gotham,800000,High Humidity,Influenza,"Fever, Cough, Fatigue",11.0,1
2023-12-11,Coast City,600000,Coastal Weather,Typhoid,"High Fever, Abdominal Pain, Weakness",2.0,0
2023-09-05,Coast City,600000,Coastal Weather,Dengue,"High Fever, Joint Pain, Rash",6.0,0
2023-10-24,Coast City,600000,Coastal Weather,Typhoid,"High Fever, Abdominal Pain, Weakness",2.0,0
2023-09-06,Central City,1200000,Normal,Influenza,"Fever, Cough, Fatigue",9.0,1
2023-08-28,Gotham,800000,High Humidity,Cholera,"Severe Diarrhea, Dehydration",8.0,1
2023-12-17,Metropolis,1000000,High Pollution,Cholera,"Severe Diarrhea, Dehydration",5.0,0
2023-01-27,Gotham,800000,High Humidity,Typhoid,"High Fever, Abdominal Pain, Weakness",12.0,2
2023-03-09,Gotham,800000,High Humidity,COVID-19,"Fever, Dry Cough, Loss of Taste",17.0,3
2023-12-11,Coast City,600000,Coastal Weather,Dengue,"High Fever, Joint Pain, Rash",8.0,0
2023-09-11,Coast City,600000,Coastal Weather,Cholera,"Severe Diarrhea, Dehydration",14.0,3
2023-03-14,Gotham,800000,High Humidity,Dengue,"High Fever, Joint Pain, Rash",6.0,0
2023-08-11,Star City,500000,Normal,COVID-19,"Fever, Dry Cough, Loss of Taste",11.0,1
2023-05-26,Central City,1200000,Normal,COVID-19,"Fever, Dry Cough, Loss of Taste",8.0,2
2023-02-11,Gotham,800000,High Humidity,COVID-19,"Fever, Dry Cough, Loss of Taste",11.0,2
2023-07-24,Metropolis,1000000,High Pollution,COVID-19,"Fever, Dry Cough, Loss of Taste",11.0,0
2023-08-02,Coast City,600000,Coastal Weather,Cholera,"Severe Diarrhea, Dehydration",12.0,1
2023-04-01,Central City,1200000,Normal,COVID-19,"Fever, Dry Cough, Loss of Taste",45.0,6
2023-09-01,Gotham,800000,High Humidity,Dengue,"High Fever, Joint Pain, Rash",4.0,0
2023-10-15,Coast City,600000,Coastal Weather,Typhoid,"High Fever, Abdominal Pain, Weakness",8.0,0
2023-11-08,Star City,500000,Normal,Dengue,"High Fever, Joint Pain, Rash",9.0,0
2023-01-09,Central City,1200000,Normal,Dengue,"High Fever, Joint Pain, Rash",6.0,1
2023-02-13,Central City,1200000,Normal,Dengue,"High Fever, Joint Pain, Rash",12.0,3
2023-06-04,Coast City,600000,Coastal Weather,Typhoid,"High Fever, Abdominal Pain, Weakness",13.0,2
2023-02-17,Star City,500000,Normal,Typhoid,"High Fever, Abdominal Pain, Weakness",12.0,2
2023-09-18,Gotham,800000,High Humidity,COVID-19,"Fever, Dry Cough, Loss of Taste",12.0,3
2023-11-25,Star City,500000,Normal,Dengue,"High Fever, Joint Pain, Rash",11.0,0
2023-09-14,Central City,1200000,Normal,Typhoid,"High Fever, Abdominal Pain, Weakness",165.0,26
2023-05-03,Gotham,800000,High Humidity,Influenza,"Fever, Cough, Fatigue",13.0,3
2023-11-11,Gotham,800000,High Humidity,Dengue,"High Fever, Joint Pain, Rash",11.0,2
2023-01-10,Star City,500000,Normal,COVID-19,"Fever, Dry Cough, Loss of Taste",4.0,1
2023-04-07,Star City,500000,Normal,Influenza,"Fever, Cough, Fatigue",13.0,3
2023-09-16,Metropolis,1000000,High Pollution,Influenza,"Fever, Cough, Fatigue",5.0,1
2023-01-07,Gotham,800000,High Humidity,Influenza,"Fever, Cough, Fatigue",7.0,0
2023-06-28,Star City,500000,Normal,Influenza,"Fever, Cough, Fatigue",5.0,0
2023-01-01,Star City,500000,Normal,COVID-19,"Fever, Dry Cough, Loss of Taste",6.0,0
2023-06-19,Gotham,800000,High Humidity,Cholera,"Severe Diarrhea, Dehydration",13.0,2
2023-09-29,Star City,500000,Normal,COVID-19,"Fever, Dry Cough, Loss of Taste",14.0,3
2023-12-07,Gotham,800000,High Humidity,Influenza,"Fever, Cough, Fatigue",11.0,2
2023-02-01,Coast City,600000,Coastal Weather,Typhoid,"High Fever, Abdominal Pain, Weakness",10.0,1
2023-04-30,Coast City,600000,Coastal Weather,Influenza,"Fever, Cough, Fatigue",14.0,0
2023-01-28,Gotham,800000,High Humidity,Influenza,"Fever, Cough, Fatigue",13.0,2
2023-06-03,Gotham,800000,High Humidity,Cholera,"Severe Diarrhea, Dehydration",6.0,1
2023-02-25,Central City,1200000,Normal,COVID-19,"Fever, Dry Cough, Loss of Taste",11.0,2
2023-08-10,Metropolis,1000000,High Pollution,Typhoid,"High Fever, Abdominal Pain, Weakness",7.0,1
2023-09-20,Central City,1200000,Normal,Cholera,"Severe Diarrhea, Dehydration",14.0,1
2023-09-15,Metropolis,1000000,High Pollution,Cholera,"Severe Diarrhea, Dehydration",10.0,2
2023-11-23,Coast City,600000,Coastal Weather,Cholera,"Severe Diarrhea, Dehydration",256.0,61
2023-07-17,Central City,1200000,Normal,Cholera,"Severe Diarrhea, Dehydration",9.0,2
2023-12-30,Gotham,800000,High Humidity,Typhoid,"High Fever, Abdominal Pain, Weakness",7.0,0
2023-08-20,Star City,500000,Normal,Dengue,"High Fever, Joint Pain, Rash",11.0,1
2023-02-16,Star City,500000,Normal,Typhoid,"High Fever, Abdominal Pain, Weakness",9.0,2
2023-04-05,Gotham,800000,High Humidity,Cholera,"Severe Diarrhea, Dehydration",7.0,1
2023-03-18,Coast City,600000,Coastal Weather,Influenza,"Fever, Cough, Fatigue",8.0,0
2023-10-24,Metropolis,1000000,High Pollution,COVID-19,"Fever, Dry Cough, Loss of Taste",10.0,0
2023-08-09,Gotham,800000,High Humidity,Cholera,"Severe Diarrhea, Dehydration",6.0,1
2023-07-16,Coast City,600000,Coastal Weather,Typhoid,"High Fever, Abdominal Pain, Weakness",9.0,0
2023-09-30,Gotham,800000,High Humidity,Influenza,"Fever, Cough, Fatigue",6.0,1
2023-09-06,Star City,500000,Normal,Cholera,"Severe Diarrhea, Dehydration",5.0,1
2023-09-22,Gotham,800000,High Humidity,Influenza,"Fever, Cough, Fatigue",8.0,1
2023-07-24,Coast City,600000,Coastal Weather,Influenza,"Fever, Cough, Fatigue",9.0,2
2023-08-23,Metropolis,1000000,High Pollution,Typhoid,"High Fever, Abdominal Pain, Weakness",10.0,1
2023-09-09,Metropolis,1000000,High Pollution,Dengue,"High Fever, Joint Pain, Rash",10.0,2
2023-07-13,Central City,1200000,Normal,Influenza,"Fever, Cough, Fatigue",9.0,2
2023-10-15,Metropolis,1000000,High Pollution,COVID-19,"Fever, Dry Cough, Loss of Taste",11.0,2
16/01/2023,Metropolis,1000000,High Pollution,Typhoid,"High Fever, Abdominal Pain, Weakness",9.0,1
2023-04-16,Central City,1200000,Normal,Typhoid,"High Fever, Abdominal Pain, Weakness",9.0,1
2023-03-23,Gotham,800000,High Humidity,COVID-19,"Fever, Dry Cough, Loss of Taste",14.0,4
2023-01-10,Metropolis,1000000,High Pollution,Typhoid,"High Fever, Abdominal Pain, Weakness",8.0,1
2023-08-06,Coast City,600000,Coastal Weather,COVID-19,"Fever, Dry Cough, Loss of Taste",18.0,1
2023-06-10,Gotham,800000,High Humidity,Typhoid,"High Fever, Abdominal Pain, Weakness",7.0,1
11/01/2023,Coast City,600000,Coastal Weather,Typhoid,"High Fever, Abdominal Pain, Weakness",7.0,0
2023-02-28,Star City,500000,Normal,Influenza,"Fever, Cough, Fatigue",12.0,2
2023-09-18,Metropolis,1000000,High Pollution,Influenza,"Fever, Cough, Fatigue",13.0,1
2023-03-15,Central City,1200000,Normal,Typhoid,"High Fever, Abdominal Pain, Weakness",8.0,1
2023-01-10,Gotham,800000,High Humidity,Cholera,"Severe Diarrhea, Dehydration",12.0,1
2023-07-07,Metropolis,1000000,High Pollution,Influenza,"Fever, Cough, Fatigue",9.0,1
2023-05-15,Central City,1200000,Normal,Influenza,"Fever, Cough, Fatigue",10.0,1
2023-04-01,Coast City,600000,Coastal Weather,Typhoid,"High Fever, Abdominal Pain, Weakness",12.0,2
04/11/2023,Metropolis,1000000,High Pollution,Influenza,"Fever, Cough, Fatigue",11.0,0
2023-11-12,Gotham,800000,High Humidity,Typhoid,"High Fever, Abdominal Pain, Weakness",17.0,2
2023-02-03,Central City,1200000,Normal,Typhoid,"High Fever, Abdominal Pain, Weakness",11.0,2
2023-04-04,Coast City,600000,Coastal Weather,Typhoid,"High Fever, Abdominal Pain, Weakness",5.0,1
2023-05-01,Coast City,600000,Coastal Weather,Cholera,"Severe Diarrhea, Dehydration",7.0,0
2023-06-13,Central City,1200000,Normal,Dengue,"High Fever, Joint Pain, Rash",8.0,0
2023-05-05,Metropolis,1000000,High Pollution,Dengue,"High Fever, Joint Pain, Rash",12.0,2
2023-11-26,Metropolis,1000000,High Pollution,Cholera,"Severe Diarrhea, Dehydration",11.0,2
2023-01-06,Gotham,800000,High Humidity,Typhoid,"High Fever, Abdominal Pain, Weakness",12.0,0
2023-02-25,Coast City,600000,Coastal Weather,Cholera,"Severe Diarrhea, Dehydration",10.0,2
2023-01-30,Metropolis,1000000,High Pollution,Dengue,"High Fever, Joint Pain, Rash",14.0,1
2023-04-05,Central City,1200000,Normal,Cholera,"Severe Diarrhea, Dehydration",7.0,1
2023-02-17,Central City,1200000,Normal,COVID-19,"Fever, Dry Cough, Loss of Taste",8.0,2
2023-06-25,Star City,500000,Normal,Influenza,"Fever, Cough, Fatigue",11.0,0
2023-05-09,Metropolis,1000000,High Pollution,Dengue,"High Fever, Joint Pain, Rash",14.0,2
2023-06-29,Metropolis,1000000,High Pollution,Cholera,"Severe Diarrhea, Dehydration",10.0,1
2023-04-22,Coast City,600000,Coastal Weather,Typhoid,"High Fever, Abdominal Pain, Weakness",9.0,0
2023-11-27,Central City,1200000,Normal,Typhoid,"High Fever, Abdominal Pain, Weakness",17.0,4
2023-10-20,Metropolis,1000000,High Pollution,COVID-19,"Fever, Dry Cough, Loss of Taste",9.0,1
2023-08-29,Coast City,600000,Coastal Weather,COVID-19,"Fever, Dry Cough, Loss of Taste",11.0,2
2023-02-11,Star City,500000,Normal,Influenza,"Fever, Cough, Fatigue",9.0,1
2023-01-28,Star City,500000,Normal,Cholera,"Severe Diarrhea, Dehydration",8.0,1
2023-10-21,Metropolis,1000000,High Pollution,COVID-19,"Fever, Dry Cough, Loss of Taste",12.0,1
2023-07-04,Central City,1200000,Normal,Dengue,"High Fever, Joint Pain, Rash",11.0,0
2023-08-12,Coast City,600000,Coastal Weather,Influenza,"Fever, Cough, Fatigue",7.0,1
2023-03-15,Metropolis,1000000,High Pollution,Dengue,"High Fever, Joint Pain, Rash",7.0,1
29/04/2023,Coast City,600000,Coastal Weather,Typhoid,"High Fever, Abdominal Pain, Weakness",17.0,4
2023-10-10,Metropolis,1000000,High Pollution,Cholera,"Severe Diarrhea, Dehydration",11.0,3
2023-03-18,Coast City,600000,Coastal Weather,Cholera,"Severe Diarrhea, Dehydration",11.0,2
2023-10-12,Star City,500000,Normal,Influenza,"Fever, Cough, Fatigue",15.0,2
2023-09-17,Metropolis,1000000,High Pollution,Influenza,"Fever, Cough, Fatigue",8.0,2
2023-08-15,Coast City,600000,Coastal Weather,Typhoid,"High Fever, Abdominal Pain, Weakness",9.0,2
2023-04-28,Metropolis,1000000,High Pollution,Cholera,"Severe Diarrhea, Dehydration",9.0,1
2023-03-07,Coast City,600000,Coastal Weather,Cholera,"Severe Diarrhea, Dehydration",,0
2023-09-06,Central City,1200000,Normal,Typhoid,"High Fever, Abdominal Pain, Weakness",12.0,1
2023-03-06,Coast City,600000,Coastal Weather,Influenza,"Fever, Cough, Fatigue",12.0,1
2023-07-01,Star City,500000,Normal,Typhoid,"High Fever, Abdominal Pain, Weakness",11.0,1
2023-03-04,Central City,1200000,Normal,Dengue,"High Fever, Joint Pain, Rash",10.0,1
2023-10-24,Star City,500000,Normal,Influenza,"Fever, Cough, Fatigue",7.0,0
2023-05-05,Star City,500000,Normal,Cholera,"Severe Diarrhea, Dehydration",10.0,0
2023-11-04,Metropolis,1000000,High Pollution,COVID-19,"Fever, Dry Cough, Loss of Taste",7.0,1
2023-08-08,Gotham,800000,High Humidity,Typhoid,"High Fever, Abdominal Pain, Weakness",13.0,3
2023-01-16,Central City,1200000,Normal,Dengue,"High Fever, Joint Pain, Rash",9.0,1
2023-11-17,Coast City,600000,Coastal Weather,Cholera,"Severe Diarrhea, Dehydration",13.0,0
2023-05-05,Star City,500000,Normal,COVID-19,"Fever, Dry Cough, Loss of Taste",9.0,1
2023-12-14,Central City,1200000,Normal,Dengue,"High Fever, Joint Pain, Rash",18.0,5
2023-05-20,Central City,1200000,Normal,Influenza,"Fever, Cough, Fatigue",8.0,0
2023-09-28,Coast City,600000,Coastal Weather,Influenza,"Fever, Cough, Fatigue",14.0,3
2023-08-31,Central City,1200000,Normal,Dengue,"High Fever, Joint Pain, Rash",14.0,3
2023-12-30,Metropolis,1000000,High Pollution,Typhoid,"High Fever, Abdominal Pain, Weakness",128.0,25
2023-11-24,Gotham,800000,High Humidity,Typhoid,"High Fever, Abdominal Pain, Weakness",7.0,1
2023-02-04,Metropolis,1000000,High Pollution,Typhoid,"High Fever, Abdominal Pain, Weakness",6.0,1
2023-09-24,Gotham,800000,High Humidity,Cholera,"Severe Diarrhea, Dehydration",11.0,0
2023-05-17,Star City,500000,Normal,Influenza,"Fever, Cough, Fatigue",8.0,1
2023-03-29,Coast City,600000,Coastal Weather,Cholera,"Severe Diarrhea, Dehydration",10.0,2
2023-02-18,Star City,500000,Normal,Cholera,"Severe Diarrhea, Dehydration",9.0,1
2023-08-13,Star City,500000,Normal,Typhoid,"High Fever, Abdominal Pain, Weakness",10.0,1
2023-09-28,Metropolis,1000000,High Pollution,Typhoid,"High Fever, Abdominal Pain, Weakness",10.0,2
2023-06-08,Central City,1200000,Normal,Cholera,"Severe Diarrhea, Dehydration",8.0,1
2023-09-11,Central City,1200000,Normal,Typhoid,"High Fever, Abdominal Pain, Weakness",3.0,0
2023-08-15,Star City,500000,Normal,COVID-19,"Fever, Dry Cough, Loss of Taste",12.0,2
2023-03-01,Gotham,800000,High Humidity,Typhoid,"High Fever, Abdominal Pain, Weakness",9.0,1
2023-04-19,Gotham,800000,High Humidity,Dengue,"High Fever, Joint Pain, Rash",9.0,2
2023-06-09,Coast City,600000,Coastal Weather,COVID-19,"Fever, Dry Cough, Loss of Taste",8.0,1
2023-04-09,Star City,500000,Normal,Dengue,"High Fever, Joint Pain, Rash",9.0,2
2023-10-22,Star City,500000,Normal,Typhoid,"High Fever, Abdominal Pain, Weakness",108.0,29
2023-07-05,Central City,1200000,Normal,Typhoid,"High Fever, Abdominal Pain, Weakness",208.0,46
2023-05-14,Star City,500000,Normal,Cholera,"Severe Diarrhea, Dehydration",7.0,1
2023-01-18,Coast City,600000,Coastal Weather,COVID-19,"Fever, Dry Cough, Loss of Taste",9.0,1
2023-12-01,Metropolis,1000000,High Pollution,Influenza,"Fever, Cough, Fatigue",11.0,1
2023-11-20,Central City,1200000,Normal,COVID-19,"Fever, Dry Cough, Loss of Taste",5.0,1
2023-04-09,Central City,1200000,Normal,Influenza,"Fever, Cough, Fatigue",6.0,0
2023-01-25,Metropolis,1000000,High Pollution,COVID-19,"Fever, Dry Cough, Loss of Taste",11.0,0
2023-09-18,Central City,1200000,Normal,COVID-19,"Fever, Dry Cough, Loss of Taste",64.0,4
2023-06-15,Gotham,800000,High Humidity,COVID-19,"Fever, Dry Cough, Loss of Taste",7.0,1
2023-11-15,Central City,1200000,Normal,Typhoid,"High Fever, Abdominal Pain, Weakness",144.0,15
2023-07-06,Metropolis,1000000,High Pollution,Cholera,"Severe Diarrhea, Dehydration",9.0,0
2023-05-21,Coast City,600000,Coastal Weather,Cholera,"Severe Diarrhea, Dehydration",11.0,2
2023-01-31,Star City,500000,Normal,Typhoid,"High Fever, Abdominal Pain, Weakness",7.0,1
2023-05-18,Gotham,800000,High Humidity,Typhoid,"High Fever, Abdominal Pain, Weakness",10.0,2
2023-09-15,Metropolis,1000000,High Pollution,Cholera,"Severe Diarrhea, Dehydration",4.0,0
2023-03-11,Metropolis,1000000,High Pollution,Influenza,"Fever, Cough, Fatigue",12.0,1
2023-10-17,Gotham,800000,High Humidity,COVID-19,"Fever, Dry Cough, Loss of Taste",4.0,1
2023-01-06,Gotham,800000,High Humidity,COVID-19,"Fever, Dry Cough, Loss of Taste",7.0,0
2023-11-03,Coast City,600000,Coastal Weather,Influenza,"Fever, Cough, Fatigue",3.0,0
2023-03-03,Central City,1200000,Normal,COVID-19,"Fever, Dry Cough, Loss of Taste",11.0,3
2023-08-03,Metropolis,1000000,High Pollution,Influenza,"Fever, Cough, Fatigue",,0
2023-09-09,Coast City,600000,Coastal Weather,Dengue,"High Fever, Joint Pain, Rash",10.0,1
2023-05-24,Coast City,600000,Coastal Weather,COVID-19,"Fever, Dry Cough, Loss of Taste",10.0,1
2023-02-21,Central City,1200000,Normal,Dengue,"High Fever, Joint Pain, Rash",10.0,1
2023-01-07,Central City,1200000,Normal,Typhoid,"High Fever, Abdominal Pain, Weakness",102.0,26
2023-08-22,Gotham,800000,High Humidity,Cholera,"Severe Diarrhea, Dehydration",10.0,2
2023-02-03,Coast City,600000,Coastal Weather,Cholera,"Severe Diarrhea, Dehydration",12.0,2
2023-02-19,Star City,500000,Normal,Typhoid,"High Fever, Abdominal Pain, Weakness",13.0,1
2023-07-20,Star City,500000,Normal,Typhoid,"High Fever, Abdominal Pain, Weakness",9.0,1
2023-04-01,Star City,500000,Normal,COVID-19,"Fever, Dry Cough, Loss of Taste",3.0,0
2023-08-23,Star City,500000,Normal,COVID-19,"Fever, Dry Cough, Loss of Taste",12.0,2
2023-04-19,Star City,500000,Normal,Cholera,"Severe Diarrhea, Dehydration",11.0,1
2023-05-07,Metropolis,1000000,High Pollution,Dengue,"High Fever, Joint Pain, Rash",6.0,0
2023-03-04,Central City,1200000,Normal,Influenza,"Fever, Cough, Fatigue",7.0,0
2023-09-18,Star City,500000,Normal,Influenza,"Fever, Cough, Fatigue",11.0,1
2023-05-26,Central City,1200000,Normal,Cholera,"Severe Diarrhea, Dehydration",8.0,0
2023-07-06,Gotham,800000,High Humidity,COVID-19,"Fever, Dry Cough, Loss of Taste",11.0,1
2023-08-23,Gotham,800000,High Humidity,Dengue,"High Fever, Joint Pain, Rash",12.0,2
2023-06-15,Coast City,600000,Coastal Weather,Typhoid,"High Fever, Abdominal Pain, Weakness",14.0,1
2023-02-05,Gotham,800000,High Humidity,COVID-19,"Fever, Dry Cough, Loss of Taste",130.0,27
2023-10-16,Central City,1200000,Normal,Influenza,"Fever, Cough, Fatigue",6.0,1
2023-10-25,Star City,500000,Normal,Typhoid,"High Fever, Abdominal Pain, Weakness",8.0,0
2023-08-06,Central City,1200000,Normal,Typhoid,"High Fever, Abdominal Pain, Weakness",11.0,2
2023-11-20,Coast City,600000,Coastal Weather,Typhoid,"High Fever, Abdominal Pain, Weakness",,0
2023-06-06,Gotham,800000,High Humidity,Typhoid,"High Fever, Abdominal Pain, Weakness",12.0,1
2023-07-13,Coast City,600000,Coastal Weather,Influenza,"Fever, Cough, Fatigue",13.0,3
2023-10-19,Star City,500000,Normal,Cholera,"Severe Diarrhea, Dehydration",176.0,42
2023-12-20,Gotham,800000,High Humidity,Cholera,"Severe Diarrhea, Dehydration",14.0,0
2023-03-15,Gotham,800000,High Humidity,Influenza,"Fever, Cough, Fatigue",6.0,1
2023-11-02,Coast City,600000,Coastal Weather,Typhoid,"High Fever, Abdominal Pain, Weakness",6.0,1
2023-11-27,Central City,1200000,Normal,COVID-19,"Fever, Dry Cough, Loss of Taste",12.0,2
2023-08-26,Star City,500000,Normal,Cholera,"Severe Diarrhea, Dehydration",10.0,1
2023-12-17,Gotham,800000,High Humidity,Influenza,"Fever, Cough, Fatigue",13.0,0
2023-11-29,Gotham,800000,High Humidity,Influenza,"Fever, Cough, Fatigue",11.0,0
2023-03-10,Coast City,600000,Coastal Weather,Cholera,"Severe Diarrhea, Dehydration",6.0,1
2023-02-21,Metropolis,1000000,High Pollution,Cholera,"Severe Diarrhea, Dehydration",10.0,2
2023-05-26,Metropolis,1000000,High Pollution,Cholera,"Severe Diarrhea, Dehydration",9.0,1
2023-02-22,Coast City,600000,Coastal Weather,Influenza,"Fever, Cough, Fatigue",8.0,2
2023-12-08,Star City,500000,Normal,Influenza,"Fever, Cough, Fatigue",12.0,1
2023-05-27,Central City,1200000,Normal,Typhoid,"High Fever, Abdominal Pain, Weakness",11.0,1
2023-12-12,Central City,1200000,Normal,Typhoid,"High Fever, Abdominal Pain, Weakness",9.0,0
2023-10-10,Central City,1200000,Normal,Cholera,"Severe Diarrhea, Dehydration",9.0,1
2023-02-21,Coast City,600000,Coastal Weather,Cholera,"Severe Diarrhea, Dehydration",98.0,9
2023-06-22,Star City,500000,Normal,COVID-19,"Fever, Dry Cough, Loss of Taste",14.0,1
2023-08-12,Star City,500000,Normal,Cholera,"Severe Diarrhea, Dehydration",12.0,1
2023-04-05,Central City,1200000,Normal,Influenza,"Fever, Cough, Fatigue",9.0,0
2023-01-22,Gotham,800000,High Humidity,Influenza,"Fever, Cough, Fatigue",10.0,2
2023-04-01,Coast City,600000,Coastal Weather,Dengue,"High Fever, Joint Pain, Rash",12.0,1
2023-11-26,Central City,1200000,Normal,Cholera,"Severe Diarrhea, Dehydration",14.0,3
2023-10-23,Metropolis,1000000,High Pollution,Cholera,"Severe Diarrhea, Dehydration",4.0,1
2023-06-10,Metropolis,1000000,High Pollution,COVID-19,"Fever, Dry Cough, Loss of Taste",9.0,0
2023-01-01,Metropolis,1000000,High Pollution,Typhoid,"High Fever, Abdominal Pain, Weakness",252.0,72
2023-05-07,Star City,500000,Normal,Dengue,"High Fever, Joint Pain, Rash",5.0,1
2023-01-29,Star City,500000,Normal,Dengue,"High Fever, Joint Pain, Rash",10.0,2
2023-10-07,Gotham,800000,High Humidity,Cholera,"Severe Diarrhea, Dehydration",13.0,2
2023-07-29,Metropolis,1000000,High Pollution,Typhoid,"High Fever, Abdominal Pain, Weakness",9.0,1
2023-06-27,Metropolis,1000000,High Pollution,Cholera,"Severe Diarrhea, Dehydration",14.0,0
2023-03-08,Central City,1200000,Normal,Dengue,"High Fever, Joint Pain, Rash",11.0,0
2023-07-28,Coast City,600000,Coastal Weather,COVID-19,"Fever, Dry Cough, Loss of Taste",91.0,9
2023-04-03,Star City,500000,Normal,COVID-19,"Fever, Dry Cough, Loss of Taste",7.0,1
2023-03-12,Coast City,600000,Coastal Weather,Typhoid,"High Fever, Abdominal Pain, Weakness",11.0,2
2023-01-06,Central City,1200000,Normal,Influenza,"Fever, Cough, Fatigue",10.0,1
2023-08-01,Gotham,800000,High Humidity,Typhoid,"High Fever, Abdominal Pain, Weakness",8.0,0
2023-05-07,Star City,500000,Normal,Dengue,"High Fever, Joint Pain, Rash",8.0,1
2023-02-18,Coast City,600000,Coastal Weather,Cholera,"Severe Diarrhea, Dehydration",12.0,1
2023-02-18,Central City,1200000,Normal,Typhoid,"High Fever, Abdominal Pain, Weakness",15.0,4
2023-04-06,Central City,1200000,Normal,COVID-19,"Fever, Dry Cough, Loss of Taste",9.0,2
2023-07-10,Gotham,800000,High Humidity,Cholera,"Severe Diarrhea, Dehydration",8.0,1
2023-06-17,Star City,500000,Normal,COVID-19,"Fever, Dry Cough, Loss of Taste",12.0,2
2023-08-15,Metropolis,1000000,High Pollution,Influenza,"Fever, Cough, Fatigue",119.0,12
08/01/2023,Star City,500000,Normal,Cholera,"Severe Diarrhea, Dehydration",13.0,2
2023-04-23,Gotham,800000,High Humidity,Influenza,"Fever, Cough, Fatigue",11.0,1
2023-11-21,Central City,1200000,Normal,Cholera,"Severe Diarrhea, Dehydration",14.0,1
2023-07-31,Gotham,800000,High Humidity,Typhoid,"High Fever, Abdominal Pain, Weakness",6.0,1
2023-06-04,Star City,500000,Normal,Typhoid,"High Fever, Abdominal Pain, Weakness",17.0,2
2023-05-19,Gotham,800000,High Humidity,Typhoid,"High Fever, Abdominal Pain, Weakness",15.0,3
2023-09-06,Star City,500000,Normal,Influenza,"Fever, Cough, Fatigue",12.0,0
2023-06-15,Coast City,600000,Coastal Weather,Cholera,"Severe Diarrhea, Dehydration",7.0,1
2023-11-26,Central City,1200000,Normal,COVID-19,"Fever, Dry Cough, Loss of Taste",12.0,1
2023-04-18,Gotham,800000,High Humidity,Typhoid,"High Fever, Abdominal Pain, Weakness",8.0,1
2023-02-12,Coast City,600000,Coastal Weather,COVID-19,"Fever, Dry Cough, Loss of Taste",7.0,0
2023-10-01,Gotham,800000,High Humidity,COVID-19,"Fever, Dry Cough, Loss of Taste",,0
2023-08-20,Metropolis,1000000,High Pollution,COVID-19,"Fever, Dry Cough, Loss of Taste",15.0,1
2023-05-08,Star City,500000,Normal,COVID-19,"Fever, Dry Cough, Loss of Taste",11.0,3
2023-06-15,Coast City,600000,Coastal Weather,Typhoid,"High Fever, Abdominal Pain, Weakness",8.0,1
2023-11-23,Metropolis,1000000,High Pollution,Cholera,"Severe Diarrhea, Dehydration",6.0,1
2023-07-05,Star City,500000,Normal,Influenza,"Fever, Cough, Fatigue",8.0,0
2023-11-03,Star City,500000,Normal,Typhoid,"High Fever, Abdominal Pain, Weakness",9.0,2
2023-04-15,Central City,1200000,Normal,Influenza,"Fever, Cough, Fatigue",10.0,1
2023-03-28,Star City,500000,Normal,Cholera,"Severe Diarrhea, Dehydration",10.0,2
2023-04-23,Gotham,800000,High Humidity,Typhoid,"High Fever, Abdominal Pain, Weakness",11.0,1
2023-09-28,Gotham,800000,High Humidity,Influenza,"Fever, Cough, Fatigue",9.0,1
2023-09-03,Coast City,600000,Coastal Weather,Cholera,"Severe Diarrhea, Dehydration",5.0,0
2023-11-16,Star City,500000,Normal,Cholera,"Severe Diarrhea, Dehydration",13.0,3
2023-04-11,Central City,1200000,Normal,Cholera,"Severe Diarrhea, Dehydration",11.0,1
2023-08-12,Star City,500000,Normal,COVID-19,"Fever, Dry Cough, Loss of Taste",18.0,3
2023-10-23,Coast City,600000,Coastal Weather,Dengue,"High Fever, Joint Pain, Rash",6.0,0
2023-02-21,Central City,1200000,Normal,COVID-19,"Fever, Dry Cough, Loss of Taste",12.0,2
2023-11-02,Central City,1200000,Normal,Dengue,"High Fever, Joint Pain, Rash",9.0,1
2023-01-14,Gotham,800000,High Humidity,Influenza,"Fever, Cough, Fatigue",10.0,2
2023-04-13,Metropolis,1000000,High Pollution,Dengue,"High Fever, Joint Pain, Rash",9.0,2
2023-06-18,Central City,1200000,Normal,Influenza,"Fever, Cough, Fatigue",12.0,3
2023-02-15,Gotham,800000,High Humidity,Dengue,"High Fever, Joint Pain, Rash",8.0,0
2023-06-26,Metropolis,1000000,High Pollution,Cholera,"Severe Diarrhea, Dehydration",15.0,2
2023-01-23,Gotham,800000,High Humidity,Cholera,"Severe Diarrhea, Dehydration",8.0,1
2023-03-24,Coast City,600000,Coastal Weather,Dengue,"High Fever, Joint Pain, Rash",7.0,0
2023-04-17,Star City,500000,Normal,COVID-19,"Fever, Dry Cough, Loss of Taste",4.0,0
2023-08-23,Coast City,600000,Coastal Weather,Cholera,"Severe Diarrhea, Dehydration",14.0,1
2023-04-24,Coast City,600000,Coastal Weather,Typhoid,"High Fever, Abdominal Pain, Weakness",8.0,2
2023-02-18,Central City,1200000,Normal,COVID-19,"Fever, Dry Cough, Loss of Taste",8.0,0
2023-02-04,Coast City,600000,Coastal Weather,Dengue,"High Fever, Joint Pain, Rash",15.0,3
2023-09-29,Gotham,800000,High Humidity,COVID-19,"Fever, Dry Cough, Loss of Taste",6.0,0
2023-07-31,Gotham,800000,High Humidity,Typhoid,"High Fever, Abdominal Pain, Weakness",5.0,0
2023-06-01,Star City,500000,Normal,Influenza,"Fever, Cough, Fatigue",12.0,3
2023-12-29,Coast City,600000,Coastal Weather,Dengue,"High Fever, Joint Pain, Rash",10.0,0
2023-05-09,Gotham,800000,High Humidity,Cholera,"Severe Diarrhea, Dehydration",8.0,1
2023-11-07,Metropolis,1000000,High Pollution,Typhoid,"High Fever, Abdominal Pain, Weakness",14.0,3
2023-12-01,Gotham,800000,High Humidity,Cholera,"Severe Diarrhea, Dehydration",12.0,3
2023-10-20,Central City,1200000,Normal,Influenza,"Fever, Cough, Fatigue",1.0,0
2023-12-28,Star City,500000,Normal,Typhoid,"High Fever, Abdominal Pain, Weakness",9.0,1
2023-08-29,Gotham,800000,High Humidity,COVID-19,"Fever, Dry Cough, Loss of Taste",9.0,0
2023-06-09,Coast City,600000,Coastal Weather,Influenza,"Fever, Cough, Fatigue",50.0,11
2023-03-14,Central City,1200000,Normal,Influenza,"Fever, Cough, Fatigue",15.0,4
2023-03-20,Star City,500000,Normal,COVID-19,"Fever, Dry Cough, Loss of Taste",12.0,3
2023-06-18,Coast City,600000,Coastal Weather,Cholera,"Severe Diarrhea, Dehydration",11.0,1
2023-12-10,Central City,1200000,Normal,Typhoid,"High Fever, Abdominal Pain, Weakness",15.0,1
2023-05-28,Coast City,600000,Coastal Weather,Typhoid,"High Fever, Abdominal Pain, Weakness",16.0,1
2023-02-26,Central City,1200000,Normal,Influenza,"Fever, Cough, Fatigue",11.0,0
2023-08-10,Gotham,800000,High Humidity,Dengue,"High Fever, Joint Pain, Rash",7.0,1
05/12/2023,Central City,1200000,Normal,Influenza,"Fever, Cough, Fatigue",10.0,0
2023-09-04,Gotham,800000,High Humidity,Cholera,"Severe Diarrhea, Dehydration",8.0,0
2023-07-06,Star City,500000,Normal,Typhoid,"High Fever, Abdominal Pain, Weakness",8.0,1
2023-11-25,Coast City,600000,Coastal Weather,COVID-19,"Fever, Dry Cough, Loss of Taste",13.0,3
2023-12-06,Central City,1200000,Normal,Influenza,"Fever, Cough, Fatigue",10.0,2
2023-02-12,Gotham,800000,High Humidity,Dengue,"High Fever, Joint Pain, Rash",6.0,1
2023-03-24,Central City,1200000,Normal,Typhoid,"High Fever, Abdominal Pain, Weakness",13.0,1
2023-03-07,Metropolis,1000000,High Pollution,Influenza,"Fever, Cough, Fatigue",15.0,1
2023-07-16,Coast City,600000,Coastal Weather,Cholera,"Severe Diarrhea, Dehydration",9.0,2
2023-10-05,Star City,500000,Normal,Influenza,"Fever, Cough, Fatigue",15.0,4
2023-07-07,Central City,1200000,Normal,Influenza,"Fever, Cough, Fatigue",10.0,1
2023-04-27,Metropolis,1000000,High Pollution,Cholera,"Severe Diarrhea, Dehydration",6.0,1
2023-04-11,Central City,1200000,Normal,Cholera,"Severe Diarrhea, Dehydration",12.0,1
2023-08-05,Coast City,600000,Coastal Weather,Influenza,"Fever, Cough, Fatigue",5.0,0
2023-05-12,Metropolis,1000000,High Pollution,Typhoid,"High Fever, Abdominal Pain, Weakness",12.0,1
2023-04-04,Gotham,800000,High Humidity,Dengue,"High Fever, Joint Pain, Rash",14.0,2
2023-09-04,Metropolis,1000000,High Pollution,Cholera,"Severe Diarrhea, Dehydration",7.0,0
2023-10-11,Star City,500000,Normal,Cholera,"Severe Diarrhea, Dehydration",6.0,1
2023-12-03,Star City,500000,Normal,Influenza,"Fever, Cough, Fatigue",7.0,0
2023-08-09,Metropolis,1000000,High Pollution,Dengue,"High Fever, Joint Pain, Rash",2.0,0
2023-07-12,Metropolis,1000000,High Pollution,Typhoid,"High Fever, Abdominal Pain, Weakness",7.0,0
2023-12-03,Central City,1200000,Normal,Typhoid,"High Fever, Abdominal Pain, Weakness",10.0,2
2023-09-30,Star City,500000,Normal,Typhoid,"High Fever, Abdominal Pain, Weakness",6.0,1
2023-02-18,Star City,500000,Normal,Typhoid,"High Fever, Abdominal Pain, Weakness",13.0,2
2023-06-18,Central City,1200000,Normal,Typhoid,"High Fever, Abdominal Pain, Weakness",12.0,2
2023-12-31,Metropolis,1000000,High Pollution,Dengue,"High Fever, Joint Pain, Rash",11.0,2
2023-12-04,Coast City,600000,Coastal Weather,Typhoid,"High Fever, Abdominal Pain, Weakness",7.0,2
2023-04-01,Gotham,800000,High Humidity,Typhoid,"High Fever, Abdominal Pain, Weakness",8.0,1
2023-08-17,Coast City,600000,Coastal Weather,Typhoid,"High Fever, Abdominal Pain, Weakness",8.0,1
2023-06-07,Metropolis,1000000,High Pollution,Dengue,"High Fever, Joint Pain, Rash",13.0,2
2023-05-11,Star City,500000,Normal,Typhoid,"High Fever, Abdominal Pain, Weakness",8.0,1
2023-10-26,Star City,500000,Normal,Typhoid,"High Fever, Abdominal Pain, Weakness",8.0,1
2023-11-24,Coast City,600000,Coastal Weather,Typhoid,"High Fever, Abdominal Pain, Weakness",8.0,0
2023-09-02,Metropolis,1000000,High Pollution,Influenza,"Fever, Cough, Fatigue",8.0,1
2023-08-06,Star City,500000,Normal,Typhoid,"High Fever, Abdominal Pain, Weakness",10.0,1
2023-10-28,Metropolis,1000000,High Pollution,Cholera,"Severe Diarrhea, Dehydration",72.0,19
2023-04-02,Star City,500000,Normal,Dengue,"High Fever, Joint Pain, Rash",10.0,0
2023-04-23,Gotham,800000,High Humidity,Cholera,"Severe Diarrhea, Dehydration",8.0,1
2023-08-21,Central City,1200000,Normal,Influenza,"Fever, Cough, Fatigue",7.0,1
2023-11-07,Star City,500000,Normal,Influenza,"Fever, Cough, Fatigue",16.0,3
2023-01-18,Metropolis,1000000,High Pollution,Cholera,"Severe Diarrhea, Dehydration",10.0,1
2023-06-15,Coast City,600000,Coastal Weather,Influenza,"Fever, Cough, Fatigue",13.0,1
2023-10-29,Metropolis,1000000,High Pollution,Typhoid,"High Fever, Abdominal Pain, Weakness",9.0,1
2023-04-03,Coast City,600000,Coastal Weather,Cholera,"Severe Diarrhea, Dehydration",10.0,0
2023-07-04,Star City,500000,Normal,Influenza,"Fever, Cough, Fatigue",4.0,0
2023-11-06,Metropolis,1000000,High Pollution,Cholera,"Severe Diarrhea, Dehydration",13.0,2
08/07/2023,Coast City,600000,Coastal Weather,COVID-19,"Fever, Dry Cough, Loss of Taste",11.0,2
2023-06-25,Coast City,600000,Coastal Weather,Influenza,"Fever, Cough, Fatigue",13.0,3
2023-10-22,Coast City,600000,Coastal Weather,Dengue,"High Fever, Joint Pain, Rash",7.0,0
2023-09-12,Coast City,600000,Coastal Weather,Typhoid,"High Fever, Abdominal Pain, Weakness",108.0,29
2023-10-29,Coast City,600000,Coastal Weather,COVID-19,"Fever, Dry Cough, Loss of Taste",4.0,0
2023-03-03,Metropolis,1000000,High Pollution,Influenza,"Fever, Cough, Fatigue",18.0,1
2023-02-08,Central City,1200000,Normal,Cholera,"Severe Diarrhea, Dehydration",24.0,3
2023-04-14,Coast City,600000,Coastal Weather,Typhoid,"High Fever, Abdominal Pain, Weakness",10.0,1
2023-04-13,Metropolis,1000000,High Pollution,Typhoid,"High Fever, Abdominal Pain, Weakness",12.0,0
2023-08-19,Metropolis,1000000,High Pollution,Dengue,"High Fever, Joint Pain, Rash",10.0,1
2023-05-24,Star City,500000,Normal,Dengue,"High Fever, Joint Pain, Rash",11.0,1
2023-01-27,Coast City,600000,Coastal Weather,Dengue,"High Fever, Joint Pain, Rash",10.0,2
2023-01-01,Star City,500000,Normal,Dengue,"High Fever, Joint Pain, Rash",234.0,46
2023-10-05,Metropolis,1000000,High Pollution,Cholera,"Severe Diarrhea, Dehydration",6.0,1
2023-01-11,Central City,1200000,Normal,Typhoid,"High Fever, Abdominal Pain, Weakness",5.0,0
2023-03-17,Central City,1200000,Normal,COVID-19,"Fever, Dry Cough, Loss of Taste",12.0,1
2023-07-12,Coast City,600000,Coastal Weather,Influenza,"Fever, Cough, Fatigue",7.0,0
2023-04-12,Star City,500000,Normal,Typhoid,"High Fever, Abdominal Pain, Weakness",8.0,2
2023-09-27,Star City,500000,Normal,Typhoid,"High Fever, Abdominal Pain, Weakness",17.0,1
2023-12-07,Metropolis,1000000,High Pollution,COVID-19,"Fever, Dry Cough, Loss of Taste",15.0,1
2023-01-31,Star City,500000,Normal,Cholera,"Severe Diarrhea, Dehydration",9.0,1
2023-07-22,Metropolis,1000000,High Pollution,Influenza,"Fever, Cough, Fatigue",162.0,41
2023-10-21,Coast City,600000,Coastal Weather,Cholera,"Severe Diarrhea, Dehydration",11.0,0
2023-09-30,Star City,500000,Normal,Influenza,"Fever, Cough, Fatigue",6.0,1
2023-06-10,Star City,500000,Normal,Dengue,"High Fever, Joint Pain, Rash",11.0,2
2023-09-30,Central City,1200000,Normal,Typhoid,"High Fever, Abdominal Pain, Weakness",9.0,0
2023-09-16,Metropolis,1000000,High Pollution,COVID-19,"Fever, Dry Cough, Loss of Taste",11.0,2
2023-07-08,Central City,1200000,Normal,Cholera,"Severe Diarrhea, Dehydration",11.0,2
2023-01-17,Star City,500000,Normal,Dengue,"High Fever, Joint Pain, Rash",5.0,0
2023-06-04,Gotham,800000,High Humidity,Dengue,"High Fever, Joint Pain, Rash",182.0,44
2023-03-26,Gotham,800000,High Humidity,Dengue,"High Fever, Joint Pain, Rash",8.0,2
2023-03-10,Coast City,600000,Coastal Weather,Typhoid,"High Fever, Abdominal Pain, Weakness",5.0,1
2023-06-03,Star City,500000,Normal,COVID-19,"Fever, Dry Cough, Loss of Taste",12.0,2
2023-07-15,Star City,500000,Normal,Typhoid,"High Fever, Abdominal Pain, Weakness",,0
2023-07-30,Central City,1200000,Normal,Typhoid,"High Fever, Abdominal Pain, Weakness",13.0,3
2023-10-10,Coast City,600000,Coastal Weather,Cholera,"Severe Diarrhea, Dehydration",11.0,1
2023-03-05,Star City,500000,Normal,Dengue,"High Fever, Joint Pain, Rash",9.0,1
2023-01-03,Metropolis,1000000,High Pollution,Typhoid,"High Fever, Abdominal Pain, Weakness",7.0,0
2023-01-05,Metropolis,1000000,High Pollution,Dengue,"High Fever, Joint Pain, Rash",11.0,1
2023-04-15,Coast City,600000,Coastal Weather,Dengue,"High Fever, Joint Pain, Rash",9.0,1
2023-10-13,Coast City,600000,Coastal Weather,Cholera,"Severe Diarrhea, Dehydration",13.0,3
2023-01-06,Star City,500000,Normal,Typhoid,"High Fever, Abdominal Pain, Weakness",,0
2023-01-18,Gotham,800000,High Humidity,Influenza,"Fever, Cough, Fatigue",10.0,1
2023-10-04,Coast City,600000,Coastal Weather,Dengue,"High Fever, Joint Pain, Rash",8.0,1
2023-01-09,Central City,1200000,Normal,Influenza,"Fever, Cough, Fatigue",104.0,30
2023-06-05,Gotham,800000,High Humidity,Influenza,"Fever, Cough, Fatigue",7.0,1
2023-09-21,Star City,500000,Normal,COVID-19,"Fever, Dry Cough, Loss of Taste",8.0,1
2023-06-05,Gotham,800000,High Humidity,COVID-19,"Fever, Dry Cough, Loss of Taste",9.0,0
2023-12-02,Gotham,800000,High Humidity,Dengue,"High Fever, Joint Pain, Rash",4.0,0
2023-11-17,Central City,1200000,Normal,COVID-19,"Fever, Dry Cough, Loss of Taste",6.0,1
2023-11-28,Central City,1200000,Normal,Cholera,"Severe Diarrhea, Dehydration",9.0,0
2023-01-31,Gotham,800000,High Humidity,Cholera,"Severe Diarrhea, Dehydration",6.0,1
2023-11-23,Gotham,800000,High Humidity,Dengue,"High Fever, Joint Pain, Rash",9.0,1
2023-06-28,Central City,1200000,Normal,COVID-19,"Fever, Dry Cough, Loss of Taste",7.0,1
2023-11-26,Metropolis,1000000,High Pollution,Dengue,"High Fever, Joint Pain, Rash",11.0,1
2023-10-22,Coast City,600000,Coastal Weather,Influenza,"Fever, Cough, Fatigue",9.0,1
2023-03-04,Coast City,600000,Coastal Weather,Influenza,"Fever, Cough, Fatigue",8.0,1
2023-10-15,Metropolis,1000000,High Pollution,Dengue,"High Fever, Joint Pain, Rash",6.0,1
2023-08-18,Star City,500000,Normal,Dengue,"High Fever, Joint Pain, Rash",11.0,2
2023-02-09,Central City,1200000,Normal,Dengue,"High Fever, Joint Pain, Rash",5.0,0
2023-06-03,Metropolis,1000000,High Pollution,Typhoid,"High Fever, Abdominal Pain, Weakness",5.0,0
2023-10-25,Star City,500000,Normal,Influenza,"Fever, Cough, Fatigue",12.0,0
2023-12-05,Central City,1200000,Normal,Cholera,"Severe Diarrhea, Dehydration",12.0,1
2023-02-10,Central City,1200000,Normal,Cholera,"Severe Diarrhea, Dehydration",7.0,1
2023-06-29,Metropolis,1000000,High Pollution,Cholera,"Severe Diarrhea, Dehydration",13.0,1
2023-10-08,Metropolis,1000000,High Pollution,Typhoid,"High Fever, Abdominal Pain, Weakness",15.0,2
2023-07-16,Coast City,600000,Coastal Weather,Typhoid,"High Fever, Abdominal Pain, Weakness",13.0,2
2023-01-18,Star City,500000,Normal,Typhoid,"High Fever, Abdominal Pain, Weakness",11.0,2
2023-07-27,Star City,500000,Normal,Cholera,"Severe Diarrhea, Dehydration",10.0,2
2023-09-26,Metropolis,1000000,High Pollution,Typhoid,"High Fever, Abdominal Pain, Weakness",11.0,0
2023-08-15,Star City,500000,Normal,Cholera,"Severe Diarrhea, Dehydration",8.0,0
2023-08-27,Gotham,800000,High Humidity,Cholera,"Severe Diarrhea, Dehydration",12.0,0
2023-10-30,Star City,500000,Normal,Dengue,"High Fever, Joint Pain, Rash",84.0,19
2023-10-20,Coast City,600000,Coastal Weather,Influenza,"Fever, Cough, Fatigue",4.0,0
2023-02-05,Gotham,800000,High Humidity,Typhoid,"High Fever, Abdominal Pain, Weakness",11.0,0
2023-07-18,Central City,1200000,Normal,Influenza,"Fever, Cough, Fatigue",5.0,1
2023-01-05,Central City,1200000,Normal,Cholera,"Severe Diarrhea, Dehydration",13.0,1
2023-05-16,Coast City,600000,Coastal Weather,Cholera,"Severe Diarrhea, Dehydration",13.0,1
2023-02-04,Central City,1200000,Normal,COVID-19,"Fever, Dry Cough, Loss of Taste",9.0,0
2023-06-16,Central City,1200000,Normal,COVID-19,"Fever, Dry Cough, Loss of Taste",13.0,3
2023-08-18,Gotham,800000,High Humidity,Typhoid,"High Fever, Abdominal Pain, Weakness",11.0,2
2023-06-20,Metropolis,1000000,High Pollution,Typhoid,"High Fever, Abdominal Pain, Weakness",16.0,2
2023-08-24,Metropolis,1000000,High Pollution,Typhoid,"High Fever, Abdominal Pain, Weakness",15.0,1
2023-03-27,Central City,1200000,Normal,Dengue,"High Fever, Joint Pain, Rash",6.0,0
2023-10-15,Metropolis,1000000,High Pollution,Influenza,"Fever, Cough, Fatigue",10.0,1
2023-09-10,Metropolis,1000000,High Pollution,COVID-19,"Fever, Dry Cough, Loss of Taste",9.0,2
2023-05-20,Central City,1200000,Normal,Dengue,"High Fever, Joint Pain, Rash",9.0,1
2023-01-10,Gotham,800000,High Humidity,Typhoid,"High Fever, Abdominal Pain, Weakness",11.0,2
2023-10-05,Coast City,600000,Coastal Weather,Dengue,"High Fever, Joint Pain, Rash",14.0,0
2023-11-02,Star City,500000,Normal,Dengue,"High Fever, Joint Pain, Rash",12.0,3
2023-01-31,Gotham,800000,High Humidity,COVID-19,"Fever, Dry Cough, Loss of Taste",14.0,3
2023-11-14,Star City,500000,Normal,Influenza,"Fever, Cough, Fatigue",72.0,9
2023-09-03,Central City,1200000,Normal,Influenza,"Fever, Cough, Fatigue",12.0,2
2023-03-16,Metropolis,1000000,High Pollution,Dengue,"High Fever, Joint Pain, Rash",84.0,9
2023-11-13,Central City,1200000,Normal,Cholera,"Severe Diarrhea, Dehydration",7.0,1
2023-03-01,Star City,500000,Normal,Influenza,"Fever, Cough, Fatigue",,0
2023-06-04,Gotham,800000,High Humidity,Cholera,"Severe Diarrhea, Dehydration",5.0,0
2023-09-02,Central City,1200000,Normal,Typhoid,"High Fever, Abdominal Pain, Weakness",14.0,3
2023-07-04,Gotham,800000,High Humidity,COVID-19,"Fever, Dry Cough, Loss of Taste",8.0,0
2023-12-24,Central City,1200000,Normal,Cholera,"Severe Diarrhea, Dehydration",9.0,1
2023-03-30,Gotham,800000,High Humidity,Cholera,"Severe Diarrhea, Dehydration",11.0,1
2023-08-07,Coast City,600000,Coastal Weather,Cholera,"Severe Diarrhea, Dehydration",11.0,2
2023-03-14,Gotham,800000,High Humidity,COVID-19,"Fever, Dry Cough, Loss of Taste",10.0,0
2023-06-18,Gotham,800000,High Humidity,Typhoid,"High Fever, Abdominal Pain, Weakness",10.0,1
2023-10-20,Coast City,600000,Coastal Weather,COVID-19,"Fever, Dry Cough, Loss of Taste",7.0,0
2023-09-25,Metropolis,1000000,High Pollution,Dengue,"High Fever, Joint Pain, Rash",7.0,1
2023-10-23,Central City,1200000,Normal,Cholera,"Severe Diarrhea, Dehydration",228.0,58
2023-06-22,Central City,1200000,Normal,COVID-19,"Fever, Dry Cough, Loss of Taste",64.0,18
2023-12-14,Gotham,800000,High Humidity,Influenza,"Fever, Cough, Fatigue",8.0,2
2023-05-29,Star City,500000,Normal,COVID-19,"Fever, Dry Cough, Loss of Taste",5.0,1
2023-01-27,Gotham,800000,High Humidity,Dengue,"High Fever, Joint Pain, Rash",9.0,2
2023-11-26,Coast City,600000,Coastal Weather,Influenza,"Fever, Cough, Fatigue",8.0,1
2023-05-09,Gotham,800000,High Humidity,Typhoid,"High Fever, Abdominal Pain, Weakness",7.0,1
2023-03-20,Gotham,800000,High Humidity,COVID-19,"Fever, Dry Cough, Loss of Taste",7.0,0
2023-12-19,Central City,1200000,Normal,COVID-19,"Fever, Dry Cough, Loss of Taste",10.0,2
2023-08-31,Gotham,800000,High Humidity,Dengue,"High Fever, Joint Pain, Rash",14.0,4
2023-09-11,Central City,1200000,Normal,Influenza,"Fever, Cough, Fatigue",14.0,1
2023-06-06,Central City,1200000,Normal,Typhoid,"High Fever, Abdominal Pain, Weakness",10.0,1
2023-02-22,Central City,1200000,Normal,Dengue,"High Fever, Joint Pain, Rash",13.0,2
2023-06-05,Coast City,600000,Coastal Weather,COVID-19,"Fever, Dry Cough, Loss of Taste",7.0,1
2023-09-26,Central City,1200000,Normal,Influenza,"Fever, Cough, Fatigue",9.0,0
2023-05-20,Star City,500000,Normal,Typhoid,"High Fever, Abdominal Pain, Weakness",15.0,2
2023-07-29,Coast City,600000,Coastal Weather,Influenza,"Fever, Cough, Fatigue",12.0,2
2023-07-26,Coast City,600000,Coastal Weather,Cholera,"Severe Diarrhea, Dehydration",9.0,0
2023-02-07,Gotham,800000,High Humidity,COVID-19,"Fever, Dry Cough, Loss of Taste",12.0,2
2023-12-29,Central City,1200000,Normal,Dengue,"High Fever, Joint Pain, Rash",17.0,4
2023-04-08,Gotham,800000,High Humidity,Influenza,"Fever, Cough, Fatigue",7.0,0
2023-03-08,Gotham,800000,High Humidity,Influenza,"Fever, Cough, Fatigue",8.0,1
17/09/2023,Metropolis,1000000,High Pollution,Dengue,"High Fever, Joint Pain, Rash",64.0,6
2023-10-05,Gotham,800000,High Humidity,Dengue,"High Fever, Joint Pain, Rash",9.0,1
2023-08-15,Gotham,800000,High Humidity,Cholera,"Severe Diarrhea, Dehydration",16.0,2
2023-11-06,Coast City,600000,Coastal Weather,COVID-19,"Fever, Dry Cough, Loss of Taste",7.0,0
07/04/2023,Gotham,800000,High Humidity,COVID-19,"Fever, Dry Cough, Loss of Taste",17.0,1
2023-03-13,Coast City,600000,Coastal Weather,COVID-19,"Fever, Dry Cough, Loss of Taste",12.0,1
2023-06-13,Gotham,800000,High Humidity,COVID-19,"Fever, Dry Cough, Loss of Taste",8.0,1
2023-02-19,Coast City,600000,Coastal Weather,Typhoid,"High Fever, Abdominal Pain, Weakness",9.0,0
2023-06-16,Gotham,800000,High Humidity,Typhoid,"High Fever, Abdominal Pain, Weakness",7.0,0
2023-12-22,Metropolis,1000000,High Pollution,Dengue,"High Fever, Joint Pain, Rash",6.0,1
2023-08-04,Coast City,600000,Coastal Weather,Cholera,"Severe Diarrhea, Dehydration",8.0,0
2023-11-23,Central City,1200000,Normal,Influenza,"Fever, Cough, Fatigue",7.0,0
2023-08-25,Central City,1200000,Normal,Influenza,"Fever, Cough, Fatigue",14.0,3
2023-08-28,Coast City,600000,Coastal Weather,COVID-19,"Fever, Dry Cough, Loss of Taste",8.0,1
2023-05-09,Metropolis,1000000,High Pollution,Dengue,"High Fever, Joint Pain, Rash",4.0,1
2023-12-02,Coast City,600000,Coastal Weather,Dengue,"High Fever, Joint Pain, Rash",10.0,1
2023-02-07,Coast City,600000,Coastal Weather,Dengue,"High Fever, Joint Pain, Rash",11.0,2
2023-04-15,Metropolis,1000000,High Pollution,COVID-19,"Fever, Dry Cough, Loss of Taste",9.0,2
2023-03-20,Gotham,800000,High Humidity,Influenza,"Fever, Cough, Fatigue",5.0,0
2023-04-13,Metropolis,1000000,High Pollution,COVID-19,"Fever, Dry Cough, Loss of Taste",11.0,1
2023-03-19,Central City,1200000,Normal,Dengue,"High Fever, Joint Pain, Rash",11.0,2
2023-11-26,Gotham,800000,High Humidity,Dengue,"High Fever, Joint Pain, Rash",9.0,0
2023-01-27,Coast City,600000,Coastal Weather,Dengue,"High Fever, Joint Pain, Rash",11.0,1
2023-05-23,Coast City,600000,Coastal Weather,Influenza,"Fever, Cough, Fatigue",11.0,1
2023-05-24,Central City,1200000,Normal,Cholera,"Severe Diarrhea, Dehydration",11.0,2
2023-09-13,Coast City,600000,Coastal Weather,Cholera,"Severe Diarrhea, Dehydration",14.0,3
2023-06-30,Star City,500000,Normal,Influenza,"Fever, Cough, Fatigue",16.0,3
2023-11-13,Gotham,800000,High Humidity,Typhoid,"High Fever, Abdominal Pain, Weakness",6.0,1
2023-03-11,Star City,500000,Normal,COVID-19,"Fever, Dry Cough, Loss of Taste",9.0,2
2023-08-27,Star City,500000,Normal,COVID-19,"Fever, Dry Cough, Loss of Taste",9.0,1
2023-02-24,Coast City,600000,Coastal Weather,Influenza,"Fever, Cough, Fatigue",11.0,2
2023-09-09,Central City,1200000,Normal,Influenza,"Fever, Cough, Fatigue",8.0,0
2023-03-09,Metropolis,1000000,High Pollution,Cholera,"Severe Diarrhea, Dehydration",15.0,1
2023-05-23,Metropolis,1000000,High Pollution,Cholera,"Severe Diarrhea, Dehydration",9.0,1
2023-03-07,Metropolis,1000000,High Pollution,Influenza,"Fever, Cough, Fatigue",176.0,52
2023-01-14,Coast City,600000,Coastal Weather,COVID-19,"Fever, Dry Cough, Loss of Taste",11.0,2
2023-08-28,Coast City,600000,Coastal Weather,COVID-19,"Fever, Dry Cough, Loss of Taste",7.0,1
2023-01-24,Star City,500000,Normal,Dengue,"High Fever, Joint Pain, Rash",9.0,2
2023-04-03,Gotham,800000,High Humidity,COVID-19,"Fever, Dry Cough, Loss of Taste",3.0,0
2023-12-06,Star City,500000,Normal,COVID-19,"Fever, Dry Cough, Loss of Taste",9.0,1
2023-12-01,Metropolis,1000000,High Pollution,Cholera,"Severe Diarrhea, Dehydration",2.0,0
2023-09-30,Star City,500000,Normal,Influenza,"Fever, Cough, Fatigue",,0
2023-02-28,Star City,500000,Normal,COVID-19,"Fever, Dry Cough, Loss of Taste",,0
2023-07-08,Star City,500000,Normal,Typhoid,"High Fever, Abdominal Pain, Weakness",8.0,1
2023-01-24,Metropolis,1000000,High Pollution,Dengue,"High Fever, Joint Pain, Rash",10.0,0
2023-09-19,Coast City,600000,Coastal Weather,Typhoid,"High Fever, Abdominal Pain, Weakness",9.0,1
2023-08-19,Star City,500000,Normal,Cholera,"Severe Diarrhea, Dehydration",5.0,1
2023-04-07,Star City,500000,Normal,Typhoid,"High Fever, Abdominal Pain, Weakness",14.0,1
2023-08-10,Central City,1200000,Normal,Influenza,"Fever, Cough, Fatigue",7.0,2
2023-03-19,Coast City,600000,Coastal Weather,Typhoid,"High Fever, Abdominal Pain, Weakness",21.0,2
2023-01-22,Metropolis,1000000,High Pollution,Cholera,"Severe Diarrhea, Dehydration",11.0,3
2023-05-21,Central City,1200000,Normal,Typhoid,"High Fever, Abdominal Pain, Weakness",9.0,2
2023-01-12,Coast City,600000,Coastal Weather,Typhoid,"High Fever, Abdominal Pain, Weakness",11.0,3
2023-07-24,Coast City,600000,Coastal Weather,COVID-19,"Fever, Dry Cough, Loss of Taste",9.0,0
2023-06-18,Gotham,800000,High Humidity,Dengue,"High Fever, Joint Pain, Rash",14.0,3
2023-06-04,Central City,1200000,Normal,COVID-19,"Fever, Dry Cough, Loss of Taste",9.0,1
2023-06-27,Coast City,600000,Coastal Weather,Dengue,"High Fever, Joint Pain, Rash",7.0,0
2023-03-13,Central City,1200000,Normal,Typhoid,"High Fever, Abdominal Pain, Weakness",10.0,2
2023-04-06,Metropolis,1000000,High Pollution,Dengue,"High Fever, Joint Pain, Rash",8.0,0
2023-07-08,Central City,1200000,Normal,Dengue,"High Fever, Joint Pain, Rash",8.0,0
2023-05-04,Star City,500000,Normal,COVID-19,"Fever, Dry Cough, Loss of Taste",8.0,1
2023-06-14,Central City,1200000,Normal,COVID-19,"Fever, Dry Cough, Loss of Taste",12.0,1
2023-04-21,Metropolis,1000000,High Pollution,Influenza,"Fever, Cough, Fatigue",7.0,1
2023-11-12,Coast City,600000,Coastal Weather,Typhoid,"High Fever, Abdominal Pain, Weakness",10.0,2
2023-01-06,Central City,1200000,Normal,Influenza,"Fever, Cough, Fatigue",13.0,0
2023-03-04,Metropolis,1000000,High Pollution,Cholera,"Severe Diarrhea, Dehydration",7.0,0
2023-05-24,Central City,1200000,Normal,Influenza,"Fever, Cough, Fatigue",8.0,1
2023-08-31,Coast City,600000,Coastal Weather,Influenza,"Fever, Cough, Fatigue",11.0,2
2023-12-02,Central City,1200000,Normal,Typhoid,"High Fever, Abdominal Pain, Weakness",5.0,1
2023-11-15,Central City,1200000,Normal,COVID-19,"Fever, Dry Cough, Loss of Taste",11.0,1
2023-08-30,Star City,500000,Normal,Influenza,"Fever, Cough, Fatigue",11.0,0
2023-03-17,Gotham,800000,High Humidity,Typhoid,"High Fever, Abdominal Pain, Weakness",9.0,2
2023-09-02,Star City,500000,Normal,COVID-19,"Fever, Dry Cough, Loss of Taste",6.0,1
2023-04-30,Metropolis,1000000,High Pollution,Influenza,"Fever, Cough, Fatigue",9.0,0
2023-03-04,Star City,500000,Normal,Typhoid,"High Fever, Abdominal Pain, Weakness",10.0,1
2023-12-30,Star City,500000,Normal,Dengue,"High Fever, Joint Pain, Rash",10.0,2
2023-09-21,Metropolis,1000000,High Pollution,Cholera,"Severe Diarrhea, Dehydration",10.0,2
2023-10-12,Star City,500000,Normal,Dengue,"High Fever, Joint Pain, Rash",20.0,1
2023-10-27,Star City,500000,Normal,Typhoid,"High Fever, Abdominal Pain, Weakness",1.0,0
2023-10-07,Star City,500000,Normal,Typhoid,"High Fever, Abdominal Pain, Weakness",8.0,1
2023-12-09,Gotham,800000,High Humidity,COVID-19,"Fever, Dry Cough, Loss of Taste",10.0,0
2023-01-01,Central City,1200000,Normal,Dengue,"High Fever, Joint Pain, Rash",12.0,1
2023-05-24,Central City,1200000,Normal,COVID-19,"Fever, Dry Cough, Loss of Taste",13.0,3
2023-12-29,Central City,1200000,Normal,COVID-19,"Fever, Dry Cough, Loss of Taste",10.0,1
2023-01-10,Metropolis,1000000,High Pollution,COVID-19,"Fever, Dry Cough, Loss of Taste",4.0,0
2023-05-18,Coast City,600000,Coastal Weather,COVID-19,"Fever, Dry Cough, Loss of Taste",8.0,1
2023-09-12,Gotham,800000,High Humidity,Typhoid,"High Fever, Abdominal Pain, Weakness",11.0,1
2023-08-07,Star City,500000,Normal,Influenza,"Fever, Cough, Fatigue",7.0,1
2023-12-26,Star City,500000,Normal,Cholera,"Severe Diarrhea, Dehydration",10.0,1
2023-09-30,Central City,1200000,Normal,COVID-19,"Fever, Dry Cough, Loss of Taste",5.0,1
2023-06-29,Metropolis,1000000,High Pollution,Cholera,"Severe Diarrhea, Dehydration",12.0,3
2023-09-30,Metropolis,1000000,High Pollution,Dengue,"High Fever, Joint Pain, Rash",7.0,0
2023-05-28,Star City,500000,Normal,COVID-19,"Fever, Dry Cough, Loss of Taste",90.0,18
2023-10-07,Metropolis,1000000,High Pollution,Typhoid,"High Fever, Abdominal Pain, Weakness",8.0,2
2023-01-03,Central City,1200000,Normal,Influenza,"Fever, Cough, Fatigue",8.0,0
2023-08-09,Gotham,800000,High Humidity,Influenza,"Fever, Cough, Fatigue",4.0,1
2023-04-16,Central City,1200000,Normal,Typhoid,"High Fever, Abdominal Pain, Weakness",12.0,2
2023-04-29,Metropolis,1000000,High Pollution,Cholera,"Severe Diarrhea, Dehydration",45.0,9
2023-07-25,Gotham,800000,High Humidity,Typhoid,"High Fever, Abdominal Pain, Weakness",6.0,0
2023-09-12,Central City,1200000,Normal,COVID-19,"Fever, Dry Cough, Loss of Taste",11.0,1
2023-08-22,Metropolis,1000000,High Pollution,COVID-19,"Fever, Dry Cough, Loss of Taste",112.0,6
2023-09-13,Metropolis,1000000,High Pollution,Typhoid,"High Fever, Abdominal Pain, Weakness",14.0,0
2023-06-10,Metropolis,1000000,High Pollution,Typhoid,"High Fever, Abdominal Pain, Weakness",10.0,0
2023-11-02,Central City,1200000,Normal,Typhoid,"High Fever, Abdominal Pain, Weakness",12.0,1
2023-01-15,Coast City,600000,Coastal Weather,Influenza,"Fever, Cough, Fatigue",13.0,2
2023-03-18,Star City,500000,Normal,Dengue,"High Fever, Joint Pain, Rash",10.0,1
2023-10-16,Star City,500000,Normal,Typhoid,"High Fever, Abdominal Pain, Weakness",17.0,4
2023-02-25,Central City,1200000,Normal,Dengue,"High Fever, Joint Pain, Rash",10.0,2
2023-07-05,Metropolis,1000000,High Pollution,Cholera,"Severe Diarrhea, Dehydration",6.0,0
2023-10-19,Star City,500000,Normal,Cholera,"Severe Diarrhea, Dehydration",8.0,2
2023-03-31,Central City,1200000,Normal,Typhoid,"High Fever, Abdominal Pain, Weakness",3.0,0
2023-05-14,Gotham,800000,High Humidity,Dengue,"High Fever, Joint Pain, Rash",13.0,3
2023-05-20,Star City,500000,Normal,Cholera,"Severe Diarrhea, Dehydration",10.0,0
2023-04-11,Coast City,600000,Coastal Weather,Cholera,"Severe Diarrhea, Dehydration",5.0,1
24/10/2023,Gotham,800000,High Humidity,COVID-19,"Fever, Dry Cough, Loss of Taste",19.0,5
2023-10-08,Coast City,600000,Coastal Weather,Typhoid,"High Fever, Abdominal Pain, Weakness",12.0,1
2023-05-01,Star City,500000,Normal,Cholera,"Severe Diarrhea, Dehydration",13.0,1
2023-02-15,Star City,500000,Normal,Dengue,"High Fever, Joint Pain, Rash",9.0,1
2023-06-11,Central City,1200000,Normal,Influenza,"Fever, Cough, Fatigue",7.0,0
2023-03-10,Coast City,600000,Coastal Weather,Dengue,"High Fever, Joint Pain, Rash",7.0,0
2023-09-21,Central City,1200000,Normal,Dengue,"High Fever, Joint Pain, Rash",,0
2023-10-22,Gotham,800000,High Humidity,Typhoid,"High Fever, Abdominal Pain, Weakness",10.0,2
2023-04-19,Central City,1200000,Normal,Dengue,"High Fever, Joint Pain, Rash",7.0,1
2023-11-15,Metropolis,1000000,High Pollution,Influenza,"Fever, Cough, Fatigue",9.0,1
2023-09-04,Central City,1200000,Normal,Dengue,"High Fever, Joint Pain, Rash",10.0,1
2023-01-27,Star City,500000,Normal,Typhoid,"High Fever, Abdominal Pain, Weakness",12.0,1
2023-09-10,Coast City,600000,Coastal Weather,Influenza,"Fever, Cough, Fatigue",17.0,2
2023-05-14,Central City,1200000,Normal,Cholera,"Severe Diarrhea, Dehydration",12.0,1
2023-08-28,Star City,500000,Normal,COVID-19,"Fever, Dry Cough, Loss of Taste",176.0,16
2023-01-05,Star City,500000,Normal,Typhoid,"High Fever, Abdominal Pain, Weakness",14.0,3
2023-08-07,Coast City,600000,Coastal Weather,COVID-19,"Fever, Dry Cough, Loss of Taste",14.0,1
2023-05-02,Metropolis,1000000,High Pollution,Influenza,"Fever, Cough, Fatigue",9.0,2
2023-03-20,Coast City,600000,Coastal Weather,Influenza,"Fever, Cough, Fatigue",9.0,1
2023-03-09,Gotham,800000,High Humidity,Dengue,"High Fever, Joint Pain, Rash",9.0,2
2023-06-25,Central City,1200000,Normal,COVID-19,"Fever, Dry Cough, Loss of Taste",10.0,0
2023-12-11,Star City,500000,Normal,Dengue,"High Fever, Joint Pain, Rash",11.0,3
2023-05-12,Coast City,600000,Coastal Weather,Influenza,"Fever, Cough, Fatigue",9.0,1
2023-01-18,Central City,1200000,Normal,Influenza,"Fever, Cough, Fatigue",13.0,1
2023-01-26,Metropolis,1000000,High Pollution,Typhoid,"High Fever, Abdominal Pain, Weakness",6.0,0
2023-04-17,Gotham,800000,High Humidity,COVID-19,"Fever, Dry Cough, Loss of Taste",11.0,1
2023-07-13,Central City,1200000,Normal,COVID-19,"Fever, Dry Cough, Loss of Taste",8.0,0
2023-02-06,Coast City,600000,Coastal Weather,Typhoid,"High Fever, Abdominal Pain, Weakness",11.0,2
2023-02-14,Star City,500000,Normal,Dengue,"High Fever, Joint Pain, Rash",11.0,3
2023-05-28,Gotham,800000,High Humidity,Cholera,"Severe Diarrhea, Dehydration",12.0,1
2023-07-28,Coast City,600000,Coastal Weather,Typhoid,"High Fever, Abdominal Pain, Weakness",,0
2023-03-31,Central City,1200000,Normal,Influenza,"Fever, Cough, Fatigue",14.0,1
2023-01-22,Gotham,800000,High Humidity,Influenza,"Fever, Cough, Fatigue",8.0,1
2023-12-24,Metropolis,1000000,High Pollution,Cholera,"Severe Diarrhea, Dehydration",14.0,2
2023-11-11,Star City,500000,Normal,Cholera,"Severe Diarrhea, Dehydration",11.0,2
2023-02-11,Central City,1200000,Normal,Influenza,"Fever, Cough, Fatigue",12.0,1
2023-11-17,Metropolis,1000000,High Pollution,Dengue,"High Fever, Joint Pain, Rash",5.0,0
2023-09-28,Star City,500000,Normal,Cholera,"Severe Diarrhea, Dehydration",15.0,4
2023-08-25,Metropolis,1000000,High Pollution,Influenza,"Fever, Cough, Fatigue",7.0,1
2023-04-16,Metropolis,1000000,High Pollution,Influenza,"Fever, Cough, Fatigue",13.0,2
2023-05-02,Star City,500000,Normal,Influenza,"Fever, Cough, Fatigue",11.0,1
2023-01-08,Metropolis,1000000,High Pollution,COVID-19,"Fever, Dry Cough, Loss of Taste",12.0,1
2023-01-08,Gotham,800000,High Humidity,COVID-19,"Fever, Dry Cough, Loss of Taste",,0
2023-06-24,Metropolis,1000000,High Pollution,COVID-19,"Fever, Dry Cough, Loss of Taste",8.0,1
2023-02-08,Star City,500000,Normal,COVID-19,"Fever, Dry Cough, Loss of Taste",7.0,1
2023-06-15,Coast City,600000,Coastal Weather,Influenza,"Fever, Cough, Fatigue",12.0,2
2023-10-31,Coast City,600000,Coastal Weather,Dengue,"High Fever, Joint Pain, Rash",14.0,1
2023-06-28,Star City,500000,Normal,Cholera,"Severe Diarrhea, Dehydration",7.0,1
2023-05-11,Central City,1200000,Normal,Influenza,"Fever, Cough, Fatigue",98.0,10
2023-11-07,Gotham,800000,High Humidity,Cholera,"Severe Diarrhea, Dehydration",12.0,1
2023-02-11,Gotham,800000,High Humidity,Influenza,"Fever, Cough, Fatigue",7.0,0
2023-06-26,Coast City,600000,Coastal Weather,Typhoid,"High Fever, Abdominal Pain, Weakness",9.0,0
2023-02-22,Coast City,600000,Coastal Weather,Influenza,"Fever, Cough, Fatigue",12.0,0
2023-08-19,Gotham,800000,High Humidity,Influenza,"Fever, Cough, Fatigue",5.0,0
2023-08-23,Star City,500000,Normal,Cholera,"Severe Diarrhea, Dehydration",9.0,0
2023-11-29,Coast City,600000,Coastal Weather,Typhoid,"High Fever, Abdominal Pain, Weakness",7.0,1
2023-06-01,Coast City,600000,Coastal Weather,Influenza,"Fever, Cough, Fatigue",9.0,2
2023-06-11,Metropolis,1000000,High Pollution,Influenza,"Fever, Cough, Fatigue",14.0,2
2023-11-08,Coast City,600000,Coastal Weather,Influenza,"Fever, Cough, Fatigue",13.0,1
2023-12-28,Gotham,800000,High Humidity,COVID-19,"Fever, Dry Cough, Loss of Taste",7.0,1
2023-08-02,Star City,500000,Normal,COVID-19,"Fever, Dry Cough, Loss of Taste",8.0,1
2023-07-09,Star City,500000,Normal,COVID-19,"Fever, Dry Cough, Loss of Taste",8.0,2
2023-04-25,Metropolis,1000000,High Pollution,Dengue,"High Fever, Joint Pain, Rash",15.0,4
2023-06-05,Star City,500000,Normal,Typhoid,"High Fever, Abdominal Pain, Weakness",12.0,1
2023-08-22,Gotham,800000,High Humidity,Influenza,"Fever, Cough, Fatigue",12.0,1
2023-01-11,Star City,500000,Normal,Influenza,"Fever, Cough, Fatigue",12.0,3
2023-08-22,Coast City,600000,Coastal Weather,Influenza,"Fever, Cough, Fatigue",12.0,1
2023-01-18,Metropolis,1000000,High Pollution,Typhoid,"High Fever, Abdominal Pain, Weakness",9.0,0
2023-06-20,Star City,500000,Normal,Influenza,"Fever, Cough, Fatigue",13.0,3
2023-04-27,Gotham,800000,High Humidity,Influenza,"Fever, Cough, Fatigue",13.0,3
2023-07-30,Coast City,600000,Coastal Weather,Typhoid,"High Fever, Abdominal Pain, Weakness",11.0,2
2023-08-15,Metropolis,1000000,High Pollution,Influenza,"Fever, Cough, Fatigue",11.0,0
2023-03-14,Gotham,800000,High Humidity,Dengue,"High Fever, Joint Pain, Rash",11.0,1
2023-04-09,Coast City,600000,Coastal Weather,Influenza,"Fever, Cough, Fatigue",6.0,1
2023-07-02,Metropolis,1000000,High Pollution,Dengue,"High Fever, Joint Pain, Rash",2.0,0
2023-07-15,Coast City,600000,Coastal Weather,Cholera,"Severe Diarrhea, Dehydration",13.0,2
2023-11-20,Coast City,600000,Coastal Weather,Cholera,"Severe Diarrhea, Dehydration",6.0,0
2023-06-06,Gotham,800000,High Humidity,Influenza,"Fever, Cough, Fatigue",16.0,2
2023-06-11,Central City,1200000,Normal,Typhoid,"High Fever, Abdominal Pain, Weakness",14.0,3
2023-03-25,Gotham,800000,High Humidity,COVID-19,"Fever, Dry Cough, Loss of Taste",12.0,1
2023-11-21,Coast City,600000,Coastal Weather,Cholera,"Severe Diarrhea, Dehydration",10.0,1
2023-09-26,Star City,500000,Normal,Dengue,"High Fever, Joint Pain, Rash",11.0,1
2023-05-25,Central City,1200000,Normal,Typhoid,"High Fever, Abdominal Pain, Weakness",11.0,0
2023-09-05,Star City,500000,Normal,COVID-19,"Fever, Dry Cough, Loss of Taste",13.0,3
2023-06-09,Gotham,800000,High Humidity,Cholera,"Severe Diarrhea, Dehydration",14.0,1
2023-05-02,Coast City,600000,Coastal Weather,Typhoid,"High Fever, Abdominal Pain, Weakness",16.0,2
2023-07-25,Gotham,800000,High Humidity,Influenza,"Fever, Cough, Fatigue",10.0,0
2023-04-09,Central City,1200000,Normal,Dengue,"High Fever, Joint Pain, Rash",8.0,1
2023-01-20,Gotham,800000,High Humidity,Cholera,"Severe Diarrhea, Dehydration",11.0,2
2023-06-16,Star City,500000,Normal,COVID-19,"Fever, Dry Cough, Loss of Taste",9.0,1
2023-02-16,Central City,1200000,Normal,Dengue,"High Fever, Joint Pain, Rash",13.0,3
2023-01-24,Gotham,800000,High Humidity,Influenza,"Fever, Cough, Fatigue",14.0,1
2023-11-02,Central City,1200000,Normal,Dengue,"High Fever, Joint Pain, Rash",9.0,2
2023-12-13,Central City,1200000,Normal,Typhoid,"High Fever, Abdominal Pain, Weakness",8.0,0
2023-04-17,Gotham,800000,High Humidity,Cholera,"Severe Diarrhea, Dehydration",12.0,2
2023-11-02,Coast City,600000,Coastal Weather,COVID-19,"Fever, Dry Cough, Loss of Taste",10.0,2
2023-07-14,Gotham,800000,High Humidity,COVID-19,"Fever, Dry Cough, Loss of Taste",15.0,2
2023-01-19,Gotham,800000,High Humidity,Cholera,"Severe Diarrhea, Dehydration",11.0,3
2023-10-16,Central City,1200000,Normal,Dengue,"High Fever, Joint Pain, Rash",8.0,1
2023-06-08,Star City,500000,Normal,Cholera,"Severe Diarrhea, Dehydration",15.0,3
2023-08-02,Coast City,600000,Coastal Weather,Dengue,"High Fever, Joint Pain, Rash",8.0,0
2023-08-12,Central City,1200000,Normal,Influenza,"Fever, Cough, Fatigue",9.0,2
2023-08-13,Star City,500000,Normal,Influenza,"Fever, Cough, Fatigue",104.0,25
2023-06-02,Metropolis,1000000,High Pollution,Dengue,"High Fever, Joint Pain, Rash",10.0,1
2023-12-16,Metropolis,1000000,High Pollution,Typhoid,"High Fever, Abdominal Pain, Weakness",8.0,2
2023-09-10,Metropolis,1000000,High Pollution,COVID-19,"Fever, Dry Cough, Loss of Taste",6.0,0
2023-10-18,Metropolis,1000000,High Pollution,Dengue,"High Fever, Joint Pain, Rash",20.0,2
2023-07-17,Star City,500000,Normal,Dengue,"High Fever, Joint Pain, Rash",9.0,1
2023-04-04,Metropolis,1000000,High Pollution,Typhoid,"High Fever, Abdominal Pain, Weakness",7.0,0
2023-09-13,Coast City,600000,Coastal Weather,Dengue,"High Fever, Joint Pain, Rash",9.0,2
2023-05-17,Gotham,800000,High Humidity,Typhoid,"High Fever, Abdominal Pain, Weakness",9.0,0
2023-01-28,Coast City,600000,Coastal Weather,Influenza,"Fever, Cough, Fatigue",10.0,0
2023-02-27,Gotham,800000,High Humidity,Cholera,"Severe Diarrhea, Dehydration",10.0,2
2023-02-24,Central City,1200000,Normal,Dengue,"High Fever, Joint Pain, Rash",96.0,13
2023-02-02,Gotham,800000,High Humidity,Cholera,"Severe Diarrhea, Dehydration",11.0,2
2023-12-14,Central City,1200000,Normal,COVID-19,"Fever, Dry Cough, Loss of Taste",11.0,2
2023-07-29,Star City,500000,Normal,Cholera,"Severe Diarrhea, Dehydration",10.0,2
2023-02-10,Metropolis,1000000,High Pollution,Influenza,"Fever, Cough, Fatigue",8.0,2
2023-05-04,Central City,1200000,Normal,COVID-19,"Fever, Dry Cough, Loss of Taste",12.0,2
2023-09-07,Gotham,800000,High Humidity,Dengue,"High Fever, Joint Pain, Rash",6.0,1
2023-09-15,Star City,500000,Normal,Influenza,"Fever, Cough, Fatigue",9.0,1
2023-11-25,Central City,1200000,Normal,Influenza,"Fever, Cough, Fatigue",15.0,1
2023-07-17,Gotham,800000,High Humidity,Influenza,"Fever, Cough, Fatigue",11.0,2
2023-04-09,Gotham,800000,High Humidity,Dengue,"High Fever, Joint Pain, Rash",13.0,1
2023-01-20,Coast City,600000,Coastal Weather,Typhoid,"High Fever, Abdominal Pain, Weakness",13.0,2
2023-03-12,Central City,1200000,Normal,Cholera,"Severe Diarrhea, Dehydration",7.0,1
2023-11-08,Coast City,600000,Coastal Weather,COVID-19,"Fever, Dry Cough, Loss of Taste",11.0,1
2023-04-13,Gotham,800000,High Humidity,Dengue,"High Fever, Joint Pain, Rash",10.0,2
2023-05-04,Coast City,600000,Coastal Weather,Dengue,"High Fever, Joint Pain, Rash",10.0,2
2023-07-13,Gotham,800000,High Humidity,Typhoid,"High Fever, Abdominal Pain, Weakness",13.0,0
2023-06-26,Central City,1200000,Normal,COVID-19,"Fever, Dry Cough, Loss of Taste",120.0,19
2023-03-29,Metropolis,1000000,High Pollution,Cholera,"Severe Diarrhea, Dehydration",9.0,1
2023-04-28,Central City,1200000,Normal,Dengue,"High Fever, Joint Pain, Rash",12.0,1
2023-05-25,Gotham,800000,High Humidity,Influenza,"Fever, Cough, Fatigue",12.0,3
2023-04-18,Central City,1200000,Normal,Influenza,"Fever, Cough, Fatigue",13.0,0
2023-02-05,Coast City,600000,Coastal Weather,Dengue,"High Fever, Joint Pain, Rash",10.0,0
2023-04-28,Metropolis,1000000,High Pollution,Cholera,"Severe Diarrhea, Dehydration",4.0,0
2023-07-29,Coast City,600000,Coastal Weather,Cholera,"Severe Diarrhea, Dehydration",3.0,0
2023-01-20,Metropolis,1000000,High Pollution,Influenza,"Fever, Cough, Fatigue",10.0,2
2023-09-09,Coast City,600000,Coastal Weather,Dengue,"High Fever, Joint Pain, Rash",8.0,1
2023-01-07,Central City,1200000,Normal,Influenza,"Fever, Cough, Fatigue",12.0,1
2023-02-10,Gotham,800000,High Humidity,Influenza,"Fever, Cough, Fatigue",11.0,1
2023-06-07,Metropolis,1000000,High Pollution,COVID-19,"Fever, Dry Cough, Loss of Taste",8.0,2
2023-03-30,Star City,500000,Normal,Dengue,"High Fever, Joint Pain, Rash",6.0,1
2023-06-21,Star City,500000,Normal,Typhoid,"High Fever, Abdominal Pain, Weakness",13.0,2
2023-02-12,Gotham,800000,High Humidity,COVID-19,"Fever, Dry Cough, Loss of Taste",14.0,3
2023-06-16,Gotham,800000,High Humidity,Cholera,"Severe Diarrhea, Dehydration",17.0,4
2023-08-04,Star City,500000,Normal,Typhoid,"High Fever, Abdominal Pain, Weakness",4.0,0
2023-08-14,Metropolis,1000000,High Pollution,Dengue,"High Fever, Joint Pain, Rash",13.0,3
2023-10-24,Coast City,600000,Coastal Weather,Dengue,"High Fever, Joint Pain, Rash",7.0,0
2023-10-22,Star City,500000,Normal,Cholera,"Severe Diarrhea, Dehydration",12.0,2
2023-08-04,Coast City,600000,Coastal Weather,Dengue,"High Fever, Joint Pain, Rash",7.0,0
2023-05-17,Coast City,600000,Coastal Weather,Typhoid,"High Fever, Abdominal Pain, Weakness",5.0,0
2023-01-26,Star City,500000,Normal,Cholera,"Severe Diarrhea, Dehydration",7.0,1
2023-10-05,Metropolis,1000000,High Pollution,Cholera,"Severe Diarrhea, Dehydration",6.0,0
2023-08-02,Metropolis,1000000,High Pollution,Cholera,"Severe Diarrhea, Dehydration",11.0,0
2023-05-11,Central City,1200000,Normal,Influenza,"Fever, Cough, Fatigue",7.0,1
2023-01-31,Central City,1200000,Normal,Typhoid,"High Fever, Abdominal Pain, Weakness",15.0,3
2023-05-14,Metropolis,1000000,High Pollution,Cholera,"Severe Diarrhea, Dehydration",144.0,9
2023-11-10,Coast City,600000,Coastal Weather,Influenza,"Fever, Cough, Fatigue",14.0,1
2023-09-07,Gotham,800000,High Humidity,Cholera,"Severe Diarrhea, Dehydration",7.0,0
2023-01-04,Metropolis,1000000,High Pollution,COVID-19,"Fever, Dry Cough, Loss of Taste",8.0,1
2023-02-11,Central City,1200000,Normal,COVID-19,"Fever, Dry Cough, Loss of Taste",6.0,1
2023-06-17,Metropolis,1000000,High Pollution,Cholera,"Severe Diarrhea, Dehydration",15.0,2
2023-10-18,Coast City,600000,Coastal Weather,Dengue,"High Fever, Joint Pain, Rash",20.0,4
2023-12-02,Gotham,800000,High Humidity,Typhoid,"High Fever, Abdominal Pain, Weakness",12.0,2
2023-06-28,Metropolis,1000000,High Pollution,COVID-19,"Fever, Dry Cough, Loss of Taste",8.0,1
2023-12-17,Coast City,600000,Coastal Weather,Influenza,"Fever, Cough, Fatigue",13.0,0
2023-09-07,Gotham,800000,High Humidity,Cholera,"Severe Diarrhea, Dehydration",14.0,3
2023-04-10,Gotham,800000,High Humidity,COVID-19,"Fever, Dry Cough, Loss of Taste",11.0,1
2023-12-06,Metropolis,1000000,High Pollution,Dengue,"High Fever, Joint Pain, Rash",12.0,1
2023-12-26,Metropolis,1000000,High Pollution,Dengue,"High Fever, Joint Pain, Rash",10.0,1
2023-05-14,Metropolis,1000000,High Pollution,Typhoid,"High Fever, Abdominal Pain, Weakness",3.0,0
2023-11-12,Gotham,800000,High Humidity,Typhoid,"High Fever, Abdominal Pain, Weakness",5.0,0
2023-09-26,Central City,1200000,Normal,COVID-19,"Fever, Dry Cough, Loss of Taste",8.0,2
2023-02-24,Metropolis,1000000,High Pollution,Influenza,"Fever, Cough, Fatigue",3.0,0
2023-04-26,Central City,1200000,Normal,Dengue,"High Fever, Joint Pain, Rash",11.0,2
2023-09-17,Star City,500000,Normal,COVID-19,"Fever, Dry Cough, Loss of Taste",7.0,0
2023-01-09,Central City,1200000,Normal,Typhoid,"High Fever, Abdominal Pain, Weakness",6.0,0
2023-03-23,Central City,1200000,Normal,Cholera,"Severe Diarrhea, Dehydration",9.0,0
2023-11-23,Metropolis,1000000,High Pollution,COVID-19,"Fever, Dry Cough, Loss of Taste",5.0,1
2023-05-12,Coast City,600000,Coastal Weather,Typhoid,"High Fever, Abdominal Pain, Weakness",11.0,2
2023-12-08,Star City,500000,Normal,Cholera,"Severe Diarrhea, Dehydration",8.0,1
2023-05-19,Gotham,800000,High Humidity,COVID-19,"Fever, Dry Cough, Loss of Taste",10.0,1
2023-01-17,Gotham,800000,High Humidity,Typhoid,"High Fever, Abdominal Pain, Weakness",15.0,1
2023-01-18,Coast City,600000,Coastal Weather,Influenza,"Fever, Cough, Fatigue",8.0,1
2023-03-26,Star City,500000,Normal,COVID-19,"Fever, Dry Cough, Loss of Taste",11.0,2
2023-11-13,Star City,500000,Normal,Typhoid,"High Fever, Abdominal Pain, Weakness",11.0,2
2023-09-03,Gotham,800000,High Humidity,COVID-19,"Fever, Dry Cough, Loss of Taste",11.0,2
2023-10-30,Metropolis,1000000,High Pollution,Cholera,"Severe Diarrhea, Dehydration",12.0,1
2023-06-03,Gotham,800000,High Humidity,COVID-19,"Fever, Dry Cough, Loss of Taste",8.0,1
2023-09-27,Gotham,800000,High Humidity,COVID-19,"Fever, Dry Cough, Loss of Taste",11.0,2
2023-09-19,Gotham,800000,High Humidity,Influenza,"Fever, Cough, Fatigue",7.0,1
2023-12-09,Star City,500000,Normal,Dengue,"High Fever, Joint Pain, Rash",13.0,1
2023-09-03,Gotham,800000,High Humidity,Dengue,"High Fever, Joint Pain, Rash",9.0,0
2023-05-09,Central City,1200000,Normal,Cholera,"Severe Diarrhea, Dehydration",12.0,1
2023-01-27,Gotham,800000,High Humidity,COVID-19,"Fever, Dry Cough, Loss of Taste",12.0,0
2023-01-19,Star City,500000,Normal,COVID-19,"Fever, Dry Cough, Loss of Taste",13.0,2
2023-05-06,Coast City,600000,Coastal Weather,COVID-19,"Fever, Dry Cough, Loss of Taste",12.0,2
2023-05-05,Metropolis,1000000,High Pollution,Dengue,"High Fever, Joint Pain, Rash",91.0,12
2023-04-02,Gotham,800000,High Humidity,Typhoid,"High Fever, Abdominal Pain, Weakness",9.0,2
2023-03-27,Metropolis,1000000,High Pollution,Typhoid,"High Fever, Abdominal Pain, Weakness",9.0,1
2023-04-08,Metropolis,1000000,High Pollution,Dengue,"High Fever, Joint Pain, Rash",12.0,1
2023-05-22,Metropolis,1000000,High Pollution,Influenza,"Fever, Cough, Fatigue",8.0,0
2023-08-31,Coast City,600000,Coastal Weather,Influenza,"Fever, Cough, Fatigue",9.0,2
2023-05-08,Gotham,800000,High Humidity,COVID-19,"Fever, Dry Cough, Loss of Taste",6.0,0
2023-06-06,Coast City,600000,Coastal Weather,Dengue,"High Fever, Joint Pain, Rash",12.0,1
2023-11-04,Metropolis,1000000,High Pollution,Cholera,"Severe Diarrhea, Dehydration",6.0,1
2023-08-11,Coast City,600000,Coastal Weather,Dengue,"High Fever, Joint Pain, Rash",7.0,0
2023-12-31,Central City,1200000,Normal,COVID-19,"Fever, Dry Cough, Loss of Taste",13.0,3
2023-02-15,Gotham,800000,High Humidity,Cholera,"Severe Diarrhea, Dehydration",4.0,1
2023-07-19,Star City,500000,Normal,Influenza,"Fever, Cough, Fatigue",11.0,1
2023-03-17,Central City,1200000,Normal,Influenza,"Fever, Cough, Fatigue",3.0,0
2023-12-27,Star City,500000,Normal,COVID-19,"Fever, Dry Cough, Loss of Taste",12.0,0
2023-03-09,Coast City,600000,Coastal Weather,Cholera,"Severe Diarrhea, Dehydration",8.0,2
2023-10-30,Gotham,800000,High Humidity,Dengue,"High Fever, Joint Pain, Rash",45.0,7
2023-01-15,Central City,1200000,Normal,COVID-19,"Fever, Dry Cough, Loss of Taste",16.0,4
2023-08-27,Star City,500000,Normal,COVID-19,"Fever, Dry Cough, Loss of Taste",12.0,1
2023-05-22,Metropolis,1000000,High Pollution,Cholera,"Severe Diarrhea, Dehydration",14.0,1
2023-03-31,Central City,1200000,Normal,Cholera,"Severe Diarrhea, Dehydration",10.0,1
2023-07-14,Central City,1200000,Normal,COVID-19,"Fever, Dry Cough, Loss of Taste",6.0,1
2023-08-30,Metropolis,1000000,High Pollution,COVID-19,"Fever, Dry Cough, Loss of Taste",,0
2023-09-24,Central City,1200000,Normal,Dengue,"High Fever, Joint Pain, Rash",10.0,2
2023-09-14,Central City,1200000,Normal,Cholera,"Severe Diarrhea, Dehydration",7.0,1
2023-03-07,Coast City,600000,Coastal Weather,Dengue,"High Fever, Joint Pain, Rash",7.0,1
2023-03-23,Star City,500000,Normal,Influenza,"Fever, Cough, Fatigue",16.0,1
2023-05-21,Star City,500000,Normal,Influenza,"Fever, Cough, Fatigue",9.0,2
2023-08-12,Metropolis,1000000,High Pollution,Cholera,"Severe Diarrhea, Dehydration",12.0,1
2023-02-13,Central City,1200000,Normal,Typhoid,"High Fever, Abdominal Pain, Weakness",13.0,2
2023-01-26,Gotham,800000,High Humidity,Cholera,"Severe Diarrhea, Dehydration",11.0,2
2023-04-14,Metropolis,1000000,High Pollution,Dengue,"High Fever, Joint Pain, Rash",204.0,47
2023-03-25,Gotham,800000,High Humidity,Typhoid,"High Fever, Abdominal Pain, Weakness",10.0,0
2023-04-12,Central City,1200000,Normal,COVID-19,"Fever, Dry Cough, Loss of Taste",18.0,4
2023-06-29,Gotham,800000,High Humidity,Dengue,"High Fever, Joint Pain, Rash",9.0,0
2023-02-27,Central City,1200000,Normal,Typhoid,"High Fever, Abdominal Pain, Weakness",10.0,0
2023-08-02,Star City,500000,Normal,Typhoid,"High Fever, Abdominal Pain, Weakness",11.0,3
2023-03-14,Coast City,600000,Coastal Weather,Typhoid,"High Fever, Abdominal Pain, Weakness",12.0,3
2023-03-05,Metropolis,1000000,High Pollution,Dengue,"High Fever, Joint Pain, Rash",7.0,1
2023-07-27,Star City,500000,Normal,COVID-19,"Fever, Dry Cough, Loss of Taste",10.0,2
2023-05-14,Star City,500000,Normal,COVID-19,"Fever, Dry Cough, Loss of Taste",12.0,2
2023-08-31,Star City,500000,Normal,Dengue,"High Fever, Joint Pain, Rash",10.0,2
2023-10-15,Coast City,600000,Coastal Weather,Typhoid,"High Fever, Abdominal Pain, Weakness",14.0,3
2023-06-12,Coast City,600000,Coastal Weather,Cholera,"Severe Diarrhea, Dehydration",13.0,2
2023-05-31,Star City,500000,Normal,Dengue,"High Fever, Joint Pain, Rash",9.0,1
2023-01-05,Central City,1200000,Normal,Influenza,"Fever, Cough, Fatigue",7.0,1
2023-02-27,Coast City,600000,Coastal Weather,Influenza,"Fever, Cough, Fatigue",5.0,0
2023-12-28,Gotham,800000,High Humidity,COVID-19,"Fever, Dry Cough, Loss of Taste",13.0,3
2023-06-30,Metropolis,1000000,High Pollution,COVID-19,"Fever, Dry Cough, Loss of Taste",9.0,2
2023-01-06,Gotham,800000,High Humidity,Cholera,"Severe Diarrhea, Dehydration",121.0,25
2023-12-18,Central City,1200000,Normal,Influenza,"Fever, Cough, Fatigue",15.0,1
2023-03-02,Gotham,800000,High Humidity,COVID-19,"Fever, Dry Cough, Loss of Taste",9.0,1
2023-01-07,Central City,1200000,Normal,Influenza,"Fever, Cough, Fatigue",7.0,0
2023-08-26,Metropolis,1000000,High Pollution,Typhoid,"High Fever, Abdominal Pain, Weakness",7.0,0
2023-06-19,Star City,500000,Normal,Typhoid,"High Fever, Abdominal Pain, Weakness",9.0,1
2023-05-21,Star City,500000,Normal,Cholera,"Severe Diarrhea, Dehydration",9.0,0
2023-11-07,Metropolis,1000000,High Pollution,Cholera,"Severe Diarrhea, Dehydration",9.0,1
2023-01-21,Central City,1200000,Normal,Cholera,"Severe Diarrhea, Dehydration",9.0,2
2023-01-10,Star City,500000,Normal,Typhoid,"High Fever, Abdominal Pain, Weakness",9.0,0
2023-04-09,Metropolis,1000000,High Pollution,Cholera,"Severe Diarrhea, Dehydration",7.0,1
2023-01-20,Central City,1200000,Normal,COVID-19,"Fever, Dry Cough, Loss of Taste",8.0,0
2023-02-14,Coast City,600000,Coastal Weather,Dengue,"High Fever, Joint Pain, Rash",6.0,0
2023-05-15,Coast City,600000,Coastal Weather,Dengue,"High Fever, Joint Pain, Rash",12.0,2
2023-07-03,Metropolis,1000000,High Pollution,Influenza,"Fever, Cough, Fatigue",7.0,1
2023-03-14,Central City,1200000,Normal,Typhoid,"High Fever, Abdominal Pain, Weakness",8.0,2
2023-07-25,Gotham,800000,High Humidity,Influenza,"Fever, Cough, Fatigue",8.0,0
2023-10-15,Coast City,600000,Coastal Weather,Dengue,"High Fever, Joint Pain, Rash",11.0,1
2023-05-17,Metropolis,1000000,High Pollution,Influenza,"Fever, Cough, Fatigue",10.0,1
2023-09-02,Coast City,600000,Coastal Weather,Dengue,"High Fever, Joint Pain, Rash",7.0,1
2023-06-09,Coast City,600000,Coastal Weather,COVID-19,"Fever, Dry Cough, Loss of Taste",10.0,1
2023-10-15,Metropolis,1000000,High Pollution,Dengue,"High Fever, Joint Pain, Rash",6.0,1
2023-09-21,Metropolis,1000000,High Pollution,Typhoid,"High Fever, Abdominal Pain, Weakness",5.0,1
2023-09-08,Metropolis,1000000,High Pollution,Cholera,"Severe Diarrhea, Dehydration",8.0,0
2023-12-18,Central City,1200000,Normal,Typhoid,"High Fever, Abdominal Pain, Weakness",10.0,0
2023-10-23,Coast City,600000,Coastal Weather,Dengue,"High Fever, Joint Pain, Rash",19.0,3
10/08/2023,Central City,1200000,Normal,COVID-19,"Fever, Dry Cough, Loss of Taste",10.0,0
2023-09-11,Star City,500000,Normal,COVID-19,"Fever, Dry Cough, Loss of Taste",11.0,3
2023-05-25,Central City,1200000,Normal,Dengue,"High Fever, Joint Pain, Rash",8.0,1
2023-08-18,Central City,1200000,Normal,Cholera,"Severe Diarrhea, Dehydration",7.0,1
2023-04-29,Metropolis,1000000,High Pollution,Typhoid,"High Fever, Abdominal Pain, Weakness",11.0,1
2023-03-05,Metropolis,1000000,High Pollution,Influenza,"Fever, Cough, Fatigue",14.0,4
2023-03-02,Metropolis,1000000,High Pollution,Typhoid,"High Fever, Abdominal Pain, Weakness",,0
2023-04-11,Central City,1200000,Normal,Cholera,"Severe Diarrhea, Dehydration",13.0,3
2023-03-06,Metropolis,1000000,High Pollution,Typhoid,"High Fever, Abdominal Pain, Weakness",13.0,3
2023-11-19,Central City,1200000,Normal,Typhoid,"High Fever, Abdominal Pain, Weakness",5.0,0
2023-12-08,Gotham,800000,High Humidity,COVID-19,"Fever, Dry Cough, Loss of Taste",14.0,1
2023-02-20,Star City,500000,Normal,COVID-19,"Fever, Dry Cough, Loss of Taste",13.0,1
2023-09-07,Star City,500000,Normal,Dengue,"High Fever, Joint Pain, Rash",8.0,0
2023-03-13,Central City,1200000,Normal,COVID-19,"Fever, Dry Cough, Loss of Taste",15.0,4
2023-12-15,Central City,1200000,Normal,Dengue,"High Fever, Joint Pain, Rash",7.0,1
2023-01-10,Star City,500000,Normal,Dengue,"High Fever, Joint Pain, Rash",10.0,1
2023-07-09,Star City,500000,Normal,COVID-19,"Fever, Dry Cough, Loss of Taste",8.0,1
2023-09-26,Star City,500000,Normal,Dengue,"High Fever, Joint Pain, Rash",11.0,2
2023-01-04,Metropolis,1000000,High Pollution,Dengue,"High Fever, Joint Pain, Rash",9.0,0
2023-11-16,Star City,500000,Normal,Influenza,"Fever, Cough, Fatigue",10.0,1
2023-06-21,Central City,1200000,Normal,Cholera,"Severe Diarrhea, Dehydration",140.0,17
2023-02-17,Star City,500000,Normal,COVID-19,"Fever, Dry Cough, Loss of Taste",9.0,2
2023-04-06,Coast City,600000,Coastal Weather,Dengue,"High Fever, Joint Pain, Rash",11.0,1
2023-09-16,Gotham,800000,High Humidity,COVID-19,"Fever, Dry Cough, Loss of Taste",9.0,1
2023-12-01,Star City,500000,Normal,Influenza,"Fever, Cough, Fatigue",10.0,1
2023-07-13,Coast City,600000,Coastal Weather,Dengue,"High Fever, Joint Pain, Rash",10.0,1
2023-07-25,Gotham,800000,High Humidity,COVID-19,"Fever, Dry Cough, Loss of Taste",13.0,1
2023-02-13,Central City,1200000,Normal,Typhoid,"High Fever, Abdominal Pain, Weakness",11.0,2
2023-05-04,Star City,500000,Normal,Influenza,"Fever, Cough, Fatigue",,0
2023-05-28,Metropolis,1000000,High Pollution,Cholera,"Severe Diarrhea, Dehydration",9.0,0
2023-08-16,Star City,500000,Normal,Influenza,"Fever, Cough, Fatigue",9.0,0
2023-01-09,Central City,1200000,Normal,COVID-19,"Fever, Dry Cough, Loss of Taste",8.0,0
2023-05-31,Star City,500000,Normal,Cholera,"Severe Diarrhea, Dehydration",,0
2023-04-04,Central City,1200000,Normal,COVID-19,"Fever, Dry Cough, Loss of Taste",8.0,1
2023-02-07,Central City,1200000,Normal,Typhoid,"High Fever, Abdominal Pain, Weakness",9.0,1
2023-02-20,Coast City,600000,Coastal Weather,Dengue,"High Fever, Joint Pain, Rash",15.0,4
2023-07-10,Coast City,600000,Coastal Weather,Influenza,"Fever, Cough, Fatigue",14.0,2
2023-10-29,Star City,500000,Normal,COVID-19,"Fever, Dry Cough, Loss of Taste",11.0,2
2023-03-31,Metropolis,1000000,High Pollution,Cholera,"Severe Diarrhea, Dehydration",5.0,0
2023-01-01,Coast City,600000,Coastal Weather,Typhoid,"High Fever, Abdominal Pain, Weakness",7.0,1
2023-07-08,Coast City,600000,Coastal Weather,Cholera,"Severe Diarrhea, Dehydration",15.0,3
2023-06-03,Central City,1200000,Normal,COVID-19,"Fever, Dry Cough, Loss of Taste",11.0,2
2023-08-05,Coast City,600000,Coastal Weather,Typhoid,"High Fever, Abdominal Pain, Weakness",11.0,2
2023-01-17,Coast City,600000,Coastal Weather,Dengue,"High Fever, Joint Pain, Rash",10.0,1
2023-11-02,Gotham,800000,High Humidity,Dengue,"High Fever, Joint Pain, Rash",12.0,1
2023-12-16,Gotham,800000,High Humidity,Typhoid,"High Fever, Abdominal Pain, Weakness",12.0,3
2023-10-28,Central City,1200000,Normal,Cholera,"Severe Diarrhea, Dehydration",9.0,2
2023-05-30,Central City,1200000,Normal,Influenza,"Fever, Cough, Fatigue",7.0,1
2023-11-22,Central City,1200000,Normal,COVID-19,"Fever, Dry Cough, Loss of Taste",6.0,0
2023-12-10,Gotham,800000,High Humidity,Typhoid,"High Fever, Abdominal Pain, Weakness",12.0,0
2023-04-14,Star City,500000,Normal,Dengue,"High Fever, Joint Pain, Rash",12.0,2
2023-06-24,Star City,500000,Normal,Cholera,"Severe Diarrhea, Dehydration",6.0,0
2023-07-11,Star City,500000,Normal,COVID-19,"Fever, Dry Cough, Loss of Taste",9.0,0
2023-06-26,Central City,1200000,Normal,Dengue,"High Fever, Joint Pain, Rash",4.0,0
2023-01-28,Central City,1200000,Normal,Cholera,"Severe Diarrhea, Dehydration",15.0,3
2023-07-22,Gotham,800000,High Humidity,Influenza,"Fever, Cough, Fatigue",12.0,3
2023-02-23,Gotham,800000,High Humidity,COVID-19,"Fever, Dry Cough, Loss of Taste",10.0,2
2023-06-15,Metropolis,1000000,High Pollution,Typhoid,"High Fever, Abdominal Pain, Weakness",8.0,2
2023-03-18,Metropolis,1000000,High Pollution,Typhoid,"High Fever, Abdominal Pain, Weakness",8.0,1
2023-05-07,Gotham,800000,High Humidity,Cholera,"Severe Diarrhea, Dehydration",13.0,2
2023-03-23,Gotham,800000,High Humidity,Cholera,"Severe Diarrhea, Dehydration",8.0,0
2023-01-15,Central City,1200000,Normal,Typhoid,"High Fever, Abdominal Pain, Weakness",7.0,1
2023-03-14,Star City,500000,Normal,Typhoid,"High Fever, Abdominal Pain, Weakness",7.0,1
2023-07-17,Coast City,600000,Coastal Weather,Dengue,"High Fever, Joint Pain, Rash",5.0,1
2023-10-27,Coast City,600000,Coastal Weather,COVID-19,"Fever, Dry Cough, Loss of Taste",6.0,1
2023-01-02,Coast City,600000,Coastal Weather,Cholera,"Severe Diarrhea, Dehydration",10.0,1
2023-10-13,Metropolis,1000000,High Pollution,Cholera,"Severe Diarrhea, Dehydration",8.0,0
2023-04-05,Gotham,800000,High Humidity,Cholera,"Severe Diarrhea, Dehydration",12.0,0
2023-01-27,Gotham,800000,High Humidity,Typhoid,"High Fever, Abdominal Pain, Weakness",10.0,1
2023-01-06,Metropolis,1000000,High Pollution,COVID-19,"Fever, Dry Cough, Loss of Taste",11.0,2
2023-08-16,Metropolis,1000000,High Pollution,Dengue,"High Fever, Joint Pain, Rash",3.0,0
2023-09-14,Metropolis,1000000,High Pollution,Typhoid,"High Fever, Abdominal Pain, Weakness",12.0,3
2023-09-11,Central City,1200000,Normal,Influenza,"Fever, Cough, Fatigue",14.0,1
2023-03-25,Central City,1200000,Normal,COVID-19,"Fever, Dry Cough, Loss of Taste",9.0,2
2023-02-27,Central City,1200000,Normal,Cholera,"Severe Diarrhea, Dehydration",14.0,1
2023-03-28,Gotham,800000,High Humidity,Typhoid,"High Fever, Abdominal Pain, Weakness",10.0,1
2023-08-08,Coast City,600000,Coastal Weather,Dengue,"High Fever, Joint Pain, Rash",8.0,0
2023-06-24,Coast City,600000,Coastal Weather,Cholera,"Severe Diarrhea, Dehydration",10.0,0
2023-06-27,Star City,500000,Normal,Typhoid,"High Fever, Abdominal Pain, Weakness",10.0,2
2023-01-20,Metropolis,1000000,High Pollution,Cholera,"Severe Diarrhea, Dehydration",6.0,1
2023-01-28,Coast City,600000,Coastal Weather,COVID-19,"Fever, Dry Cough, Loss of Taste",8.0,1
2023-04-06,Metropolis,1000000,High Pollution,Dengue,"High Fever, Joint Pain, Rash",14.0,1
2023-09-28,Star City,500000,Normal,Influenza,"Fever, Cough, Fatigue",12.0,1
2023-05-18,Metropolis,1000000,High Pollution,Dengue,"High Fever, Joint Pain, Rash",10.0,1
2023-07-23,Central City,1200000,Normal,COVID-19,"Fever, Dry Cough, Loss of Taste",10.0,0
2023-04-14,Central City,1200000,Normal,COVID-19,"Fever, Dry Cough, Loss of Taste",5.0,0
2023-04-04,Metropolis,1000000,High Pollution,COVID-19,"Fever, Dry Cough, Loss of Taste",11.0,1
2023-09-26,Gotham,800000,High Humidity,Typhoid,"High Fever, Abdominal Pain, Weakness",9.0,2
2023-11-24,Metropolis,1000000,High Pollution,Typhoid,"High Fever, Abdominal Pain, Weakness",6.0,0
2023-09-15,Metropolis,1000000,High Pollution,Cholera,"Severe Diarrhea, Dehydration",11.0,2
2023-01-27,Coast City,600000,Coastal Weather,Cholera,"Severe Diarrhea, Dehydration",5.0,0
2023-02-14,Star City,500000,Normal,Typhoid,"High Fever, Abdominal Pain, Weakness",12.0,3
2023-06-03,Gotham,800000,High Humidity,Typhoid,"High Fever, Abdominal Pain, Weakness",9.0,1
2023-11-12,Central City,1200000,Normal,Dengue,"High Fever, Joint Pain, Rash",8.0,0
2023-03-01,Central City,1200000,Normal,Influenza,"Fever, Cough, Fatigue",9.0,2
2023-02-10,Star City,500000,Normal,Influenza,"Fever, Cough, Fatigue",4.0,0
2023-09-22,Gotham,800000,High Humidity,Dengue,"High Fever, Joint Pain, Rash",10.0,2
2023-06-19,Coast City,600000,Coastal Weather,Dengue,"High Fever, Joint Pain, Rash",9.0,1
2023-11-12,Gotham,800000,High Humidity,Cholera,"Severe Diarrhea, Dehydration",3.0,0
2023-08-13,Central City,1200000,Normal,Influenza,"Fever, Cough, Fatigue",11.0,2
2023-12-23,Coast City,600000,Coastal Weather,Dengue,"High Fever, Joint Pain, Rash",10.0,1
2023-12-01,Star City,500000,Normal,Influenza,"Fever, Cough, Fatigue",17.0,0
2023-08-25,Gotham,800000,High Humidity,Influenza,"Fever, Cough, Fatigue",16.0,4
2023-07-10,Gotham,800000,High Humidity,Dengue,"High Fever, Joint Pain, Rash",5.0,1
2023-09-06,Star City,500000,Normal,Cholera,"Severe Diarrhea, Dehydration",15.0,2
2023-04-27,Star City,500000,Normal,Typhoid,"High Fever, Abdominal Pain, Weakness",9.0,1
2023-03-16,Star City,500000,Normal,Dengue,"High Fever, Joint Pain, Rash",10.0,2
2023-09-25,Star City,500000,Normal,Typhoid,"High Fever, Abdominal Pain, Weakness",8.0,1
2023-10-05,Star City,500000,Normal,Cholera,"Severe Diarrhea, Dehydration",15.0,0
2023-04-08,Star City,500000,Normal,COVID-19,"Fever, Dry Cough, Loss of Taste",10.0,1
2023-11-20,Star City,500000,Normal,COVID-19,"Fever, Dry Cough, Loss of Taste",10.0,0
2023-04-20,Star City,500000,Normal,Typhoid,"High Fever, Abdominal Pain, Weakness",10.0,0
2023-04-30,Gotham,800000,High Humidity,Dengue,"High Fever, Joint Pain, Rash",,0
2023-08-10,Coast City,600000,Coastal Weather,Influenza,"Fever, Cough, Fatigue",11.0,1
2023-08-13,Central City,1200000,Normal,Dengue,"High Fever, Joint Pain, Rash",10.0,2
2023-03-27,Gotham,800000,High Humidity,Dengue,"High Fever, Joint Pain, Rash",12.0,3
2023-12-27,Coast City,600000,Coastal Weather,Dengue,"High Fever, Joint Pain, Rash",156.0,46
2023-04-29,Star City,500000,Normal,COVID-19,"Fever, Dry Cough, Loss of Taste",7.0,1
2023-12-21,Gotham,800000,High Humidity,Influenza,"Fever, Cough, Fatigue",8.0,1
2023-06-07,Metropolis,1000000,High Pollution,Dengue,"High Fever, Joint Pain, Rash",14.0,1
2023-09-05,Metropolis,1000000,High Pollution,Cholera,"Severe Diarrhea, Dehydration",9.0,1
2023-11-04,Central City,1200000,Normal,Typhoid,"High Fever, Abdominal Pain, Weakness",11.0,2
2023-08-15,Metropolis,1000000,High Pollution,Cholera,"Severe Diarrhea, Dehydration",8.0,1
2023-01-18,Gotham,800000,High Humidity,Cholera,"Severe Diarrhea, Dehydration",11.0,2
2023-04-05,Central City,1200000,Normal,COVID-19,"Fever, Dry Cough, Loss of Taste",7.0,1
2023-05-07,Metropolis,1000000,High Pollution,Influenza,"Fever, Cough, Fatigue",12.0,0
2023-06-02,Gotham,800000,High Humidity,COVID-19,"Fever, Dry Cough, Loss of Taste",10.0,1
2023-04-21,Gotham,800000,High Humidity,Typhoid,"High Fever, Abdominal Pain, Weakness",6.0,1
2023-11-25,Coast City,600000,Coastal Weather,Dengue,"High Fever, Joint Pain, Rash",17.0,2
2023-02-08,Coast City,600000,Coastal Weather,Cholera,"Severe Diarrhea, Dehydration",9.0,2
2023-04-23,Coast City,600000,Coastal Weather,Influenza,"Fever, Cough, Fatigue",,0
2023-08-21,Coast City,600000,Coastal Weather,Dengue,"High Fever, Joint Pain, Rash",10.0,2
2023-09-09,Gotham,800000,High Humidity,COVID-19,"Fever, Dry Cough, Loss of Taste",10.0,1
2023-02-05,Metropolis,1000000,High Pollution,Dengue,"High Fever, Joint Pain, Rash",8.0,1
2023-10-11,Gotham,800000,High Humidity,COVID-19,"Fever, Dry Cough, Loss of Taste",13.0,1
2023-08-03,Metropolis,1000000,High Pollution,Dengue,"High Fever, Joint Pain, Rash",6.0,1
2023-06-29,Central City,1200000,Normal,COVID-19,"Fever, Dry Cough, Loss of Taste",10.0,0
2023-11-01,Coast City,600000,Coastal Weather,Influenza,"Fever, Cough, Fatigue",6.0,0
2023-11-09,Gotham,800000,High Humidity,Influenza,"Fever, Cough, Fatigue",15.0,3
2023-04-07,Metropolis,1000000,High Pollution,Influenza,"Fever, Cough, Fatigue",144.0,9
2023-09-21,Star City,500000,Normal,Typhoid,"High Fever, Abdominal Pain, Weakness",12.0,1
2023-02-03,Star City,500000,Normal,Dengue,"High Fever, Joint Pain, Rash",9.0,2
22/12/2023,Metropolis,1000000,High Pollution,Typhoid,"High Fever, Abdominal Pain, Weakness",8.0,0
2023-08-27,Star City,500000,Normal,Dengue,"High Fever, Joint Pain, Rash",11.0,0
2023-06-08,Metropolis,1000000,High Pollution,Influenza,"Fever, Cough, Fatigue",8.0,2
2023-05-17,Coast City,600000,Coastal Weather,COVID-19,"Fever, Dry Cough, Loss of Taste",12.0,0
2023-03-01,Metropolis,1000000,High Pollution,Cholera,"Severe Diarrhea, Dehydration",9.0,1
2023-01-24,Central City,1200000,Normal,Cholera,"Severe Diarrhea, Dehydration",13.0,1
2023-09-23,Coast City,600000,Coastal Weather,Dengue,"High Fever, Joint Pain, Rash",6.0,1
2023-06-27,Coast City,600000,Coastal Weather,Influenza,"Fever, Cough, Fatigue",12.0,1
2023-06-13,Coast City,600000,Coastal Weather,Cholera,"Severe Diarrhea, Dehydration",15.0,3
2023-06-24,Metropolis,1000000,High Pollution,Influenza,"Fever, Cough, Fatigue",7.0,1
2023-12-30,Central City,1200000,Normal,Influenza,"Fever, Cough, Fatigue",6.0,1
2023-10-01,Gotham,800000,High Humidity,Cholera,"Severe Diarrhea, Dehydration",168.0,22
2023-07-18,Star City,500000,Normal,Typhoid,"High Fever, Abdominal Pain, Weakness",15.0,2
2023-12-19,Central City,1200000,Normal,COVID-19,"Fever, Dry Cough, Loss of Taste",2.0,0
2023-08-15,Metropolis,1000000,High Pollution,Influenza,"Fever, Cough, Fatigue",10.0,2
2023-05-30,Central City,1200000,Normal,Influenza,"Fever, Cough, Fatigue",10.0,0
2023-04-18,Gotham,800000,High Humidity,Dengue,"High Fever, Joint Pain, Rash",15.0,2
2023-07-17,Gotham,800000,High Humidity,Cholera,"Severe Diarrhea, Dehydration",10.0,1
2023-03-05,Gotham,800000,High Humidity,Typhoid,"High Fever, Abdominal Pain, Weakness",7.0,0
2023-05-11,Coast City,600000,Coastal Weather,Typhoid,"High Fever, Abdominal Pain, Weakness",12.0,3
2023-05-23,Gotham,800000,High Humidity,Cholera,"Severe Diarrhea, Dehydration",8.0,0
2023-03-18,Central City,1200000,Normal,Dengue,"High Fever, Joint Pain, Rash",13.0,1
2023-04-25,Gotham,800000,High Humidity,Dengue,"High Fever, Joint Pain, Rash",6.0,0
2023-01-10,Gotham,800000,High Humidity,Influenza,"Fever, Cough, Fatigue",9.0,2
2023-10-12,Central City,1200000,Normal,Dengue,"High Fever, Joint Pain, Rash",7.0,1
2023-01-06,Metropolis,1000000,High Pollution,Typhoid,"High Fever, Abdominal Pain, Weakness",10.0,1
2023-10-09,Coast City,600000,Coastal Weather,Typhoid,"High Fever, Abdominal Pain, Weakness",4.0,0
2023-11-22,Central City,1200000,Normal,Cholera,"Severe Diarrhea, Dehydration",10.0,2
2023-02-15,Gotham,800000,High Humidity,Influenza,"Fever, Cough, Fatigue",14.0,1
2023-02-20,Metropolis,1000000,High Pollution,Typhoid,"High Fever, Abdominal Pain, Weakness",10.0,2
2023-08-03,Gotham,800000,High Humidity,Influenza,"Fever, Cough, Fatigue",11.0,0
2023-07-10,Star City,500000,Normal,COVID-19,"Fever, Dry Cough, Loss of Taste",9.0,0
2023-07-20,Coast City,600000,Coastal Weather,Cholera,"Severe Diarrhea, Dehydration",13.0,0
2023-04-26,Star City,500000,Normal,Typhoid,"High Fever, Abdominal Pain, Weakness",12.0,2
2023-10-06,Gotham,800000,High Humidity,Influenza,"Fever, Cough, Fatigue",13.0,3
2023-02-19,Metropolis,1000000,High Pollution,Typhoid,"High Fever, Abdominal Pain, Weakness",12.0,2
2023-06-28,Central City,1200000,Normal,Cholera,"Severe Diarrhea, Dehydration",8.0,1
2023-10-26,Star City,500000,Normal,Dengue,"High Fever, Joint Pain, Rash",7.0,0
2023-10-25,Metropolis,1000000,High Pollution,Influenza,"Fever, Cough, Fatigue",8.0,0
2023-06-11,Metropolis,1000000,High Pollution,Influenza,"Fever, Cough, Fatigue",10.0,2
2023-10-30,Metropolis,1000000,High Pollution,Influenza,"Fever, Cough, Fatigue",10.0,2
2023-07-31,Metropolis,1000000,High Pollution,COVID-19,"Fever, Dry Cough, Loss of Taste",14.0,3
2023-11-14,Star City,500000,Normal,Typhoid,"High Fever, Abdominal Pain, Weakness",8.0,2
2023-08-11,Metropolis,1000000,High Pollution,Typhoid,"High Fever, Abdominal Pain, Weakness",10.0,1
2023-07-20,Central City,1200000,Normal,Influenza,"Fever, Cough, Fatigue",11.0,3
2023-08-24,Gotham,800000,High Humidity,Dengue,"High Fever, Joint Pain, Rash",6.0,0
2023-12-21,Coast City,600000,Coastal Weather,Typhoid,"High Fever, Abdominal Pain, Weakness",9.0,1
2023-09-05,Star City,500000,Normal,Cholera,"Severe Diarrhea, Dehydration",17.0,5
2023-08-06,Central City,1200000,Normal,COVID-19,"Fever, Dry Cough, Loss of Taste",238.0,34
2023-03-10,Gotham,800000,High Humidity,Dengue,"High Fever, Joint Pain, Rash",5.0,0
2023-09-16,Star City,500000,Normal,COVID-19,"Fever, Dry Cough, Loss of Taste",13.0,2
2023-08-22,Gotham,800000,High Humidity,Dengue,"High Fever, Joint Pain, Rash",10.0,2
2023-05-02,Central City,1200000,Normal,COVID-19,"Fever, Dry Cough, Loss of Taste",8.0,1
2023-10-04,Central City,1200000,Normal,Influenza,"Fever, Cough, Fatigue",270.0,48
2023-05-28,Coast City,600000,Coastal Weather,Dengue,"High Fever, Joint Pain, Rash",5.0,1
2023-04-15,Metropolis,1000000,High Pollution,Typhoid,"High Fever, Abdominal Pain, Weakness",13.0,2
2023-05-17,Star City,500000,Normal,Dengue,"High Fever, Joint Pain, Rash",10.0,2
2023-07-26,Central City,1200000,Normal,Influenza,"Fever, Cough, Fatigue",7.0,1
2023-04-27,Star City,500000,Normal,Influenza,"Fever, Cough, Fatigue",18.0,1
2023-03-28,Star City,500000,Normal,COVID-19,"Fever, Dry Cough, Loss of Taste",8.0,1
2023-01-28,Central City,1200000,Normal,Dengue,"High Fever, Joint Pain, Rash",9.0,0
2023-12-09,Coast City,600000,Coastal Weather,Influenza,"Fever, Cough, Fatigue",9.0,0
2023-09-11,Coast City,600000,Coastal Weather,Influenza,"Fever, Cough, Fatigue",8.0,1
2023-03-18,Metropolis,1000000,High Pollution,Dengue,"High Fever, Joint Pain, Rash",10.0,2
2023-01-29,Star City,500000,Normal,Dengue,"High Fever, Joint Pain, Rash",6.0,0
2023-04-04,Central City,1200000,Normal,Typhoid,"High Fever, Abdominal Pain, Weakness",182.0,9
2023-07-07,Coast City,600000,Coastal Weather,Cholera,"Severe Diarrhea, Dehydration",7.0,0
2023-12-25,Coast City,600000,Coastal Weather,COVID-19,"Fever, Dry Cough, Loss of Taste",12.0,2
2023-04-18,Star City,500000,Normal,Dengue,"High Fever, Joint Pain, Rash",3.0,0
2023-04-03,Star City,500000,Normal,Cholera,"Severe Diarrhea, Dehydration",11.0,1
2023-08-09,Coast City,600000,Coastal Weather,Influenza,"Fever, Cough, Fatigue",11.0,2
2023-03-07,Gotham,800000,High Humidity,Influenza,"Fever, Cough, Fatigue",9.0,2
2023-09-02,Star City,500000,Normal,Dengue,"High Fever, Joint Pain, Rash",11.0,2
2023-07-27,Central City,1200000,Normal,COVID-19,"Fever, Dry Cough, Loss of Taste",12.0,2
2023-05-25,Coast City,600000,Coastal Weather,Dengue,"High Fever, Joint Pain, Rash",10.0,2
2023-12-07,Central City,1200000,Normal,COVID-19,"Fever, Dry Cough, Loss of Taste",6.0,0
2023-05-31,Metropolis,1000000,High Pollution,Dengue,"High Fever, Joint Pain, Rash",7.0,2
2023-05-03,Gotham,800000,High Humidity,Dengue,"High Fever, Joint Pain, Rash",11.0,1
2023-03-17,Star City,500000,Normal,Cholera,"Severe Diarrhea, Dehydration",12.0,0
2023-09-04,Star City,500000,Normal,Influenza,"Fever, Cough, Fatigue",8.0,1
2023-08-19,Metropolis,1000000,High Pollution,Typhoid,"High Fever, Abdominal Pain, Weakness",10.0,1
2023-08-11,Metropolis,1000000,High Pollution,Typhoid,"High Fever, Abdominal Pain, Weakness",7.0,0
2023-04-27,Metropolis,1000000,High Pollution,Dengue,"High Fever, Joint Pain, Rash",9.0,1
2023-03-21,Metropolis,1000000,High Pollution,COVID-19,"Fever, Dry Cough, Loss of Taste",5.0,0
2023-01-08,Star City,500000,Normal,Dengue,"High Fever, Joint Pain, Rash",9.0,1
2023-10-04,Coast City,600000,Coastal Weather,Cholera,"Severe Diarrhea, Dehydration",6.0,0
2023-01-09,Star City,500000,Normal,Cholera,"Severe Diarrhea, Dehydration",8.0,1
2023-10-28,Metropolis,1000000,High Pollution,Influenza,"Fever, Cough, Fatigue",9.0,0
2023-11-02,Coast City,600000,Coastal Weather,Influenza,"Fever, Cough, Fatigue",8.0,1
2023-07-31,Gotham,800000,High Humidity,Dengue,"High Fever, Joint Pain, Rash",6.0,0
2023-05-20,Gotham,800000,High Humidity,Influenza,"Fever, Cough, Fatigue",13.0,3
2023-07-14,Coast City,600000,Coastal Weather,Typhoid,"High Fever, Abdominal Pain, Weakness",,0
2023-02-27,Coast City,600000,Coastal Weather,Cholera,"Severe Diarrhea, Dehydration",,0
2023-08-10,Coast City,600000,Coastal Weather,Influenza,"Fever, Cough, Fatigue",7.0,0
2023-06-28,Star City,500000,Normal,Typhoid,"High Fever, Abdominal Pain, Weakness",7.0,0
2023-05-18,Central City,1200000,Normal,Cholera,"Severe Diarrhea, Dehydration",9.0,2
2023-06-25,Metropolis,1000000,High Pollution,Influenza,"Fever, Cough, Fatigue",5.0,1
2023-12-02,Coast City,600000,Coastal Weather,COVID-19,"Fever, Dry Cough, Loss of Taste",13.0,2
2023-10-26,Coast City,600000,Coastal Weather,Dengue,"High Fever, Joint Pain, Rash",10.0,1
2023-08-05,Gotham,800000,High Humidity,Cholera,"Severe Diarrhea, Dehydration",8.0,0
2023-05-07,Star City,500000,Normal,COVID-19,"Fever, Dry Cough, Loss of Taste",5.0,0
2023-08-30,Star City,500000,Normal,Cholera,"Severe Diarrhea, Dehydration",14.0,2
2023-08-15,Gotham,800000,High Humidity,Dengue,"High Fever, Joint Pain, Rash",7.0,2
2023-04-03,Central City,1200000,Normal,Cholera,"Severe Diarrhea, Dehydration",7.0,1
2023-01-08,Central City,1200000,Normal,COVID-19,"Fever, Dry Cough, Loss of Taste",10.0,2
2023-11-17,Gotham,800000,High Humidity,Dengue,"High Fever, Joint Pain, Rash",9.0,0
2023-09-14,Metropolis,1000000,High Pollution,Dengue,"High Fever, Joint Pain, Rash",13.0,2
2023-07-26,Central City,1200000,Normal,COVID-19,"Fever, Dry Cough, Loss of Taste",6.0,1
2023-01-31,Central City,1200000,Normal,Influenza,"Fever, Cough, Fatigue",11.0,1
2023-04-21,Metropolis,1000000,High Pollution,Dengue,"High Fever, Joint Pain, Rash",6.0,1
2023-10-20,Central City,1200000,Normal,Influenza,"Fever, Cough, Fatigue",12.0,0
2023-11-11,Metropolis,1000000,High Pollution,Cholera,"Severe Diarrhea, Dehydration",6.0,0
2023-04-22,Central City,1200000,Normal,COVID-19,"Fever, Dry Cough, Loss of Taste",10.0,1
2023-11-05,Gotham,800000,High Humidity,Cholera,"Severe Diarrhea, Dehydration",108.0,10
2023-09-08,Star City,500000,Normal,Cholera,"Severe Diarrhea, Dehydration",7.0,1
2023-11-19,Coast City,600000,Coastal Weather,Typhoid,"High Fever, Abdominal Pain, Weakness",96.0,22
2023-09-18,Metropolis,1000000,High Pollution,Influenza,"Fever, Cough, Fatigue",110.0,16
2023-06-08,Gotham,800000,High Humidity,Dengue,"High Fever, Joint Pain, Rash",20.0,1
2023-01-12,Coast City,600000,Coastal Weather,Typhoid,"High Fever, Abdominal Pain, Weakness",8.0,1
2023-08-10,Metropolis,1000000,High Pollution,Cholera,"Severe Diarrhea, Dehydration",7.0,0
2023-12-22,Gotham,800000,High Humidity,Typhoid,"High Fever, Abdominal Pain, Weakness",8.0,0
2023-12-11,Star City,500000,Normal,Cholera,"Severe Diarrhea, Dehydration",8.0,2
2023-04-17,Gotham,800000,High Humidity,Typhoid,"High Fever, Abdominal Pain, Weakness",16.0,2
2023-08-31,Gotham,800000,High Humidity,Dengue,"High Fever, Joint Pain, Rash",11.0,1
2023-08-30,Coast City,600000,Coastal Weather,Typhoid,"High Fever, Abdominal Pain, Weakness",9.0,1
2023-09-04,Coast City,600000,Coastal Weather,Dengue,"High Fever, Joint Pain, Rash",10.0,0
2023-09-06,Gotham,800000,High Humidity,Typhoid,"High Fever, Abdominal Pain, Weakness",11.0,1
2023-09-25,Coast City,600000,Coastal Weather,COVID-19,"Fever, Dry Cough, Loss of Taste",15.0,2
2023-10-31,Central City,1200000,Normal,Influenza,"Fever, Cough, Fatigue",6.0,1
2023-01-18,Star City,500000,Normal,Dengue,"High Fever, Joint Pain, Rash",4.0,0
2023-02-16,Central City,1200000,Normal,Dengue,"High Fever, Joint Pain, Rash",11.0,1
2023-01-07,Metropolis,1000000,High Pollution,Dengue,"High Fever, Joint Pain, Rash",11.0,1
2023-01-19,Metropolis,1000000,High Pollution,Influenza,"Fever, Cough, Fatigue",9.0,0
2023-05-26,Metropolis,1000000,High Pollution,Cholera,"Severe Diarrhea, Dehydration",8.0,0
2023-10-18,Coast City,600000,Coastal Weather,COVID-19,"Fever, Dry Cough, Loss of Taste",12.0,1
2023-09-01,Central City,1200000,Normal,COVID-19,"Fever, Dry Cough, Loss of Taste",4.0,0
2023-07-26,Star City,500000,Normal,COVID-19,"Fever, Dry Cough, Loss of Taste",11.0,1
2023-05-12,Metropolis,1000000,High Pollution,Cholera,"Severe Diarrhea, Dehydration",9.0,2
2023-06-18,Central City,1200000,Normal,Typhoid,"High Fever, Abdominal Pain, Weakness",12.0,3
2023-01-24,Gotham,800000,High Humidity,Cholera,"Severe Diarrhea, Dehydration",7.0,0
2023-01-20,Central City,1200000,Normal,Dengue,"High Fever, Joint Pain, Rash",6.0,1
2023-05-31,Central City,1200000,Normal,COVID-19,"Fever, Dry Cough, Loss of Taste",12.0,0
2023-05-02,Gotham,800000,High Humidity,Typhoid,"High Fever, Abdominal Pain, Weakness",8.0,0
2023-06-30,Metropolis,1000000,High Pollution,Dengue,"High Fever, Joint Pain, Rash",11.0,0
2023-09-02,Central City,1200000,Normal,Cholera,"Severe Diarrhea, Dehydration",9.0,2
2023-10-03,Coast City,600000,Coastal Weather,Dengue,"High Fever, Joint Pain, Rash",9.0,1
2023-08-18,Coast City,600000,Coastal Weather,Dengue,"High Fever, Joint Pain, Rash",11.0,0
2023-10-27,Gotham,800000,High Humidity,COVID-19,"Fever, Dry Cough, Loss of Taste",12.0,1
2023-10-06,Coast City,600000,Coastal Weather,Typhoid,"High Fever, Abdominal Pain, Weakness",11.0,3
2023-10-17,Gotham,800000,High Humidity,COVID-19,"Fever, Dry Cough, Loss of Taste",8.0,1
2023-01-20,Gotham,800000,High Humidity,Cholera,"Severe Diarrhea, Dehydration",168.0,48
2023-05-19,Coast City,600000,Coastal Weather,COVID-19,"Fever, Dry Cough, Loss of Taste",6.0,1
2023-06-16,Central City,1200000,Normal,Influenza,"Fever, Cough, Fatigue",10.0,2
2023-03-27,Central City,1200000,Normal,Typhoid,"High Fever, Abdominal Pain, Weakness",14.0,1
2023-06-17,Gotham,800000,High Humidity,COVID-19,"Fever, Dry Cough, Loss of Taste",11.0,2
2023-12-29,Gotham,800000,High Humidity,Typhoid,"High Fever, Abdominal Pain, Weakness",14.0,1
2023-05-20,Metropolis,1000000,High Pollution,Influenza,"Fever, Cough, Fatigue",14.0,3
2023-01-14,Star City,500000,Normal,Cholera,"Severe Diarrhea, Dehydration",16.0,3
2023-06-20,Star City,500000,Normal,Influenza,"Fever, Cough, Fatigue",9.0,2
2023-09-17,Central City,1200000,Normal,Influenza,"Fever, Cough, Fatigue",8.0,1
2023-02-13,Coast City,600000,Coastal Weather,Influenza,"Fever, Cough, Fatigue",13.0,3
2023-03-17,Star City,500000,Normal,Cholera,"Severe Diarrhea, Dehydration",10.0,2
2023-07-17,Star City,500000,Normal,Dengue,"High Fever, Joint Pain, Rash",8.0,1
2023-04-13,Star City,500000,Normal,Typhoid,"High Fever, Abdominal Pain, Weakness",7.0,0
2023-01-21,Coast City,600000,Coastal Weather,Cholera,"Severe Diarrhea, Dehydration",12.0,0
2023-01-15,Central City,1200000,Normal,Dengue,"High Fever, Joint Pain, Rash",10.0,1
2023-10-20,Central City,1200000,Normal,Dengue,"High Fever, Joint Pain, Rash",8.0,0
13/04/2023,Metropolis,1000000,High Pollution,Dengue,"High Fever, Joint Pain, Rash",7.0,2
2023-09-14,Gotham,800000,High Humidity,COVID-19,"Fever, Dry Cough, Loss of Taste",4.0,0
2023-09-17,Gotham,800000,High Humidity,COVID-19,"Fever, Dry Cough, Loss of Taste",112.0,17
2023-12-19,Metropolis,1000000,High Pollution,Dengue,"High Fever, Joint Pain, Rash",11.0,2
2023-02-06,Coast City,600000,Coastal Weather,Dengue,"High Fever, Joint Pain, Rash",13.0,2
2023-11-08,Metropolis,1000000,High Pollution,Cholera,"Severe Diarrhea, Dehydration",11.0,3
2023-03-23,Star City,500000,Normal,Typhoid,"High Fever, Abdominal Pain, Weakness",10.0,1
2023-05-27,Central City,1200000,Normal,Dengue,"High Fever, Joint Pain, Rash",11.0,2
2023-03-23,Gotham,800000,High Humidity,Dengue,"High Fever, Joint Pain, Rash",13.0,1
2023-06-17,Central City,1200000,Normal,Typhoid,"High Fever, Abdominal Pain, Weakness",,0
2023-07-17,Coast City,600000,Coastal Weather,Dengue,"High Fever, Joint Pain, Rash",13.0,2
2023-04-18,Central City,1200000,Normal,Dengue,"High Fever, Joint Pain, Rash",10.0,0
2023-10-14,Coast City,600000,Coastal Weather,Cholera,"Severe Diarrhea, Dehydration",5.0,1
2023-04-13,Star City,500000,Normal,Influenza,"Fever, Cough, Fatigue",8.0,0
2023-07-15,Coast City,600000,Coastal Weather,Typhoid,"High Fever, Abdominal Pain, Weakness",17.0,3
2023-08-10,Coast City,600000,Coastal Weather,Typhoid,"High Fever, Abdominal Pain, Weakness",13.0,1
2023-02-09,Coast City,600000,Coastal Weather,Cholera,"Severe Diarrhea, Dehydration",7.0,1
2023-02-19,Star City,500000,Normal,Influenza,"Fever, Cough, Fatigue",10.0,2
2023-09-02,Coast City,600000,Coastal Weather,Cholera,"Severe Diarrhea, Dehydration",5.0,1
2023-09-19,Coast City,600000,Coastal Weather,Typhoid,"High Fever, Abdominal Pain, Weakness",14.0,1
2023-08-22,Central City,1200000,Normal,Typhoid,"High Fever, Abdominal Pain, Weakness",13.0,3
30/12/2023,Metropolis,1000000,High Pollution,COVID-19,"Fever, Dry Cough, Loss of Taste",11.0,2
2023-05-29,Metropolis,1000000,High Pollution,Typhoid,"High Fever, Abdominal Pain, Weakness",210.0,58
2023-10-07,Metropolis,1000000,High Pollution,Influenza,"Fever, Cough, Fatigue",6.0,1
2023-01-30,Star City,500000,Normal,Dengue,"High Fever, Joint Pain, Rash",13.0,1
2023-07-04,Metropolis,1000000,High Pollution,COVID-19,"Fever, Dry Cough, Loss of Taste",6.0,1
2023-04-29,Central City,1200000,Normal,Dengue,"High Fever, Joint Pain, Rash",11.0,2
2023-01-12,Metropolis,1000000,High Pollution,Dengue,"High Fever, Joint Pain, Rash",12.0,1
2023-03-04,Star City,500000,Normal,COVID-19,"Fever, Dry Cough, Loss of Taste",8.0,1
2023-12-14,Coast City,600000,Coastal Weather,COVID-19,"Fever, Dry Cough, Loss of Taste",6.0,0
2023-03-14,Central City,1200000,Normal,Dengue,"High Fever, Joint Pain, Rash",9.0,2
2023-09-10,Star City,500000,Normal,COVID-19,"Fever, Dry Cough, Loss of Taste",7.0,0
2023-09-06,Metropolis,1000000,High Pollution,Dengue,"High Fever, Joint Pain, Rash",12.0,3
2023-06-26,Gotham,800000,High Humidity,Cholera,"Severe Diarrhea, Dehydration",10.0,2
2023-07-18,Star City,500000,Normal,Influenza,"Fever, Cough, Fatigue",12.0,1
2023-03-13,Star City,500000,Normal,Cholera,"Severe Diarrhea, Dehydration",9.0,0
2023-11-19,Star City,500000,Normal,COVID-19,"Fever, Dry Cough, Loss of Taste",10.0,2
2023-04-30,Gotham,800000,High Humidity,Cholera,"Severe Diarrhea, Dehydration",11.0,1
2023-09-03,Central City,1200000,Normal,COVID-19,"Fever, Dry Cough, Loss of Taste",6.0,1
2023-10-07,Metropolis,1000000,High Pollution,Cholera,"Severe Diarrhea, Dehydration",8.0,0
2023-05-15,Central City,1200000,Normal,Typhoid,"High Fever, Abdominal Pain, Weakness",15.0,0
2023-01-14,Metropolis,1000000,High Pollution,COVID-19,"Fever, Dry Cough, Loss of Taste",8.0,1
2023-05-03,Central City,1200000,Normal,COVID-19,"Fever, Dry Cough, Loss of Taste",10.0,0
2023-03-18,Star City,500000,Normal,Cholera,"Severe Diarrhea, Dehydration",11.0,3
2023-07-12,Central City,1200000,Normal,Dengue,"High Fever, Joint Pain, Rash",11.0,1
2023-09-14,Metropolis,1000000,High Pollution,Typhoid,"High Fever, Abdominal Pain, Weakness",13.0,1
2023-01-30,Gotham,800000,High Humidity,Cholera,"Severe Diarrhea, Dehydration",8.0,1
2023-05-09,Central City,1200000,Normal,Typhoid,"High Fever, Abdominal Pain, Weakness",10.0,2
2023-02-13,Metropolis,1000000,High Pollution,COVID-19,"Fever, Dry Cough, Loss of Taste",12.0,1
2023-07-27,Central City,1200000,Normal,COVID-19,"Fever, Dry Cough, Loss of Taste",9.0,2
2023-06-28,Star City,500000,Normal,COVID-19,"Fever, Dry Cough, Loss of Taste",,0
2023-01-03,Coast City,600000,Coastal Weather,Influenza,"Fever, Cough, Fatigue",10.0,1
2023-09-04,Gotham,800000,High Humidity,COVID-19,"Fever, Dry Cough, Loss of Taste",12.0,3
2023-06-24,Central City,1200000,Normal,Influenza,"Fever, Cough, Fatigue",7.0,0
2023-05-30,Metropolis,1000000,High Pollution,Cholera,"Severe Diarrhea, Dehydration",11.0,1
2023-02-19,Star City,500000,Normal,Typhoid,"High Fever, Abdominal Pain, Weakness",11.0,2
2023-03-22,Star City,500000,Normal,Typhoid,"High Fever, Abdominal Pain, Weakness",6.0,1
2023-01-09,Metropolis,1000000,High Pollution,Cholera,"Severe Diarrhea, Dehydration",15.0,1
2023-10-22,Gotham,800000,High Humidity,COVID-19,"Fever, Dry Cough, Loss of Taste",13.0,1
2023-06-05,Metropolis,1000000,High Pollution,COVID-19,"Fever, Dry Cough, Loss of Taste",9.0,2
2023-09-14,Gotham,800000,High Humidity,Typhoid,"High Fever, Abdominal Pain, Weakness",13.0,2
2023-03-10,Metropolis,1000000,High Pollution,Dengue,"High Fever, Joint Pain, Rash",,0
2023-03-26,Central City,1200000,Normal,Cholera,"Severe Diarrhea, Dehydration",11.0,1
2023-06-18,Gotham,800000,High Humidity,Influenza,"Fever, Cough, Fatigue",,0
2023-08-19,Gotham,800000,High Humidity,Influenza,"Fever, Cough, Fatigue",3.0,0
2023-12-03,Star City,500000,Normal,Typhoid,"High Fever, Abdominal Pain, Weakness",6.0,1
2023-06-21,Gotham,800000,High Humidity,Typhoid,"High Fever, Abdominal Pain, Weakness",14.0,2
2023-04-18,Central City,1200000,Normal,Typhoid,"High Fever, Abdominal Pain, Weakness",6.0,0
2023-01-23,Metropolis,1000000,High Pollution,COVID-19,"Fever, Dry Cough, Loss of Taste",8.0,1
2023-12-11,Gotham,800000,High Humidity,Typhoid,"High Fever, Abdominal Pain, Weakness",7.0,0
2023-10-03,Metropolis,1000000,High Pollution,Influenza,"Fever, Cough, Fatigue",8.0,1
2023-11-02,Coast City,600000,Coastal Weather,COVID-19,"Fever, Dry Cough, Loss of Taste",9.0,0
2023-07-13,Central City,1200000,Normal,Influenza,"Fever, Cough, Fatigue",9.0,2
2023-03-30,Star City,500000,Normal,Dengue,"High Fever, Joint Pain, Rash",3.0,0
2023-12-10,Gotham,800000,High Humidity,Cholera,"Severe Diarrhea, Dehydration",14.0,3
2023-01-28,Central City,1200000,Normal,COVID-19,"Fever, Dry Cough, Loss of Taste",12.0,2
2023-10-30,Gotham,800000,High Humidity,Cholera,"Severe Diarrhea, Dehydration",10.0,2
2023-01-22,Coast City,600000,Coastal Weather,Typhoid,"High Fever, Abdominal Pain, Weakness",10.0,1
2023-08-30,Metropolis,1000000,High Pollution,Dengue,"High Fever, Joint Pain, Rash",7.0,0
2023-06-16,Star City,500000,Normal,Typhoid,"High Fever, Abdominal Pain, Weakness",10.0,2
2023-02-15,Central City,1200000,Normal,Typhoid,"High Fever, Abdominal Pain, Weakness",10.0,0
2023-09-14,Gotham,800000,High Humidity,COVID-19,"Fever, Dry Cough, Loss of Taste",15.0,1
2023-05-15,Star City,500000,Normal,COVID-19,"Fever, Dry Cough, Loss of Taste",6.0,1
2023-02-16,Central City,1200000,Normal,Influenza,"Fever, Cough, Fatigue",9.0,0
2023-04-10,Gotham,800000,High Humidity,Cholera,"Severe Diarrhea, Dehydration",12.0,2
2023-12-21,Coast City,600000,Coastal Weather,COVID-19,"Fever, Dry Cough, Loss of Taste",8.0,2
2023-12-04,Star City,500000,Normal,COVID-19,"Fever, Dry Cough, Loss of Taste",10.0,2
2023-04-17,Coast City,600000,Coastal Weather,Cholera,"Severe Diarrhea, Dehydration",,0
2023-01-18,Gotham,800000,High Humidity,Influenza,"Fever, Cough, Fatigue",10.0,1
2023-02-05,Gotham,800000,High Humidity,Influenza,"Fever, Cough, Fatigue",8.0,0
2023-12-13,Coast City,600000,Coastal Weather,Dengue,"High Fever, Joint Pain, Rash",35.0,7
2023-10-21,Gotham,800000,High Humidity,Cholera,"Severe Diarrhea, Dehydration",10.0,2
2023-07-01,Metropolis,1000000,High Pollution,Typhoid,"High Fever, Abdominal Pain, Weakness",12.0,3
2023-10-15,Star City,500000,Normal,Influenza,"Fever, Cough, Fatigue",10.0,1
2023-07-06,Central City,1200000,Normal,Influenza,"Fever, Cough, Fatigue",10.0,2
2023-08-23,Metropolis,1000000,High Pollution,Typhoid,"High Fever, Abdominal Pain, Weakness",9.0,2
2023-10-08,Gotham,800000,High Humidity,Typhoid,"High Fever, Abdominal Pain, Weakness",78.0,17
2023-04-23,Central City,1200000,Normal,Cholera,"Severe Diarrhea, Dehydration",13.0,1
2023-07-14,Star City,500000,Normal,Typhoid,"High Fever, Abdominal Pain, Weakness",10.0,1
2023-07-20,Coast City,600000,Coastal Weather,Influenza,"Fever, Cough, Fatigue",9.0,0
2023-12-29,Gotham,800000,High Humidity,COVID-19,"Fever, Dry Cough, Loss of Taste",8.0,1
2023-09-19,Coast City,600000,Coastal Weather,Typhoid,"High Fever, Abdominal Pain, Weakness",9.0,1
2023-07-28,Gotham,800000,High Humidity,COVID-19,"Fever, Dry Cough, Loss of Taste",8.0,1
2023-08-19,Gotham,800000,High Humidity,COVID-19,"Fever, Dry Cough, Loss of Taste",15.0,3
2023-09-18,Coast City,600000,Coastal Weather,Dengue,"High Fever, Joint Pain, Rash",8.0,0
2023-11-14,Star City,500000,Normal,Typhoid,"High Fever, Abdominal Pain, Weakness",96.0,11
01/11/2023,Star City,500000,Normal,Dengue,"High Fever, Joint Pain, Rash",12.0,2
2023-01-07,Central City,1200000,Normal,Dengue,"High Fever, Joint Pain, Rash",9.0,1
2023-04-02,Coast City,600000,Coastal Weather,Dengue,"High Fever, Joint Pain, Rash",8.0,2
2023-05-01,Star City,500000,Normal,Cholera,"Severe Diarrhea, Dehydration",11.0,1
2023-09-02,Gotham,800000,High Humidity,Typhoid,"High Fever, Abdominal Pain, Weakness",98.0,18
2023-04-27,Metropolis,1000000,High Pollution,COVID-19,"Fever, Dry Cough, Loss of Taste",14.0,1
2023-12-14,Coast City,600000,Coastal Weather,Cholera,"Severe Diarrhea, Dehydration",9.0,0
2023-05-29,Coast City,600000,Coastal Weather,Cholera,"Severe Diarrhea, Dehydration",8.0,0
2023-12-27,Star City,500000,Normal,Dengue,"High Fever, Joint Pain, Rash",8.0,0
2023-03-05,Central City,1200000,Normal,Influenza,"Fever, Cough, Fatigue",10.0,1
2023-11-03,Star City,500000,Normal,Influenza,"Fever, Cough, Fatigue",15.0,1
2023-09-11,Metropolis,1000000,High Pollution,Influenza,"Fever, Cough, Fatigue",7.0,1
2023-01-04,Central City,1200000,Normal,Influenza,"Fever, Cough, Fatigue",9.0,2
2023-01-17,Star City,500000,Normal,Typhoid,"High Fever, Abdominal Pain, Weakness",7.0,1
2023-07-04,Gotham,800000,High Humidity,Cholera,"Severe Diarrhea, Dehydration",13.0,1
2023-10-09,Coast City,600000,Coastal Weather,Dengue,"High Fever, Joint Pain, Rash",11.0,1
2023-11-29,Gotham,800000,High Humidity,Dengue,"High Fever, Joint Pain, Rash",14.0,2
2023-06-14,Metropolis,1000000,High Pollution,COVID-19,"Fever, Dry Cough, Loss of Taste",14.0,1
2023-12-01,Gotham,800000,High Humidity,Influenza,"Fever, Cough, Fatigue",11.0,3
2023-07-03,Star City,500000,Normal,Typhoid,"High Fever, Abdominal Pain, Weakness",7.0,2
2023-05-11,Metropolis,1000000,High Pollution,Influenza,"Fever, Cough, Fatigue",10.0,2
2023-10-17,Metropolis,1000000,High Pollution,COVID-19,"Fever, Dry Cough, Loss of Taste",15.0,2
2023-11-25,Star City,500000,Normal,Cholera,"Severe Diarrhea, Dehydration",10.0,1
2023-11-14,Metropolis,1000000,High Pollution,Dengue,"High Fever, Joint Pain, Rash",144.0,42
2023-05-02,Coast City,600000,Coastal Weather,Influenza,"Fever, Cough, Fatigue",6.0,1
2023-05-10,Gotham,800000,High Humidity,Dengue,"High Fever, Joint Pain, Rash",5.0,1
2023-04-15,Star City,500000,Normal,Influenza,"Fever, Cough, Fatigue",9.0,1
2023-06-30,Gotham,800000,High Humidity,Typhoid,"High Fever, Abdominal Pain, Weakness",182.0,38
2023-09-10,Central City,1200000,Normal,Influenza,"Fever, Cough, Fatigue",5.0,1
2023-03-24,Gotham,800000,High Humidity,Influenza,"Fever, Cough, Fatigue",14.0,3
2023-01-11,Star City,500000,Normal,Influenza,"Fever, Cough, Fatigue",6.0,0
2023-02-25,Star City,500000,Normal,COVID-19,"Fever, Dry Cough, Loss of Taste",7.0,1
2023-08-15,Star City,500000,Normal,Dengue,"High Fever, Joint Pain, Rash",10.0,1
2023-02-14,Metropolis,1000000,High Pollution,Dengue,"High Fever, Joint Pain, Rash",4.0,0
2023-04-01,Star City,500000,Normal,COVID-19,"Fever, Dry Cough, Loss of Taste",11.0,3
2023-05-02,Gotham,800000,High Humidity,COVID-19,"Fever, Dry Cough, Loss of Taste",6.0,1
2023-04-15,Metropolis,1000000,High Pollution,COVID-19,"Fever, Dry Cough, Loss of Taste",14.0,0
2023-11-17,Coast City,600000,Coastal Weather,Cholera,"Severe Diarrhea, Dehydration",7.0,1
2023-12-15,Metropolis,1000000,High Pollution,Influenza,"Fever, Cough, Fatigue",13.0,1
2023-10-06,Coast City,600000,Coastal Weather,Cholera,"Severe Diarrhea, Dehydration",13.0,2
2023-09-16,Coast City,600000,Coastal Weather,Dengue,"High Fever, Joint Pain, Rash",11.0,1
2023-07-24,Coast City,600000,Coastal Weather,Cholera,"Severe Diarrhea, Dehydration",15.0,4
2023-04-26,Star City,500000,Normal,Dengue,"High Fever, Joint Pain, Rash",10.0,1
2023-06-15,Metropolis,1000000,High Pollution,Typhoid,"High Fever, Abdominal Pain, Weakness",11.0,2
2023-09-27,Central City,1200000,Normal,Typhoid,"High Fever, Abdominal Pain, Weakness",15.0,1
2023-10-12,Metropolis,1000000,High Pollution,Cholera,"Severe Diarrhea, Dehydration",9.0,2
2023-12-16,Central City,1200000,Normal,Cholera,"Severe Diarrhea, Dehydration",19.0,4
2023-05-14,Gotham,800000,High Humidity,Dengue,"High Fever, Joint Pain, Rash",5.0,0
2023-08-06,Coast City,600000,Coastal Weather,Typhoid,"High Fever, Abdominal Pain, Weakness",6.0,0
2023-09-12,Star City,500000,Normal,Cholera,"Severe Diarrhea, Dehydration",6.0,1
2023-09-07,Star City,500000,Normal,Typhoid,"High Fever, Abdominal Pain, Weakness",9.0,1
2023-08-22,Star City,500000,Normal,COVID-19,"Fever, Dry Cough, Loss of Taste",9.0,1
2023-12-24,Central City,1200000,Normal,Cholera,"Severe Diarrhea, Dehydration",13.0,1
2023-09-27,Central City,1200000,Normal,Cholera,"Severe Diarrhea, Dehydration",12.0,0
2023-01-17,Star City,500000,Normal,COVID-19,"Fever, Dry Cough, Loss of Taste",14.0,2
2023-07-27,Gotham,800000,High Humidity,Dengue,"High Fever, Joint Pain, Rash",8.0,0
2023-01-02,Star City,500000,Normal,COVID-19,"Fever, Dry Cough, Loss of Taste",11.0,2
2023-05-16,Central City,1200000,Normal,COVID-19,"Fever, Dry Cough, Loss of Taste",7.0,2
2023-07-01,Coast City,600000,Coastal Weather,Dengue,"High Fever, Joint Pain, Rash",6.0,1
2023-09-13,Star City,500000,Normal,Dengue,"High Fever, Joint Pain, Rash",8.0,2
2023-02-04,Star City,500000,Normal,Cholera,"Severe Diarrhea, Dehydration",10.0,2
2023-02-21,Star City,500000,Normal,Typhoid,"High Fever, Abdominal Pain, Weakness",8.0,2
2023-10-15,Metropolis,1000000,High Pollution,COVID-19,"Fever, Dry Cough, Loss of Taste",12.0,1
2023-02-15,Coast City,600000,Coastal Weather,COVID-19,"Fever, Dry Cough, Loss of Taste",8.0,1
2023-05-24,Central City,1200000,Normal,Influenza,"Fever, Cough, Fatigue",13.0,0
2023-09-12,Metropolis,1000000,High Pollution,COVID-19,"Fever, Dry Cough, Loss of Taste",176.0,10
2023-03-26,Coast City,600000,Coastal Weather,Cholera,"Severe Diarrhea, Dehydration",7.0,0
2023-05-07,Gotham,800000,High Humidity,Typhoid,"High Fever, Abdominal Pain, Weakness",10.0,1
2023-08-12,Gotham,800000,High Humidity,Influenza,"Fever, Cough, Fatigue",13.0,3
2023-10-11,Gotham,800000,High Humidity,Influenza,"Fever, Cough, Fatigue",18.0,2
2023-04-19,Central City,1200000,Normal,Typhoid,"High Fever, Abdominal Pain, Weakness",10.0,1
2023-01-23,Central City,1200000,Normal,Cholera,"Severe Diarrhea, Dehydration",6.0,1
2023-01-13,Central City,1200000,Normal,Typhoid,"High Fever, Abdominal Pain, Weakness",5.0,1
2023-03-24,Gotham,800000,High Humidity,Cholera,"Severe Diarrhea, Dehydration",8.0,1
2023-12-16,Central City,1200000,Normal,Typhoid,"High Fever, Abdominal Pain, Weakness",7.0,1
2023-11-01,Metropolis,1000000,High Pollution,Influenza,"Fever, Cough, Fatigue",11.0,3
2023-09-07,Metropolis,1000000,High Pollution,Dengue,"High Fever, Joint Pain, Rash",7.0,2
2023-07-03,Central City,1200000,Normal,COVID-19,"Fever, Dry Cough, Loss of Taste",9.0,2
2023-01-25,Central City,1200000,Normal,Cholera,"Severe Diarrhea, Dehydration",8.0,1
2023-10-14,Central City,1200000,Normal,Dengue,"High Fever, Joint Pain, Rash",11.0,2
2023-11-16,Coast City,600000,Coastal Weather,Typhoid,"High Fever, Abdominal Pain, Weakness",3.0,0
2023-03-19,Central City,1200000,Normal,Typhoid,"High Fever, Abdominal Pain, Weakness",7.0,1
2023-09-05,Coast City,600000,Coastal Weather,Influenza,"Fever, Cough, Fatigue",9.0,0
2023-02-12,Central City,1200000,Normal,Typhoid,"High Fever, Abdominal Pain, Weakness",14.0,2
2023-02-01,Gotham,800000,High Humidity,COVID-19,"Fever, Dry Cough, Loss of Taste",6.0,0
2023-08-09,Central City,1200000,Normal,Cholera,"Severe Diarrhea, Dehydration",8.0,1
2023-08-14,Star City,500000,Normal,COVID-19,"Fever, Dry Cough, Loss of Taste",10.0,0
2023-05-31,Metropolis,1000000,High Pollution,Typhoid,"High Fever, Abdominal Pain, Weakness",10.0,1
2023-10-11,Metropolis,1000000,High Pollution,Influenza,"Fever, Cough, Fatigue",9.0,0
2023-07-27,Star City,500000,Normal,COVID-19,"Fever, Dry Cough, Loss of Taste",17.0,2
2023-08-27,Central City,1200000,Normal,Dengue,"High Fever, Joint Pain, Rash",,0
2023-05-15,Gotham,800000,High Humidity,Influenza,"Fever, Cough, Fatigue",12.0,2
2023-11-23,Gotham,800000,High Humidity,Cholera,"Severe Diarrhea, Dehydration",13.0,1
2023-02-15,Gotham,800000,High Humidity,COVID-19,"Fever, Dry Cough, Loss of Taste",5.0,0
2023-12-16,Star City,500000,Normal,Dengue,"High Fever, Joint Pain, Rash",11.0,2
2023-03-31,Star City,500000,Normal,Dengue,"High Fever, Joint Pain, Rash",8.0,0
2023-04-16,Central City,1200000,Normal,Influenza,"Fever, Cough, Fatigue",7.0,1
2023-12-05,Metropolis,1000000,High Pollution,Typhoid,"High Fever, Abdominal Pain, Weakness",13.0,1
2023-05-31,Star City,500000,Normal,Cholera,"Severe Diarrhea, Dehydration",12.0,0
2023-01-08,Gotham,800000,High Humidity,Typhoid,"High Fever, Abdominal Pain, Weakness",9.0,0
2023-01-22,Coast City,600000,Coastal Weather,Influenza,"Fever, Cough, Fatigue",7.0,1
2023-10-14,Central City,1200000,Normal,COVID-19,"Fever, Dry Cough, Loss of Taste",1.0,0
2023-05-29,Central City,1200000,Normal,Typhoid,"High Fever, Abdominal Pain, Weakness",13.0,1
2023-03-06,Coast City,600000,Coastal Weather,Dengue,"High Fever, Joint Pain, Rash",9.0,0
2023-08-14,Coast City,600000,Coastal Weather,Cholera,"Severe Diarrhea, Dehydration",11.0,1
2023-05-31,Coast City,600000,Coastal Weather,COVID-19,"Fever, Dry Cough, Loss of Taste",10.0,0
2023-01-28,Gotham,800000,High Humidity,Cholera,"Severe Diarrhea, Dehydration",6.0,0
2023-02-21,Gotham,800000,High Humidity,Influenza,"Fever, Cough, Fatigue",6.0,0
2023-11-02,Coast City,600000,Coastal Weather,Cholera,"Severe Diarrhea, Dehydration",8.0,1
2023-03-05,Central City,1200000,Normal,Cholera,"Severe Diarrhea, Dehydration",12.0,2
2023-08-07,Star City,500000,Normal,Cholera,"Severe Diarrhea, Dehydration",9.0,1
2023-03-05,Star City,500000,Normal,Cholera,"Severe Diarrhea, Dehydration",5.0,0
2023-01-28,Metropolis,1000000,High Pollution,Typhoid,"High Fever, Abdominal Pain, Weakness",13.0,0
2023-12-29,Central City,1200000,Normal,COVID-19,"Fever, Dry Cough, Loss of Taste",11.0,2
2023-04-03,Gotham,800000,High Humidity,Influenza,"Fever, Cough, Fatigue",8.0,0
2023-10-05,Star City,500000,Normal,COVID-19,"Fever, Dry Cough, Loss of Taste",12.0,3
2023-04-17,Metropolis,1000000,High Pollution,Dengue,"High Fever, Joint Pain, Rash",,0
2023-10-10,Central City,1200000,Normal,Typhoid,"High Fever, Abdominal Pain, Weakness",7.0,0
2023-10-13,Star City,500000,Normal,Cholera,"Severe Diarrhea, Dehydration",6.0,1
2023-06-07,Coast City,600000,Coastal Weather,Typhoid,"High Fever, Abdominal Pain, Weakness",12.0,1
2023-04-23,Metropolis,1000000,High Pollution,COVID-19,"Fever, Dry Cough, Loss of Taste",8.0,1
2023-11-27,Central City,1200000,Normal,Influenza,"Fever, Cough, Fatigue",8.0,0
2023-07-12,Gotham,800000,High Humidity,Influenza,"Fever, Cough, Fatigue",7.0,1
2023-04-13,Metropolis,1000000,High Pollution,Dengue,"High Fever, Joint Pain, Rash",6.0,0
2023-01-12,Star City,500000,Normal,COVID-19,"Fever, Dry Cough, Loss of Taste",12.0,2
2023-06-09,Central City,1200000,Normal,Cholera,"Severe Diarrhea, Dehydration",14.0,3
2023-06-15,Gotham,800000,High Humidity,Typhoid,"High Fever, Abdominal Pain, Weakness",6.0,0
2023-09-21,Gotham,800000,High Humidity,Cholera,"Severe Diarrhea, Dehydration",4.0,0
2023-05-23,Coast City,600000,Coastal Weather,Typhoid,"High Fever, Abdominal Pain, Weakness",8.0,1
2023-03-08,Metropolis,1000000,High Pollution,COVID-19,"Fever, Dry Cough, Loss of Taste",10.0,1
2023-09-27,Gotham,800000,High Humidity,Cholera,"Severe Diarrhea, Dehydration",126.0,28
2023-07-31,Coast City,600000,Coastal Weather,Typhoid,"High Fever, Abdominal Pain, Weakness",8.0,0
2023-12-31,Central City,1200000,Normal,Dengue,"High Fever, Joint Pain, Rash",135.0,15
2023-03-25,Central City,1200000,Normal,Cholera,"Severe Diarrhea, Dehydration",16.0,3
2023-11-01,Metropolis,1000000,High Pollution,Cholera,"Severe Diarrhea, Dehydration",2.0,0
2023-07-31,Coast City,600000,Coastal Weather,Typhoid,"High Fever, Abdominal Pain, Weakness",9.0,1
2023-09-10,Gotham,800000,High Humidity,Typhoid,"High Fever, Abdominal Pain, Weakness",9.0,1
2023-10-25,Star City,500000,Normal,Cholera,"Severe Diarrhea, Dehydration",7.0,0
2023-08-03,Central City,1200000,Normal,Influenza,"Fever, Cough, Fatigue",15.0,1
2023-08-29,Central City,1200000,Normal,Cholera,"Severe Diarrhea, Dehydration",10.0,2
2023-11-18,Star City,500000,Normal,Dengue,"High Fever, Joint Pain, Rash",,0
2023-12-07,Central City,1200000,Normal,Influenza,"Fever, Cough, Fatigue",14.0,1
2023-04-06,Gotham,800000,High Humidity,Dengue,"High Fever, Joint Pain, Rash",9.0,2
2023-05-30,Star City,500000,Normal,Dengue,"High Fever, Joint Pain, Rash",13.0,3
2023-09-09,Star City,500000,Normal,Influenza,"Fever, Cough, Fatigue",13.0,2
2023-11-21,Gotham,800000,High Humidity,Dengue,"High Fever, Joint Pain, Rash",7.0,1
2023-02-23,Metropolis,1000000,High Pollution,Typhoid,"High Fever, Abdominal Pain, Weakness",,0
2023-04-14,Coast City,600000,Coastal Weather,COVID-19,"Fever, Dry Cough, Loss of Taste",11.0,2
2023-09-21,Metropolis,1000000,High Pollution,Influenza,"Fever, Cough, Fatigue",7.0,0
2023-08-10,Metropolis,1000000,High Pollution,COVID-19,"Fever, Dry Cough, Loss of Taste",8.0,1
2023-01-09,Coast City,600000,Coastal Weather,Dengue,"High Fever, Joint Pain, Rash",11.0,1
2023-03-18,Star City,500000,Normal,Typhoid,"High Fever, Abdominal Pain, Weakness",11.0,0
2023-01-13,Metropolis,1000000,High Pollution,Typhoid,"High Fever, Abdominal Pain, Weakness",6.0,1
2023-05-18,Star City,500000,Normal,COVID-19,"Fever, Dry Cough, Loss of Taste",,0
2023-04-14,Metropolis,1000000,High Pollution,Dengue,"High Fever, Joint Pain, Rash",8.0,1
2023-01-28,Star City,500000,Normal,Typhoid,"High Fever, Abdominal Pain, Weakness",8.0,1
2023-11-18,Star City,500000,Normal,Typhoid,"High Fever, Abdominal Pain, Weakness",10.0,2
2023-05-12,Gotham,800000,High Humidity,Influenza,"Fever, Cough, Fatigue",9.0,2
2023-07-05,Coast City,600000,Coastal Weather,Typhoid,"High Fever, Abdominal Pain, Weakness",15.0,1
2023-08-06,Gotham,800000,High Humidity,Dengue,"High Fever, Joint Pain, Rash",19.0,4
2023-06-02,Star City,500000,Normal,Dengue,"High Fever, Joint Pain, Rash",6.0,1
2023-06-05,Star City,500000,Normal,Typhoid,"High Fever, Abdominal Pain, Weakness",10.0,0
2023-12-23,Gotham,800000,High Humidity,Typhoid,"High Fever, Abdominal Pain, Weakness",4.0,0
2023-12-09,Star City,500000,Normal,Cholera,"Severe Diarrhea, Dehydration",5.0,0
09/03/2023,Central City,1200000,Normal,Dengue,"High Fever, Joint Pain, Rash",8.0,0
2023-05-31,Gotham,800000,High Humidity,Influenza,"Fever, Cough, Fatigue",10.0,1
2023-04-25,Star City,500000,Normal,Cholera,"Severe Diarrhea, Dehydration",10.0,2
2023-07-08,Coast City,600000,Coastal Weather,Dengue,"High Fever, Joint Pain, Rash",10.0,2
2023-02-27,Coast City,600000,Coastal Weather,COVID-19,"Fever, Dry Cough, Loss of Taste",13.0,3
2023-11-26,Central City,1200000,Normal,Dengue,"High Fever, Joint Pain, Rash",12.0,3
2023-12-28,Central City,1200000,Normal,COVID-19,"Fever, Dry Cough, Loss of Taste",6.0,1
2023-05-10,Gotham,800000,High Humidity,Cholera,"Severe Diarrhea, Dehydration",18.0,3
2023-04-16,Coast City,600000,Coastal Weather,Typhoid,"High Fever, Abdominal Pain, Weakness",14.0,1
2023-03-05,Metropolis,1000000,High Pollution,Dengue,"High Fever, Joint Pain, Rash",8.0,2
2023-09-04,Star City,500000,Normal,Influenza,"Fever, Cough, Fatigue",9.0,1
2023-10-09,Star City,500000,Normal,Typhoid,"High Fever, Abdominal Pain, Weakness",10.0,0
2023-01-29,Central City,1200000,Normal,Dengue,"High Fever, Joint Pain, Rash",12.0,1
2023-04-30,Coast City,600000,Coastal Weather,Typhoid,"High Fever, Abdominal Pain, Weakness",8.0,1
2023-05-14,Gotham,800000,High Humidity,Cholera,"Severe Diarrhea, Dehydration",9.0,2
2023-08-18,Coast City,600000,Coastal Weather,Cholera,"Severe Diarrhea, Dehydration",15.0,2
2023-06-03,Central City,1200000,Normal,COVID-19,"Fever, Dry Cough, Loss of Taste",11.0,0
2023-07-02,Coast City,600000,Coastal Weather,COVID-19,"Fever, Dry Cough, Loss of Taste",9.0,1
2023-05-29,Central City,1200000,Normal,Influenza,"Fever, Cough, Fatigue",7.0,1
2023-07-01,Metropolis,1000000,High Pollution,Typhoid,"High Fever, Abdominal Pain, Weakness",16.0,4
2023-03-27,Gotham,800000,High Humidity,Typhoid,"High Fever, Abdominal Pain, Weakness",9.0,2
2023-02-24,Gotham,800000,High Humidity,Dengue,"High Fever, Joint Pain, Rash",9.0,0
2023-10-11,Coast City,600000,Coastal Weather,Typhoid,"High Fever, Abdominal Pain, Weakness",6.0,1
2023-08-31,Central City,1200000,Normal,Typhoid,"High Fever, Abdominal Pain, Weakness",12.0,1
2023-12-30,Metropolis,1000000,High Pollution,Cholera,"Severe Diarrhea, Dehydration",5.0,1
2023-11-17,Gotham,800000,High Humidity,Cholera,"Severe Diarrhea, Dehydration",11.0,1
2023-10-12,Metropolis,1000000,High Pollution,Influenza,"Fever, Cough, Fatigue",5.0,0
2023-01-15,Metropolis,1000000,High Pollution,COVID-19,"Fever, Dry Cough, Loss of Taste",12.0,1
2023-05-14,Coast City,600000,Coastal Weather,Cholera,"Severe Diarrhea, Dehydration",9.0,0
2023-03-29,Coast City,600000,Coastal Weather,COVID-19,"Fever, Dry Cough, Loss of Taste",9.0,1
18/05/2023,Metropolis,1000000,High Pollution,Influenza,"Fever, Cough, Fatigue",13.0,2
2023-06-23,Metropolis,1000000,High Pollution,Influenza,"Fever, Cough, Fatigue",10.0,1
2023-12-02,Metropolis,1000000,High Pollution,Dengue,"High Fever, Joint Pain, Rash",15.0,0
2023-07-31,Gotham,800000,High Humidity,COVID-19,"Fever, Dry Cough, Loss of Taste",11.0,2
2023-02-27,Metropolis,1000000,High Pollution,Typhoid,"High Fever, Abdominal Pain, Weakness",11.0,2
2023-05-15,Gotham,800000,High Humidity,Influenza,"Fever, Cough, Fatigue",13.0,3
2023-10-31,Metropolis,1000000,High Pollution,COVID-19,"Fever, Dry Cough, Loss of Taste",9.0,2
2023-03-04,Central City,1200000,Normal,Typhoid,"High Fever, Abdominal Pain, Weakness",77.0,15
2023-04-07,Central City,1200000,Normal,Influenza,"Fever, Cough, Fatigue",12.0,0
2023-04-08,Coast City,600000,Coastal Weather,Typhoid,"High Fever, Abdominal Pain, Weakness",10.0,1
2023-05-18,Coast City,600000,Coastal Weather,Typhoid,"High Fever, Abdominal Pain, Weakness",8.0,2
2023-09-16,Gotham,800000,High Humidity,Influenza,"Fever, Cough, Fatigue",10.0,1
2023-12-19,Star City,500000,Normal,Typhoid,"High Fever, Abdominal Pain, Weakness",6.0,0
2023-01-06,Central City,1200000,Normal,Cholera,"Severe Diarrhea, Dehydration",13.0,0
2023-07-20,Coast City,600000,Coastal Weather,Influenza,"Fever, Cough, Fatigue",10.0,1
2023-01-22,Central City,1200000,Normal,Cholera,"Severe Diarrhea, Dehydration",8.0,2
2023-01-31,Coast City,600000,Coastal Weather,Typhoid,"High Fever, Abdominal Pain, Weakness",12.0,3
2023-08-10,Coast City,600000,Coastal Weather,Dengue,"High Fever, Joint Pain, Rash",12.0,2
2023-02-14,Gotham,800000,High Humidity,Typhoid,"High Fever, Abdominal Pain, Weakness",16.0,2
2023-07-09,Metropolis,1000000,High Pollution,Cholera,"Severe Diarrhea, Dehydration",15.0,0
2023-03-04,Gotham,800000,High Humidity,Typhoid,"High Fever, Abdominal Pain, Weakness",12.0,0
2023-12-09,Metropolis,1000000,High Pollution,Typhoid,"High Fever, Abdominal Pain, Weakness",18.0,4
2023-08-26,Gotham,800000,High Humidity,Typhoid,"High Fever, Abdominal Pain, Weakness",13.0,1
2023-06-09,Coast City,600000,Coastal Weather,COVID-19,"Fever, Dry Cough, Loss of Taste",11.0,0
2023-02-25,Gotham,800000,High Humidity,Cholera,"Severe Diarrhea, Dehydration",10.0,2
2023-08-06,Central City,1200000,Normal,Cholera,"Severe Diarrhea, Dehydration",11.0,1
2023-01-26,Gotham,800000,High Humidity,COVID-19,"Fever, Dry Cough, Loss of Taste",6.0,0
2023-09-30,Central City,1200000,Normal,Cholera,"Severe Diarrhea, Dehydration",8.0,1
2023-05-31,Central City,1200000,Normal,Cholera,"Severe Diarrhea, Dehydration",9.0,2
2023-10-25,Central City,1200000,Normal,Dengue,"High Fever, Joint Pain, Rash",14.0,2
2023-12-17,Central City,1200000,Normal,Typhoid,"High Fever, Abdominal Pain, Weakness",13.0,3
2023-03-04,Metropolis,1000000,High Pollution,Influenza,"Fever, Cough, Fatigue",8.0,1
2023-09-29,Gotham,800000,High Humidity,COVID-19,"Fever, Dry Cough, Loss of Taste",11.0,2
2023-04-21,Star City,500000,Normal,Dengue,"High Fever, Joint Pain, Rash",160.0,33
2023-08-15,Central City,1200000,Normal,Cholera,"Severe Diarrhea, Dehydration",16.0,0
2023-11-23,Star City,500000,Normal,Dengue,"High Fever, Joint Pain, Rash",12.0,2
2023-03-06,Star City,500000,Normal,Typhoid,"High Fever, Abdominal Pain, Weakness",12.0,2
2023-12-10,Metropolis,1000000,High Pollution,Dengue,"High Fever, Joint Pain, Rash",7.0,1
2023-01-24,Coast City,600000,Coastal Weather,Cholera,"Severe Diarrhea, Dehydration",14.0,3
2023-10-11,Central City,1200000,Normal,COVID-19,"Fever, Dry Cough, Loss of Taste",5.0,0
2023-05-29,Star City,500000,Normal,COVID-19,"Fever, Dry Cough, Loss of Taste",8.0,0
2023-08-27,Metropolis,1000000,High Pollution,Dengue,"High Fever, Joint Pain, Rash",9.0,1
2023-11-08,Coast City,600000,Coastal Weather,Influenza,"Fever, Cough, Fatigue",6.0,1
2023-11-07,Coast City,600000,Coastal Weather,Dengue,"High Fever, Joint Pain, Rash",8.0,1
2023-04-26,Metropolis,1000000,High Pollution,Cholera,"Severe Diarrhea, Dehydration",9.0,0
2023-03-17,Gotham,800000,High Humidity,Typhoid,"High Fever, Abdominal Pain, Weakness",50.0,9
2023-06-04,Star City,500000,Normal,Influenza,"Fever, Cough, Fatigue",7.0,1
2023-06-17,Star City,500000,Normal,Dengue,"High Fever, Joint Pain, Rash",10.0,2
2023-10-02,Central City,1200000,Normal,Cholera,"Severe Diarrhea, Dehydration",10.0,0
2023-08-28,Gotham,800000,High Humidity,Typhoid,"High Fever, Abdominal Pain, Weakness",10.0,2
2023-03-05,Central City,1200000,Normal,COVID-19,"Fever, Dry Cough, Loss of Taste",13.0,3
2023-01-11,Coast City,600000,Coastal Weather,Influenza,"Fever, Cough, Fatigue",10.0,2
2023-09-16,Star City,500000,Normal,Dengue,"High Fever, Joint Pain, Rash",8.0,1
2023-12-09,Gotham,800000,High Humidity,Typhoid,"High Fever, Abdominal Pain, Weakness",5.0,1
2023-06-27,Metropolis,1000000,High Pollution,Typhoid,"High Fever, Abdominal Pain, Weakness",6.0,0
2023-12-28,Star City,500000,Normal,Typhoid,"High Fever, Abdominal Pain, Weakness",9.0,1
2023-12-04,Metropolis,1000000,High Pollution,COVID-19,"Fever, Dry Cough, Loss of Taste",10.0,1
2023-04-01,Gotham,800000,High Humidity,Influenza,"Fever, Cough, Fatigue",11.0,1
2023-09-07,Gotham,800000,High Humidity,Cholera,"Severe Diarrhea, Dehydration",6.0,1
2023-12-09,Gotham,800000,High Humidity,Typhoid,"High Fever, Abdominal Pain, Weakness",171.0,23
2023-12-06,Central City,1200000,Normal,Dengue,"High Fever, Joint Pain, Rash",165.0,22
2023-10-08,Metropolis,1000000,High Pollution,COVID-19,"Fever, Dry Cough, Loss of Taste",10.0,1
2023-07-22,Metropolis,1000000,High Pollution,Cholera,"Severe Diarrhea, Dehydration",12.0,2
2023-06-01,Gotham,800000,High Humidity,Influenza,"Fever, Cough, Fatigue",6.0,0
2023-03-25,Coast City,600000,Coastal Weather,Influenza,"Fever, Cough, Fatigue",13.0,0
2023-09-14,Gotham,800000,High Humidity,Cholera,"Severe Diarrhea, Dehydration",7.0,1
2023-11-21,Gotham,800000,High Humidity,Dengue,"High Fever, Joint Pain, Rash",9.0,0
2023-01-08,Coast City,600000,Coastal Weather,Cholera,"Severe Diarrhea, Dehydration",10.0,2
2023-01-26,Central City,1200000,Normal,Influenza,"Fever, Cough, Fatigue",8.0,1
2023-05-13,Star City,500000,Normal,Cholera,"Severe Diarrhea, Dehydration",13.0,3
2023-01-02,Central City,1200000,Normal,Cholera,"Severe Diarrhea, Dehydration",144.0,39
2023-09-24,Central City,1200000,Normal,Influenza,"Fever, Cough, Fatigue",10.0,1
2023-07-20,Central City,1200000,Normal,Typhoid,"High Fever, Abdominal Pain, Weakness",6.0,1
2023-02-24,Metropolis,1000000,High Pollution,Cholera,"Severe Diarrhea, Dehydration",10.0,2
2023-09-07,Star City,500000,Normal,Influenza,"Fever, Cough, Fatigue",216.0,21
2023-05-08,Star City,500000,Normal,Cholera,"Severe Diarrhea, Dehydration",13.0,3
2023-06-01,Star City,500000,Normal,Dengue,"High Fever, Joint Pain, Rash",8.0,1
2023-08-24,Central City,1200000,Normal,Cholera,"Severe Diarrhea, Dehydration",12.0,1
2023-10-02,Star City,500000,Normal,Cholera,"Severe Diarrhea, Dehydration",7.0,1
2023-02-16,Star City,500000,Normal,Typhoid,"High Fever, Abdominal Pain, Weakness",11.0,3
2023-06-16,Star City,500000,Normal,Dengue,"High Fever, Joint Pain, Rash",8.0,1
2023-05-19,Coast City,600000,Coastal Weather,Influenza,"Fever, Cough, Fatigue",10.0,0
2023-02-26,Metropolis,1000000,High Pollution,COVID-19,"Fever, Dry Cough, Loss of Taste",13.0,1
2023-01-02,Gotham,800000,High Humidity,Influenza,"Fever, Cough, Fatigue",154.0,20
2023-08-29,Central City,1200000,Normal,Influenza,"Fever, Cough, Fatigue",5.0,0
2023-09-09,Central City,1200000,Normal,Influenza,"Fever, Cough, Fatigue",12.0,0
2023-04-05,Central City,1200000,Normal,COVID-19,"Fever, Dry Cough, Loss of Taste",9.0,2
2023-05-27,Coast City,600000,Coastal Weather,Influenza,"Fever, Cough, Fatigue",14.0,1
2023-12-02,Metropolis,1000000,High Pollution,Influenza,"Fever, Cough, Fatigue",10.0,2
2023-11-07,Metropolis,1000000,High Pollution,COVID-19,"Fever, Dry Cough, Loss of Taste",9.0,2
19/09/2023,Gotham,800000,High Humidity,Cholera,"Severe Diarrhea, Dehydration",9.0,1
2023-02-22,Gotham,800000,High Humidity,Cholera,"Severe Diarrhea, Dehydration",,0
2023-05-30,Metropolis,1000000,High Pollution,COVID-19,"Fever, Dry Cough, Loss of Taste",9.0,1
2023-05-09,Central City,1200000,Normal,Influenza,"Fever, Cough, Fatigue",9.0,0
2023-10-28,Metropolis,1000000,High Pollution,COVID-19,"Fever, Dry Cough, Loss of Taste",9.0,1
2023-02-19,Metropolis,1000000,High Pollution,Dengue,"High Fever, Joint Pain, Rash",65.0,14
2023-03-10,Coast City,600000,Coastal Weather,Typhoid,"High Fever, Abdominal Pain, Weakness",7.0,2
2023-11-14,Central City,1200000,Normal,Typhoid,"High Fever, Abdominal Pain, Weakness",11.0,1
2023-01-01,Central City,1200000,Normal,Dengue,"High Fever, Joint Pain, Rash",5.0,1
2023-08-25,Star City,500000,Normal,Cholera,"Severe Diarrhea, Dehydration",10.0,0
2023-11-22,Metropolis,1000000,High Pollution,Typhoid,"High Fever, Abdominal Pain, Weakness",2.0,0
2023-05-21,Coast City,600000,Coastal Weather,Cholera,"Severe Diarrhea, Dehydration",10.0,2
2023-07-09,Gotham,800000,High Humidity,Cholera,"Severe Diarrhea, Dehydration",8.0,1
2023-05-21,Star City,500000,Normal,Dengue,"High Fever, Joint Pain, Rash",11.0,1
2023-06-10,Star City,500000,Normal,Influenza,"Fever, Cough, Fatigue",13.0,3
2023-07-04,Star City,500000,Normal,Influenza,"Fever, Cough, Fatigue",8.0,1
2023-12-16,Star City,500000,Normal,Dengue,"High Fever, Joint Pain, Rash",11.0,2
2023-04-07,Star City,500000,Normal,Cholera,"Severe Diarrhea, Dehydration",9.0,1
2023-01-10,Coast City,600000,Coastal Weather,Dengue,"High Fever, Joint Pain, Rash",13.0,1
2023-04-29,Gotham,800000,High Humidity,COVID-19,"Fever, Dry Cough, Loss of Taste",12.0,1
2023-04-25,Metropolis,1000000,High Pollution,COVID-19,"Fever, Dry Cough, Loss of Taste",10.0,1
2023-01-20,Central City,1200000,Normal,Cholera,"Severe Diarrhea, Dehydration",10.0,1
2023-04-17,Metropolis,1000000,High Pollution,Influenza,"Fever, Cough, Fatigue",4.0,0
2023-05-04,Coast City,600000,Coastal Weather,Dengue,"High Fever, Joint Pain, Rash",9.0,0
2023-11-30,Star City,500000,Normal,Influenza,"Fever, Cough, Fatigue",9.0,2
2023-05-08,Gotham,800000,High Humidity,Cholera,"Severe Diarrhea, Dehydration",11.0,0
2023-01-13,Coast City,600000,Coastal Weather,Dengue,"High Fever, Joint Pain, Rash",48.0,8
2023-08-06,Star City,500000,Normal,Dengue,"High Fever, Joint Pain, Rash",11.0,2
2023-09-03,Central City,1200000,Normal,Dengue,"High Fever, Joint Pain, Rash",12.0,1
2023-11-24,Central City,1200000,Normal,Dengue,"High Fever, Joint Pain, Rash",10.0,0
2023-10-27,Gotham,800000,High Humidity,COVID-19,"Fever, Dry Cough, Loss of Taste",10.0,1
2023-05-18,Central City,1200000,Normal,Cholera,"Severe Diarrhea, Dehydration",7.0,0
2023-12-08,Metropolis,1000000,High Pollution,Typhoid,"High Fever, Abdominal Pain, Weakness",30.0,8
2023-12-03,Star City,500000,Normal,Typhoid,"High Fever, Abdominal Pain, Weakness",7.0,1
2023-01-16,Star City,500000,Normal,COVID-19,"Fever, Dry Cough, Loss of Taste",12.0,3
2023-10-14,Star City,500000,Normal,Influenza,"Fever, Cough, Fatigue",8.0,2
2023-04-14,Coast City,600000,Coastal Weather,COVID-19,"Fever, Dry Cough, Loss of Taste",11.0,1
2023-07-09,Star City,500000,Normal,Typhoid,"High Fever, Abdominal Pain, Weakness",8.0,2
2023-03-11,Coast City,600000,Coastal Weather,Dengue,"High Fever, Joint Pain, Rash",8.0,0
2023-10-27,Central City,1200000,Normal,Typhoid,"High Fever, Abdominal Pain, Weakness",15.0,1
2023-10-22,Metropolis,1000000,High Pollution,COVID-19,"Fever, Dry Cough, Loss of Taste",7.0,1
2023-05-18,Coast City,600000,Coastal Weather,Cholera,"Severe Diarrhea, Dehydration",10.0,0
2023-03-15,Metropolis,1000000,High Pollution,Dengue,"High Fever, Joint Pain, Rash",8.0,0
2023-11-15,Coast City,600000,Coastal Weather,Dengue,"High Fever, Joint Pain, Rash",10.0,2
2023-11-25,Central City,1200000,Normal,Dengue,"High Fever, Joint Pain, Rash",306.0,16
2023-02-23,Central City,1200000,Normal,Cholera,"Severe Diarrhea, Dehydration",13.0,3
2023-12-13,Metropolis,1000000,High Pollution,Cholera,"Severe Diarrhea, Dehydration",10.0,1
2023-02-18,Metropolis,1000000,High Pollution,Influenza,"Fever, Cough, Fatigue",4.0,0
2023-03-18,Metropolis,1000000,High Pollution,Influenza,"Fever, Cough, Fatigue",10.0,2
2023-10-04,Central City,1200000,Normal,Influenza,"Fever, Cough, Fatigue",13.0,1
2023-03-22,Metropolis,1000000,High Pollution,Typhoid,"High Fever, Abdominal Pain, Weakness",10.0,2
2023-01-14,Central City,1200000,Normal,Influenza,"Fever, Cough, Fatigue",10.0,2
2023-06-22,Central City,1200000,Normal,Cholera,"Severe Diarrhea, Dehydration",8.0,0
2023-04-11,Star City,500000,Normal,Typhoid,"High Fever, Abdominal Pain, Weakness",9.0,1
2023-03-09,Coast City,600000,Coastal Weather,COVID-19,"Fever, Dry Cough, Loss of Taste",12.0,1
2023-01-04,Star City,500000,Normal,Cholera,"Severe Diarrhea, Dehydration",9.0,2
2023-10-15,Metropolis,1000000,High Pollution,Influenza,"Fever, Cough, Fatigue",7.0,1
2023-04-30,Coast City,600000,Coastal Weather,Typhoid,"High Fever, Abdominal Pain, Weakness",9.0,0
2023-02-25,Gotham,800000,High Humidity,Influenza,"Fever, Cough, Fatigue",12.0,3
2023-07-18,Gotham,800000,High Humidity,Typhoid,"High Fever, Abdominal Pain, Weakness",9.0,1
2023-05-02,Gotham,800000,High Humidity,COVID-19,"Fever, Dry Cough, Loss of Taste",8.0,1
2023-04-06,Central City,1200000,Normal,Dengue,"High Fever, Joint Pain, Rash",9.0,0
2023-08-28,Gotham,800000,High Humidity,COVID-19,"Fever, Dry Cough, Loss of Taste",9.0,1
2023-03-22,Star City,500000,Normal,Cholera,"Severe Diarrhea, Dehydration",168.0,11
30/01/2023,Metropolis,1000000,High Pollution,Typhoid,"High Fever, Abdominal Pain, Weakness",5.0,0
2023-07-14,Coast City,600000,Coastal Weather,Typhoid,"High Fever, Abdominal Pain, Weakness",11.0,3
2023-10-18,Gotham,800000,High Humidity,Typhoid,"High Fever, Abdominal Pain, Weakness",130.0,29
2023-11-26,Central City,1200000,Normal,Influenza,"Fever, Cough, Fatigue",11.0,0
2023-12-08,Central City,1200000,Normal,Influenza,"Fever, Cough, Fatigue",11.0,2
2023-11-09,Metropolis,1000000,High Pollution,COVID-19,"Fever, Dry Cough, Loss of Taste",10.0,0
2023-11-21,Star City,500000,Normal,Dengue,"High Fever, Joint Pain, Rash",8.0,2
2023-10-03,Star City,500000,Normal,Influenza,"Fever, Cough, Fatigue",8.0,0
2023-04-24,Star City,500000,Normal,COVID-19,"Fever, Dry Cough, Loss of Taste",11.0,2
2023-04-05,Central City,1200000,Normal,Typhoid,"High Fever, Abdominal Pain, Weakness",17.0,4
2023-11-02,Gotham,800000,High Humidity,Cholera,"Severe Diarrhea, Dehydration",8.0,0
2023-06-11,Metropolis,1000000,High Pollution,Influenza,"Fever, Cough, Fatigue",13.0,3
2023-06-05,Central City,1200000,Normal,COVID-19,"Fever, Dry Cough, Loss of Taste",8.0,2
2023-10-17,Central City,1200000,Normal,Typhoid,"High Fever, Abdominal Pain, Weakness",9.0,0
2023-01-02,Metropolis,1000000,High Pollution,Typhoid,"High Fever, Abdominal Pain, Weakness",11.0,2
2023-01-04,Star City,500000,Normal,Cholera,"Severe Diarrhea, Dehydration",15.0,2
2023-09-27,Star City,500000,Normal,COVID-19,"Fever, Dry Cough, Loss of Taste",10.0,1
2023-04-14,Central City,1200000,Normal,Typhoid,"High Fever, Abdominal Pain, Weakness",12.0,1
2023-02-07,Coast City,600000,Coastal Weather,Typhoid,"High Fever, Abdominal Pain, Weakness",8.0,0
2023-10-17,Coast City,600000,Coastal Weather,Dengue,"High Fever, Joint Pain, Rash",10.0,1
2023-01-21,Coast City,600000,Coastal Weather,Influenza,"Fever, Cough, Fatigue",121.0,9
2023-12-23,Metropolis,1000000,High Pollution,COVID-19,"Fever, Dry Cough, Loss of Taste",14.0,2
2023-10-05,Star City,500000,Normal,COVID-19,"Fever, Dry Cough, Loss of Taste",13.0,1
2023-09-19,Central City,1200000,Normal,Dengue,"High Fever, Joint Pain, Rash",4.0,0
25/11/2023,Coast City,600000,Coastal Weather,COVID-19,"Fever, Dry Cough, Loss of Taste",13.0,3
2023-08-15,Coast City,600000,Coastal Weather,COVID-19,"Fever, Dry Cough, Loss of Taste",11.0,1
2023-07-09,Central City,1200000,Normal,Dengue,"High Fever, Joint Pain, Rash",5.0,1
2023-02-22,Central City,1200000,Normal,Typhoid,"High Fever, Abdominal Pain, Weakness",10.0,1
2023-04-11,Coast City,600000,Coastal Weather,Dengue,"High Fever, Joint Pain, Rash",7.0,0
2023-03-02,Coast City,600000,Coastal Weather,Influenza,"Fever, Cough, Fatigue",10.0,1
2023-05-20,Star City,500000,Normal,Typhoid,"High Fever, Abdominal Pain, Weakness",13.0,2
27/01/2023,Gotham,800000,High Humidity,Dengue,"High Fever, Joint Pain, Rash",18.0,4
2023-11-07,Coast City,600000,Coastal Weather,Influenza,"Fever, Cough, Fatigue",7.0,1
2023-10-07,Star City,500000,Normal,COVID-19,"Fever, Dry Cough, Loss of Taste",8.0,0
2023-06-16,Gotham,800000,High Humidity,Typhoid,"High Fever, Abdominal Pain, Weakness",6.0,0
2023-12-22,Star City,500000,Normal,Typhoid,"High Fever, Abdominal Pain, Weakness",9.0,2
2023-06-04,Metropolis,1000000,High Pollution,Dengue,"High Fever, Joint Pain, Rash",10.0,0
2023-02-16,Star City,500000,Normal,Typhoid,"High Fever, Abdominal Pain, Weakness",18.0,2
2023-12-10,Metropolis,1000000,High Pollution,Cholera,"Severe Diarrhea, Dehydration",13.0,2
2023-07-13,Coast City,600000,Coastal Weather,Cholera,"Severe Diarrhea, Dehydration",13.0,2
2023-04-29,Central City,1200000,Normal,Cholera,"Severe Diarrhea, Dehydration",9.0,2
2023-06-02,Gotham,800000,High Humidity,Dengue,"High Fever, Joint Pain, Rash",11.0,2
2023-04-26,Metropolis,1000000,High Pollution,Dengue,"High Fever, Joint Pain, Rash",9.0,0
2023-10-15,Metropolis,1000000,High Pollution,Influenza,"Fever, Cough, Fatigue",21.0,2
2023-05-08,Metropolis,1000000,High Pollution,Cholera,"Severe Diarrhea, Dehydration",9.0,2
2023-10-26,Coast City,600000,Coastal Weather,Dengue,"High Fever, Joint Pain, Rash",162.0,19
2023-11-21,Metropolis,1000000,High Pollution,Influenza,"Fever, Cough, Fatigue",8.0,1
2023-11-01,Star City,500000,Normal,Dengue,"High Fever, Joint Pain, Rash",7.0,0
2023-12-15,Central City,1200000,Normal,Cholera,"Severe Diarrhea, Dehydration",4.0,0
2023-09-30,Gotham,800000,High Humidity,Dengue,"High Fever, Joint Pain, Rash",11.0,2
2023-06-24,Metropolis,1000000,High Pollution,Cholera,"Severe Diarrhea, Dehydration",5.0,1
2023-03-06,Coast City,600000,Coastal Weather,Typhoid,"High Fever, Abdominal Pain, Weakness",9.0,2
2023-12-09,Coast City,600000,Coastal Weather,Dengue,"High Fever, Joint Pain, Rash",10.0,1
2023-04-05,Coast City,600000,Coastal Weather,Cholera,"Severe Diarrhea, Dehydration",17.0,4
2023-04-21,Star City,500000,Normal,Influenza,"Fever, Cough, Fatigue",8.0,1
2023-11-13,Gotham,800000,High Humidity,Typhoid,"High Fever, Abdominal Pain, Weakness",15.0,2
2023-08-09,Central City,1200000,Normal,Dengue,"High Fever, Joint Pain, Rash",16.0,3
2023-09-12,Star City,500000,Normal,Influenza,"Fever, Cough, Fatigue",7.0,0
2023-09-07,Star City,500000,Normal,Influenza,"Fever, Cough, Fatigue",10.0,2
2023-01-07,Central City,1200000,Normal,Dengue,"High Fever, Joint Pain, Rash",,0
2023-10-15,Coast City,600000,Coastal Weather,Typhoid,"High Fever, Abdominal Pain, Weakness",10.0,2
2023-09-15,Metropolis,1000000,High Pollution,Cholera,"Severe Diarrhea, Dehydration",10.0,1
2023-05-29,Central City,1200000,Normal,Influenza,"Fever, Cough, Fatigue",12.0,2
2023-11-14,Coast City,600000,Coastal Weather,Typhoid,"High Fever, Abdominal Pain, Weakness",5.0,1
2023-01-09,Central City,1200000,Normal,COVID-19,"Fever, Dry Cough, Loss of Taste",9.0,2
2023-02-26,Metropolis,1000000,High Pollution,COVID-19,"Fever, Dry Cough, Loss of Taste",8.0,0
2023-04-12,Star City,500000,Normal,Influenza,"Fever, Cough, Fatigue",11.0,1
2023-10-03,Central City,1200000,Normal,Influenza,"Fever, Cough, Fatigue",10.0,0
2023-08-29,Coast City,600000,Coastal Weather,Dengue,"High Fever, Joint Pain, Rash",7.0,1
2023-06-02,Coast City,600000,Coastal Weather,Cholera,"Severe Diarrhea, Dehydration",12.0,1
2023-02-05,Star City,500000,Normal,Cholera,"Severe Diarrhea, Dehydration",6.0,1
2023-05-26,Gotham,800000,High Humidity,Influenza,"Fever, Cough, Fatigue",60.0,6
2023-08-23,Star City,500000,Normal,Cholera,"Severe Diarrhea, Dehydration",9.0,1
2023-04-03,Metropolis,1000000,High Pollution,Influenza,"Fever, Cough, Fatigue",20.0,4
2023-07-09,Central City,1200000,Normal,Dengue,"High Fever, Joint Pain, Rash",11.0,2
2023-11-07,Central City,1200000,Normal,COVID-19,"Fever, Dry Cough, Loss of Taste",9.0,0
2023-05-18,Star City,500000,Normal,COVID-19,"Fever, Dry Cough, Loss of Taste",10.0,0
2023-01-15,Coast City,600000,Coastal Weather,Typhoid,"High Fever, Abdominal Pain, Weakness",7.0,1
2023-04-28,Metropolis,1000000,High Pollution,Dengue,"High Fever, Joint Pain, Rash",9.0,1
2023-08-09,Coast City,600000,Coastal Weather,Influenza,"Fever, Cough, Fatigue",6.0,1
2023-07-05,Star City,500000,Normal,Cholera,"Severe Diarrhea, Dehydration",7.0,0
2023-05-27,Gotham,800000,High Humidity,Cholera,"Severe Diarrhea, Dehydration",10.0,1
2023-03-24,Central City,1200000,Normal,COVID-19,"Fever, Dry Cough, Loss of Taste",8.0,1
2023-10-25,Gotham,800000,High Humidity,COVID-19,"Fever, Dry Cough, Loss of Taste",13.0,3
2023-02-04,Gotham,800000,High Humidity,Dengue,"High Fever, Joint Pain, Rash",5.0,1
2023-10-24,Star City,500000,Normal,Dengue,"High Fever, Joint Pain, Rash",12.0,0
2023-12-02,Star City,500000,Normal,Cholera,"Severe Diarrhea, Dehydration",8.0,0
2023-06-14,Star City,500000,Normal,Typhoid,"High Fever, Abdominal Pain, Weakness",10.0,2
2023-05-07,Coast City,600000,Coastal Weather,Typhoid,"High Fever, Abdominal Pain, Weakness",11.0,1
2023-04-20,Coast City,600000,Coastal Weather,COVID-19,"Fever, Dry Cough, Loss of Taste",12.0,2
2023-02-09,Coast City,600000,Coastal Weather,Dengue,"High Fever, Joint Pain, Rash",7.0,2
2023-05-04,Metropolis,1000000,High Pollution,Dengue,"High Fever, Joint Pain, Rash",10.0,1
2023-10-31,Star City,500000,Normal,Typhoid,"High Fever, Abdominal Pain, Weakness",9.0,0
2023-01-05,Gotham,800000,High Humidity,Dengue,"High Fever, Joint Pain, Rash",8.0,2
2023-11-13,Metropolis,1000000,High Pollution,Typhoid,"High Fever, Abdominal Pain, Weakness",15.0,3
2023-02-07,Central City,1200000,Normal,Typhoid,"High Fever, Abdominal Pain, Weakness",11.0,3
2023-03-26,Metropolis,1000000,High Pollution,COVID-19,"Fever, Dry Cough, Loss of Taste",4.0,0
2023-02-18,Central City,1200000,Normal,COVID-19,"Fever, Dry Cough, Loss of Taste",13.0,3
2023-09-01,Central City,1200000,Normal,Dengue,"High Fever, Joint Pain, Rash",66.0,18
2023-09-21,Coast City,600000,Coastal Weather,Typhoid,"High Fever, Abdominal Pain, Weakness",10.0,2
2023-01-23,Coast City,600000,Coastal Weather,COVID-19,"Fever, Dry Cough, Loss of Taste",9.0,1
2023-11-20,Metropolis,1000000,High Pollution,Typhoid,"High Fever, Abdominal Pain, Weakness",14.0,1
2023-03-22,Gotham,800000,High Humidity,COVID-19,"Fever, Dry Cough, Loss of Taste",10.0,2
2023-08-15,Metropolis,1000000,High Pollution,Typhoid,"High Fever, Abdominal Pain, Weakness",60.0,14
2023-12-11,Coast City,600000,Coastal Weather,Typhoid,"High Fever, Abdominal Pain, Weakness",11.0,1
2023-06-09,Coast City,600000,Coastal Weather,Dengue,"High Fever, Joint Pain, Rash",3.0,0
2023-01-21,Metropolis,1000000,High Pollution,Dengue,"High Fever, Joint Pain, Rash",8.0,1
2023-11-01,Central City,1200000,Normal,Influenza,"Fever, Cough, Fatigue",13.0,3
2023-11-25,Star City,500000,Normal,COVID-19,"Fever, Dry Cough, Loss of Taste",9.0,2
2023-01-14,Star City,500000,Normal,Typhoid,"High Fever, Abdominal Pain, Weakness",10.0,1
2023-08-16,Central City,1200000,Normal,Influenza,"Fever, Cough, Fatigue",13.0,1
2023-11-04,Gotham,800000,High Humidity,Dengue,"High Fever, Joint Pain, Rash",13.0,1
2023-06-23,Gotham,800000,High Humidity,Dengue,"High Fever, Joint Pain, Rash",10.0,0
2023-05-07,Coast City,600000,Coastal Weather,Dengue,"High Fever, Joint Pain, Rash",11.0,1
2023-07-05,Metropolis,1000000,High Pollution,Influenza,"Fever, Cough, Fatigue",13.0,3
2023-09-04,Central City,1200000,Normal,COVID-19,"Fever, Dry Cough, Loss of Taste",11.0,1
2023-03-19,Star City,500000,Normal,COVID-19,"Fever, Dry Cough, Loss of Taste",11.0,1
2023-08-06,Metropolis,1000000,High Pollution,Cholera,"Severe Diarrhea, Dehydration",12.0,3
2023-06-12,Star City,500000,Normal,Influenza,"Fever, Cough, Fatigue",11.0,0
2023-07-18,Star City,500000,Normal,Cholera,"Severe Diarrhea, Dehydration",14.0,1
2023-11-15,Gotham,800000,High Humidity,Dengue,"High Fever, Joint Pain, Rash",7.0,0
2023-04-21,Central City,1200000,Normal,Typhoid,"High Fever, Abdominal Pain, Weakness",12.0,0
2023-07-22,Gotham,800000,High Humidity,Cholera,"Severe Diarrhea, Dehydration",14.0,1
2023-09-27,Star City,500000,Normal,Typhoid,"High Fever, Abdominal Pain, Weakness",8.0,0
2023-04-02,Star City,500000,Normal,Influenza,"Fever, Cough, Fatigue",14.0,1
2023-09-01,Central City,1200000,Normal,Typhoid,"High Fever, Abdominal Pain, Weakness",6.0,1
2023-03-14,Metropolis,1000000,High Pollution,Cholera,"Severe Diarrhea, Dehydration",14.0,2
2023-03-04,Metropolis,1000000,High Pollution,Influenza,"Fever, Cough, Fatigue",9.0,0
2023-10-20,Star City,500000,Normal,COVID-19,"Fever, Dry Cough, Loss of Taste",9.0,1
2023-09-22,Metropolis,1000000,High Pollution,COVID-19,"Fever, Dry Cough, Loss of Taste",5.0,0
2023-02-02,Metropolis,1000000,High Pollution,Dengue,"High Fever, Joint Pain, Rash",8.0,1
2023-02-10,Coast City,600000,Coastal Weather,Dengue,"High Fever, Joint Pain, Rash",7.0,2
2023-08-23,Coast City,600000,Coastal Weather,Influenza,"Fever, Cough, Fatigue",19.0,0
2023-07-22,Coast City,600000,Coastal Weather,Cholera,"Severe Diarrhea, Dehydration",11.0,1
2023-10-04,Gotham,800000,High Humidity,Dengue,"High Fever, Joint Pain, Rash",20.0,4
2023-07-10,Star City,500000,Normal,COVID-19,"Fever, Dry Cough, Loss of Taste",8.0,0
2023-12-31,Coast City,600000,Coastal Weather,Dengue,"High Fever, Joint Pain, Rash",12.0,2
2023-09-20,Gotham,800000,High Humidity,Influenza,"Fever, Cough, Fatigue",4.0,0
2023-08-19,Metropolis,1000000,High Pollution,COVID-19,"Fever, Dry Cough, Loss of Taste",8.0,0
2023-09-24,Gotham,800000,High Humidity,Typhoid,"High Fever, Abdominal Pain, Weakness",10.0,1
2023-06-17,Coast City,600000,Coastal Weather,COVID-19,"Fever, Dry Cough, Loss of Taste",13.0,2
2023-12-21,Gotham,800000,High Humidity,Typhoid,"High Fever, Abdominal Pain, Weakness",64.0,18
30/01/2023,Gotham,800000,High Humidity,Influenza,"Fever, Cough, Fatigue",10.0,1
2023-01-27,Gotham,800000,High Humidity,Influenza,"Fever, Cough, Fatigue",19.0,4
2023-12-22,Coast City,600000,Coastal Weather,Dengue,"High Fever, Joint Pain, Rash",11.0,1
2023-10-30,Coast City,600000,Coastal Weather,Cholera,"Severe Diarrhea, Dehydration",15.0,2
2023-03-09,Star City,500000,Normal,Dengue,"High Fever, Joint Pain, Rash",12.0,2
2023-09-02,Gotham,800000,High Humidity,Cholera,"Severe Diarrhea, Dehydration",4.0,1
2023-12-14,Central City,1200000,Normal,Influenza,"Fever, Cough, Fatigue",9.0,0
2023-09-09,Star City,500000,Normal,Cholera,"Severe Diarrhea, Dehydration",7.0,1
2023-08-13,Gotham,800000,High Humidity,Typhoid,"High Fever, Abdominal Pain, Weakness",8.0,1
2023-09-25,Metropolis,1000000,High Pollution,Influenza,"Fever, Cough, Fatigue",18.0,4
2023-04-05,Central City,1200000,Normal,Typhoid,"High Fever, Abdominal Pain, Weakness",7.0,1
2023-12-06,Central City,1200000,Normal,Dengue,"High Fever, Joint Pain, Rash",12.0,2
2023-05-06,Metropolis,1000000,High Pollution,Cholera,"Severe Diarrhea, Dehydration",,0
2023-07-01,Coast City,600000,Coastal Weather,Dengue,"High Fever, Joint Pain, Rash",14.0,1
2023-05-29,Coast City,600000,Coastal Weather,Cholera,"Severe Diarrhea, Dehydration",7.0,1
2023-12-24,Star City,500000,Normal,Dengue,"High Fever, Joint Pain, Rash",8.0,1
2023-07-18,Gotham,800000,High Humidity,Cholera,"Severe Diarrhea, Dehydration",16.0,3
2023-11-05,Coast City,600000,Coastal Weather,COVID-19,"Fever, Dry Cough, Loss of Taste",10.0,2
2023-01-18,Metropolis,1000000,High Pollution,Cholera,"Severe Diarrhea, Dehydration",11.0,0
2023-09-18,Star City,500000,Normal,Typhoid,"High Fever, Abdominal Pain, Weakness",3.0,0
2023-03-02,Star City,500000,Normal,COVID-19,"Fever, Dry Cough, Loss of Taste",11.0,3
2023-09-11,Metropolis,1000000,High Pollution,Dengue,"High Fever, Joint Pain, Rash",90.0,19
2023-01-26,Coast City,600000,Coastal Weather,Dengue,"High Fever, Joint Pain, Rash",8.0,2
2023-01-23,Gotham,800000,High Humidity,Dengue,"High Fever, Joint Pain, Rash",5.0,1
2023-08-30,Coast City,600000,Coastal Weather,Dengue,"High Fever, Joint Pain, Rash",4.0,0
2023-10-08,Metropolis,1000000,High Pollution,Typhoid,"High Fever, Abdominal Pain, Weakness",13.0,1
2023-02-07,Metropolis,1000000,High Pollution,Dengue,"High Fever, Joint Pain, Rash",6.0,1
2023-04-21,Star City,500000,Normal,COVID-19,"Fever, Dry Cough, Loss of Taste",5.0,0
2023-11-19,Metropolis,1000000,High Pollution,Dengue,"High Fever, Joint Pain, Rash",11.0,1
2023-12-30,Coast City,600000,Coastal Weather,Cholera,"Severe Diarrhea, Dehydration",7.0,0
2023-12-20,Metropolis,1000000,High Pollution,Typhoid,"High Fever, Abdominal Pain, Weakness",14.0,2
2023-04-28,Metropolis,1000000,High Pollution,COVID-19,"Fever, Dry Cough, Loss of Taste",14.0,3
2023-02-11,Central City,1200000,Normal,Cholera,"Severe Diarrhea, Dehydration",11.0,0
2023-01-28,Star City,500000,Normal,Cholera,"Severe Diarrhea, Dehydration",13.0,0
2023-01-17,Star City,500000,Normal,Cholera,"Severe Diarrhea, Dehydration",8.0,0
2023-04-17,Star City,500000,Normal,Influenza,"Fever, Cough, Fatigue",11.0,1
2023-04-17,Gotham,800000,High Humidity,COVID-19,"Fever, Dry Cough, Loss of Taste",9.0,1
2023-08-05,Metropolis,1000000,High Pollution,COVID-19,"Fever, Dry Cough, Loss of Taste",7.0,2
2023-05-24,Star City,500000,Normal,COVID-19,"Fever, Dry Cough, Loss of Taste",13.0,2
2023-06-20,Star City,500000,Normal,Typhoid,"High Fever, Abdominal Pain, Weakness",13.0,3
2023-03-27,Star City,500000,Normal,COVID-19,"Fever, Dry Cough, Loss of Taste",9.0,0
2023-09-14,Metropolis,1000000,High Pollution,Dengue,"High Fever, Joint Pain, Rash",11.0,2
2023-07-21,Metropolis,1000000,High Pollution,Cholera,"Severe Diarrhea, Dehydration",10.0,1
2023-01-23,Star City,500000,Normal,Dengue,"High Fever, Joint Pain, Rash",209.0,50
2023-05-14,Star City,500000,Normal,Typhoid,"High Fever, Abdominal Pain, Weakness",10.0,2
2023-01-25,Metropolis,1000000,High Pollution,COVID-19,"Fever, Dry Cough, Loss of Taste",13.0,3
2023-08-22,Metropolis,1000000,High Pollution,Cholera,"Severe Diarrhea, Dehydration",20.0,2
2023-07-11,Metropolis,1000000,High Pollution,Influenza,"Fever, Cough, Fatigue",11.0,2
2023-10-29,Gotham,800000,High Humidity,Typhoid,"High Fever, Abdominal Pain, Weakness",9.0,2
2023-01-08,Coast City,600000,Coastal Weather,Influenza,"Fever, Cough, Fatigue",13.0,2
2023-05-31,Central City,1200000,Normal,COVID-19,"Fever, Dry Cough, Loss of Taste",13.0,3
2023-06-29,Metropolis,1000000,High Pollution,Typhoid,"High Fever, Abdominal Pain, Weakness",13.0,1
2023-09-08,Gotham,800000,High Humidity,COVID-19,"Fever, Dry Cough, Loss of Taste",11.0,2
2023-09-26,Star City,500000,Normal,Cholera,"Severe Diarrhea, Dehydration",14.0,4
2023-06-22,Star City,500000,Normal,Dengue,"High Fever, Joint Pain, Rash",7.0,1
2023-01-11,Metropolis,1000000,High Pollution,Dengue,"High Fever, Joint Pain, Rash",8.0,2
2023-10-06,Star City,500000,Normal,Influenza,"Fever, Cough, Fatigue",7.0,1
2023-04-28,Star City,500000,Normal,Dengue,"High Fever, Joint Pain, Rash",17.0,2
2023-04-22,Gotham,800000,High Humidity,COVID-19,"Fever, Dry Cough, Loss of Taste",12.0,2
2023-10-05,Central City,1200000,Normal,Cholera,"Severe Diarrhea, Dehydration",13.0,2
2023-08-21,Coast City,600000,Coastal Weather,Typhoid,"High Fever, Abdominal Pain, Weakness",10.0,1
2023-03-03,Metropolis,1000000,High Pollution,Typhoid,"High Fever, Abdominal Pain, Weakness",7.0,1
2023-08-23,Star City,500000,Normal,Typhoid,"High Fever, Abdominal Pain, Weakness",133.0,13
2023-04-08,Gotham,800000,High Humidity,Cholera,"Severe Diarrhea, Dehydration",4.0,0
2023-08-25,Star City,500000,Normal,Dengue,"High Fever, Joint Pain, Rash",5.0,0
2023-03-29,Star City,500000,Normal,Dengue,"High Fever, Joint Pain, Rash",17.0,2
2023-02-13,Coast City,600000,Coastal Weather,COVID-19,"Fever, Dry Cough, Loss of Taste",10.0,1
2023-08-30,Star City,500000,Normal,Cholera,"Severe Diarrhea, Dehydration",9.0,1
2023-08-31,Coast City,600000,Coastal Weather,Dengue,"High Fever, Joint Pain, Rash",11.0,3
2023-02-24,Coast City,600000,Coastal Weather,Dengue,"High Fever, Joint Pain, Rash",8.0,0
2023-10-22,Coast City,600000,Coastal Weather,Cholera,"Severe Diarrhea, Dehydration",7.0,0
2023-01-03,Central City,1200000,Normal,Influenza,"Fever, Cough, Fatigue",8.0,0
2023-02-10,Central City,1200000,Normal,Dengue,"High Fever, Joint Pain, Rash",,0
2023-10-02,Gotham,800000,High Humidity,Cholera,"Severe Diarrhea, Dehydration",20.0,3
2023-06-22,Central City,1200000,Normal,Influenza,"Fever, Cough, Fatigue",12.0,0
2023-05-21,Central City,1200000,Normal,Dengue,"High Fever, Joint Pain, Rash",8.0,0
2023-09-02,Star City,500000,Normal,COVID-19,"Fever, Dry Cough, Loss of Taste",7.0,0
2023-05-08,Gotham,800000,High Humidity,Dengue,"High Fever, Joint Pain, Rash",15.0,4
2023-03-16,Coast City,600000,Coastal Weather,Influenza,"Fever, Cough, Fatigue",11.0,1
2023-08-30,Metropolis,1000000,High Pollution,Dengue,"High Fever, Joint Pain, Rash",9.0,1
2023-02-10,Metropolis,1000000,High Pollution,Influenza,"Fever, Cough, Fatigue",9.0,1
2023-07-02,Metropolis,1000000,High Pollution,Cholera,"Severe Diarrhea, Dehydration",9.0,1
2023-11-13,Star City,500000,Normal,COVID-19,"Fever, Dry Cough, Loss of Taste",13.0,1
2023-01-07,Gotham,800000,High Humidity,Cholera,"Severe Diarrhea, Dehydration",6.0,1
2023-07-09,Star City,500000,Normal,Cholera,"Severe Diarrhea, Dehydration",108.0,15
2023-01-12,Central City,1200000,Normal,Typhoid,"High Fever, Abdominal Pain, Weakness",8.0,0
2023-09-20,Metropolis,1000000,High Pollution,Typhoid,"High Fever, Abdominal Pain, Weakness",11.0,1
2023-06-01,Gotham,800000,High Humidity,Cholera,"Severe Diarrhea, Dehydration",6.0,0
2023-08-05,Central City,1200000,Normal,Typhoid,"High Fever, Abdominal Pain, Weakness",8.0,1
2023-01-22,Metropolis,1000000,High Pollution,Dengue,"High Fever, Joint Pain, Rash",11.0,2
2023-08-19,Star City,500000,Normal,Cholera,"Severe Diarrhea, Dehydration",7.0,1
2023-01-06,Coast City,600000,Coastal Weather,COVID-19,"Fever, Dry Cough, Loss of Taste",8.0,1
2023-08-01,Star City,500000,Normal,Cholera,"Severe Diarrhea, Dehydration",10.0,1
2023-03-02,Gotham,800000,High Humidity,COVID-19,"Fever, Dry Cough, Loss of Taste",6.0,1
2023-07-20,Central City,1200000,Normal,Dengue,"High Fever, Joint Pain, Rash",9.0,1
2023-08-12,Metropolis,1000000,High Pollution,Typhoid,"High Fever, Abdominal Pain, Weakness",84.0,7
2023-02-09,Metropolis,1000000,High Pollution,Influenza,"Fever, Cough, Fatigue",9.0,2
2023-09-05,Star City,500000,Normal,COVID-19,"Fever, Dry Cough, Loss of Taste",8.0,0
2023-09-20,Coast City,600000,Coastal Weather,Dengue,"High Fever, Joint Pain, Rash",7.0,0
2023-11-26,Star City,500000,Normal,Typhoid,"High Fever, Abdominal Pain, Weakness",12.0,0
2023-09-08,Star City,500000,Normal,COVID-19,"Fever, Dry Cough, Loss of Taste",6.0,0
2023-05-06,Central City,1200000,Normal,Dengue,"High Fever, Joint Pain, Rash",7.0,1
2023-05-23,Metropolis,1000000,High Pollution,Dengue,"High Fever, Joint Pain, Rash",70.0,7
2023-03-31,Metropolis,1000000,High Pollution,Typhoid,"High Fever, Abdominal Pain, Weakness",8.0,0
2023-07-18,Coast City,600000,Coastal Weather,Influenza,"Fever, Cough, Fatigue",7.0,0
2023-11-16,Metropolis,1000000,High Pollution,Typhoid,"High Fever, Abdominal Pain, Weakness",13.0,1
2023-09-29,Star City,500000,Normal,Dengue,"High Fever, Joint Pain, Rash",5.0,0
2023-03-20,Gotham,800000,High Humidity,COVID-19,"Fever, Dry Cough, Loss of Taste",8.0,0
2023-01-13,Metropolis,1000000,High Pollution,Typhoid,"High Fever, Abdominal Pain, Weakness",,0
2023-12-08,Gotham,800000,High Humidity,COVID-19,"Fever, Dry Cough, Loss of Taste",8.0,1
2023-11-08,Coast City,600000,Coastal Weather,Typhoid,"High Fever, Abdominal Pain, Weakness",14.0,1
2023-07-02,Star City,500000,Normal,Cholera,"Severe Diarrhea, Dehydration",13.0,2
2023-08-11,Central City,1200000,Normal,Typhoid,"High Fever, Abdominal Pain, Weakness",8.0,1
2023-06-07,Metropolis,1000000,High Pollution,Dengue,"High Fever, Joint Pain, Rash",8.0,1
2023-10-11,Gotham,800000,High Humidity,Typhoid,"High Fever, Abdominal Pain, Weakness",9.0,1
2023-01-13,Gotham,800000,High Humidity,Cholera,"Severe Diarrhea, Dehydration",9.0,0
2023-01-16,Metropolis,1000000,High Pollution,COVID-19,"Fever, Dry Cough, Loss of Taste",11.0,0
2023-07-23,Central City,1200000,Normal,COVID-19,"Fever, Dry Cough, Loss of Taste",10.0,2
2023-04-20,Star City,500000,Normal,Influenza,"Fever, Cough, Fatigue",6.0,1
2023-05-01,Star City,500000,Normal,COVID-19,"Fever, Dry Cough, Loss of Taste",13.0,0
2023-03-09,Coast City,600000,Coastal Weather,COVID-19,"Fever, Dry Cough, Loss of Taste",9.0,0
2023-01-16,Metropolis,1000000,High Pollution,Cholera,"Severe Diarrhea, Dehydration",9.0,0
2023-11-25,Metropolis,1000000,High Pollution,Typhoid,"High Fever, Abdominal Pain, Weakness",15.0,2
2023-09-12,Metropolis,1000000,High Pollution,Typhoid,"High Fever, Abdominal Pain, Weakness",13.0,1
2023-07-29,Star City,500000,Normal,Dengue,"High Fever, Joint Pain, Rash",10.0,0
2023-11-28,Star City,500000,Normal,Cholera,"Severe Diarrhea, Dehydration",100.0,11
2023-10-04,Coast City,600000,Coastal Weather,Cholera,"Severe Diarrhea, Dehydration",6.0,0
2023-08-26,Star City,500000,Normal,Cholera,"Severe Diarrhea, Dehydration",11.0,1
2023-10-06,Gotham,800000,High Humidity,Typhoid,"High Fever, Abdominal Pain, Weakness",90.0,25
2023-09-07,Central City,1200000,Normal,Influenza,"Fever, Cough, Fatigue",13.0,1
2023-12-22,Coast City,600000,Coastal Weather,Typhoid,"High Fever, Abdominal Pain, Weakness",9.0,1
2023-11-16,Star City,500000,Normal,Cholera,"Severe Diarrhea, Dehydration",9.0,1
2023-03-26,Coast City,600000,Coastal Weather,Influenza,"Fever, Cough, Fatigue",9.0,2
2023-02-13,Metropolis,1000000,High Pollution,Dengue,"High Fever, Joint Pain, Rash",11.0,2
2023-12-12,Metropolis,1000000,High Pollution,Dengue,"High Fever, Joint Pain, Rash",9.0,1
2023-06-25,Central City,1200000,Normal,Influenza,"Fever, Cough, Fatigue",6.0,1
2023-06-20,Coast City,600000,Coastal Weather,Influenza,"Fever, Cough, Fatigue",12.0,3
2023-12-18,Coast City,600000,Coastal Weather,COVID-19,"Fever, Dry Cough, Loss of Taste",8.0,1
2023-06-09,Gotham,800000,High Humidity,Dengue,"High Fever, Joint Pain, Rash",10.0,1
2023-03-28,Gotham,800000,High Humidity,Cholera,"Severe Diarrhea, Dehydration",11.0,1
2023-11-07,Coast City,600000,Coastal Weather,Influenza,"Fever, Cough, Fatigue",9.0,2
2023-03-27,Metropolis,1000000,High Pollution,Influenza,"Fever, Cough, Fatigue",11.0,2
2023-02-21,Gotham,800000,High Humidity,Dengue,"High Fever, Joint Pain, Rash",14.0,4
2023-05-29,Gotham,800000,High Humidity,Typhoid,"High Fever, Abdominal Pain, Weakness",13.0,3
2023-01-15,Central City,1200000,Normal,COVID-19,"Fever, Dry Cough, Loss of Taste",11.0,1
2023-02-17,Coast City,600000,Coastal Weather,Dengue,"High Fever, Joint Pain, Rash",190.0,23
2023-08-20,Gotham,800000,High Humidity,Influenza,"Fever, Cough, Fatigue",13.0,2
2023-03-05,Gotham,800000,High Humidity,Dengue,"High Fever, Joint Pain, Rash",,0
2023-08-31,Metropolis,1000000,High Pollution,Cholera,"Severe Diarrhea, Dehydration",12.0,3
2023-12-10,Gotham,800000,High Humidity,Cholera,"Severe Diarrhea, Dehydration",9.0,0
2023-01-03,Metropolis,1000000,High Pollution,Dengue,"High Fever, Joint Pain, Rash",13.0,0
2023-02-04,Coast City,600000,Coastal Weather,Cholera,"Severe Diarrhea, Dehydration",8.0,1
2023-01-15,Coast City,600000,Coastal Weather,Dengue,"High Fever, Joint Pain, Rash",10.0,0
2023-04-16,Metropolis,1000000,High Pollution,Dengue,"High Fever, Joint Pain, Rash",11.0,2
2023-03-20,Metropolis,1000000,High Pollution,Dengue,"High Fever, Joint Pain, Rash",7.0,1
2023-05-26,Metropolis,1000000,High Pollution,Typhoid,"High Fever, Abdominal Pain, Weakness",9.0,2
2023-08-11,Coast City,600000,Coastal Weather,Typhoid,"High Fever, Abdominal Pain, Weakness",11.0,2
2023-03-10,Gotham,800000,High Humidity,Typhoid,"High Fever, Abdominal Pain, Weakness",10.0,1
2023-09-28,Star City,500000,Normal,Dengue,"High Fever, Joint Pain, Rash",8.0,2
2023-03-17,Central City,1200000,Normal,Typhoid,"High Fever, Abdominal Pain, Weakness",7.0,0
2023-06-10,Central City,1200000,Normal,Cholera,"Severe Diarrhea, Dehydration",12.0,0
2023-10-29,Coast City,600000,Coastal Weather,Dengue,"High Fever, Joint Pain, Rash",10.0,2
2023-04-11,Gotham,800000,High Humidity,Typhoid,"High Fever, Abdominal Pain, Weakness",11.0,1
2023-03-10,Coast City,600000,Coastal Weather,Influenza,"Fever, Cough, Fatigue",11.0,1
2023-07-08,Central City,1200000,Normal,Dengue,"High Fever, Joint Pain, Rash",9.0,1
2023-07-01,Metropolis,1000000,High Pollution,Cholera,"Severe Diarrhea, Dehydration",54.0,11
2023-10-22,Central City,1200000,Normal,Influenza,"Fever, Cough, Fatigue",8.0,1
2023-11-06,Metropolis,1000000,High Pollution,Typhoid,"High Fever, Abdominal Pain, Weakness",10.0,1
2023-05-06,Metropolis,1000000,High Pollution,Influenza,"Fever, Cough, Fatigue",8.0,1
2023-12-20,Coast City,600000,Coastal Weather,Cholera,"Severe Diarrhea, Dehydration",13.0,3
2023-08-30,Coast City,600000,Coastal Weather,Dengue,"High Fever, Joint Pain, Rash",4.0,0
2023-12-03,Central City,1200000,Normal,Typhoid,"High Fever, Abdominal Pain, Weakness",9.0,0
2023-03-02,Coast City,600000,Coastal Weather,Influenza,"Fever, Cough, Fatigue",16.0,4
2023-07-08,Star City,500000,Normal,Influenza,"Fever, Cough, Fatigue",11.0,1
2023-01-15,Coast City,600000,Coastal Weather,COVID-19,"Fever, Dry Cough, Loss of Taste",8.0,1
2023-12-13,Coast City,600000,Coastal Weather,Influenza,"Fever, Cough, Fatigue",15.0,4
2023-07-17,Coast City,600000,Coastal Weather,Influenza,"Fever, Cough, Fatigue",12.0,2
2023-03-25,Gotham,800000,High Humidity,COVID-19,"Fever, Dry Cough, Loss of Taste",7.0,1
2023-06-25,Gotham,800000,High Humidity,Dengue,"High Fever, Joint Pain, Rash",14.0,1
2023-08-17,Metropolis,1000000,High Pollution,Dengue,"High Fever, Joint Pain, Rash",6.0,0
2023-08-04,Star City,500000,Normal,Influenza,"Fever, Cough, Fatigue",10.0,2
2023-04-17,Metropolis,1000000,High Pollution,Cholera,"Severe Diarrhea, Dehydration",10.0,1
2023-05-04,Coast City,600000,Coastal Weather,Dengue,"High Fever, Joint Pain, Rash",6.0,1
2023-06-21,Coast City,600000,Coastal Weather,Influenza,"Fever, Cough, Fatigue",9.0,0
2023-08-27,Central City,1200000,Normal,Influenza,"Fever, Cough, Fatigue",3.0,0
2023-10-28,Central City,1200000,Normal,Influenza,"Fever, Cough, Fatigue",7.0,1
2023-03-30,Coast City,600000,Coastal Weather,COVID-19,"Fever, Dry Cough, Loss of Taste",6.0,0
2023-09-04,Star City,500000,Normal,Dengue,"High Fever, Joint Pain, Rash",2.0,0
2023-07-26,Central City,1200000,Normal,Dengue,"High Fever, Joint Pain, Rash",9.0,2
2023-09-25,Central City,1200000,Normal,Cholera,"Severe Diarrhea, Dehydration",,0
2023-12-14,Coast City,600000,Coastal Weather,Typhoid,"High Fever, Abdominal Pain, Weakness",11.0,2
2023-11-15,Coast City,600000,Coastal Weather,COVID-19,"Fever, Dry Cough, Loss of Taste",10.0,1
2023-05-11,Gotham,800000,High Humidity,Influenza,"Fever, Cough, Fatigue",7.0,1
2023-05-11,Star City,500000,Normal,COVID-19,"Fever, Dry Cough, Loss of Taste",5.0,0
2023-11-02,Gotham,800000,High Humidity,Influenza,"Fever, Cough, Fatigue",16.0,3
2023-09-26,Metropolis,1000000,High Pollution,Dengue,"High Fever, Joint Pain, Rash",18.0,2
2023-12-14,Star City,500000,Normal,COVID-19,"Fever, Dry Cough, Loss of Taste",9.0,2
2023-07-07,Gotham,800000,High Humidity,COVID-19,"Fever, Dry Cough, Loss of Taste",12.0,1
2023-09-19,Central City,1200000,Normal,Cholera,"Severe Diarrhea, Dehydration",12.0,3
2023-01-23,Star City,500000,Normal,Cholera,"Severe Diarrhea, Dehydration",272.0,45
2023-01-20,Coast City,600000,Coastal Weather,Cholera,"Severe Diarrhea, Dehydration",10.0,1
2023-08-26,Gotham,800000,High Humidity,Cholera,"Severe Diarrhea, Dehydration",7.0,1
2023-10-20,Central City,1200000,Normal,Cholera,"Severe Diarrhea, Dehydration",13.0,1
2023-10-15,Coast City,600000,Coastal Weather,Dengue,"High Fever, Joint Pain, Rash",7.0,0
2023-05-02,Metropolis,1000000,High Pollution,Typhoid,"High Fever, Abdominal Pain, Weakness",14.0,1
2023-04-15,Star City,500000,Normal,COVID-19,"Fever, Dry Cough, Loss of Taste",11.0,1
2023-05-30,Gotham,800000,High Humidity,Dengue,"High Fever, Joint Pain, Rash",6.0,1
2023-11-16,Central City,1200000,Normal,Cholera,"Severe Diarrhea, Dehydration",9.0,2
2023-05-04,Star City,500000,Normal,Typhoid,"High Fever, Abdominal Pain, Weakness",12.0,2
2023-11-05,Central City,1200000,Normal,Influenza,"Fever, Cough, Fatigue",12.0,0
2023-01-15,Star City,500000,Normal,COVID-19,"Fever, Dry Cough, Loss of Taste",5.0,0
2023-02-04,Central City,1200000,Normal,COVID-19,"Fever, Dry Cough, Loss of Taste",7.0,0
2023-10-20,Metropolis,1000000,High Pollution,Typhoid,"High Fever, Abdominal Pain, Weakness",9.0,1
2023-12-18,Gotham,800000,High Humidity,Typhoid,"High Fever, Abdominal Pain, Weakness",6.0,1
2023-04-25,Metropolis,1000000,High Pollution,Dengue,"High Fever, Joint Pain, Rash",10.0,2
2023-12-23,Coast City,600000,Coastal Weather,Cholera,"Severe Diarrhea, Dehydration",17.0,2
2023-05-28,Coast City,600000,Coastal Weather,Dengue,"High Fever, Joint Pain, Rash",15.0,0
2023-03-28,Metropolis,1000000,High Pollution,Typhoid,"High Fever, Abdominal Pain, Weakness",13.0,0
2023-12-28,Central City,1200000,Normal,Cholera,"Severe Diarrhea, Dehydration",10.0,1
2023-03-15,Metropolis,1000000,High Pollution,Cholera,"Severe Diarrhea, Dehydration",18.0,2
2023-11-07,Star City,500000,Normal,Cholera,"Severe Diarrhea, Dehydration",9.0,0
2023-01-02,Star City,500000,Normal,COVID-19,"Fever, Dry Cough, Loss of Taste",6.0,1
2023-01-28,Central City,1200000,Normal,Typhoid,"High Fever, Abdominal Pain, Weakness",7.0,1
2023-03-11,Gotham,800000,High Humidity,Typhoid,"High Fever, Abdominal Pain, Weakness",10.0,0
2023-09-07,Star City,500000,Normal,Influenza,"Fever, Cough, Fatigue",9.0,2
2023-09-20,Coast City,600000,Coastal Weather,Influenza,"Fever, Cough, Fatigue",9.0,2
2023-01-13,Star City,500000,Normal,COVID-19,"Fever, Dry Cough, Loss of Taste",11.0,2
2023-10-22,Gotham,800000,High Humidity,Dengue,"High Fever, Joint Pain, Rash",10.0,0
2023-11-01,Star City,500000,Normal,Typhoid,"High Fever, Abdominal Pain, Weakness",20.0,5
2023-12-30,Metropolis,1000000,High Pollution,Typhoid,"High Fever, Abdominal Pain, Weakness",7.0,1
2023-12-31,Metropolis,1000000,High Pollution,Cholera,"Severe Diarrhea, Dehydration",3.0,0
2023-03-01,Metropolis,1000000,High Pollution,Influenza,"Fever, Cough, Fatigue",12.0,2
2023-10-04,Coast City,600000,Coastal Weather,COVID-19,"Fever, Dry Cough, Loss of Taste",14.0,1
2023-01-28,Metropolis,1000000,High Pollution,Influenza,"Fever, Cough, Fatigue",16.0,3
2023-09-10,Coast City,600000,Coastal Weather,COVID-19,"Fever, Dry Cough, Loss of Taste",8.0,0
2023-04-20,Metropolis,1000000,High Pollution,Influenza,"Fever, Cough, Fatigue",11.0,2
2023-09-21,Metropolis,1000000,High Pollution,Influenza,"Fever, Cough, Fatigue",10.0,2
2023-11-06,Central City,1200000,Normal,COVID-19,"Fever, Dry Cough, Loss of Taste",11.0,0
2023-09-29,Metropolis,1000000,High Pollution,Influenza,"Fever, Cough, Fatigue",4.0,1
2023-11-07,Star City,500000,Normal,Cholera,"Severe Diarrhea, Dehydration",10.0,2
2023-04-20,Coast City,600000,Coastal Weather,Dengue,"High Fever, Joint Pain, Rash",10.0,2
2023-05-16,Metropolis,1000000,High Pollution,Typhoid,"High Fever, Abdominal Pain, Weakness",13.0,2
2023-04-23,Coast City,600000,Coastal Weather,Cholera,"Severe Diarrhea, Dehydration",11.0,2
2023-02-13,Metropolis,1000000,High Pollution,Cholera,"Severe Diarrhea, Dehydration",9.0,0
2023-01-30,Metropolis,1000000,High Pollution,Cholera,"Severe Diarrhea, Dehydration",14.0,3
2023-10-30,Central City,1200000,Normal,Influenza,"Fever, Cough, Fatigue",6.0,1
2023-03-05,Gotham,800000,High Humidity,Typhoid,"High Fever, Abdominal Pain, Weakness",11.0,0
2023-04-10,Gotham,800000,High Humidity,COVID-19,"Fever, Dry Cough, Loss of Taste",11.0,2
2023-05-21,Central City,1200000,Normal,Typhoid,"High Fever, Abdominal Pain, Weakness",12.0,2
2023-09-19,Central City,1200000,Normal,Typhoid,"High Fever, Abdominal Pain, Weakness",12.0,1
2023-08-20,Star City,500000,Normal,COVID-19,"Fever, Dry Cough, Loss of Taste",9.0,0
2023-05-12,Star City,500000,Normal,Cholera,"Severe Diarrhea, Dehydration",14.0,1
2023-12-26,Gotham,800000,High Humidity,Influenza,"Fever, Cough, Fatigue",10.0,2
2023-08-06,Star City,500000,Normal,Typhoid,"High Fever, Abdominal Pain, Weakness",13.0,3
2023-08-14,Coast City,600000,Coastal Weather,Cholera,"Severe Diarrhea, Dehydration",8.0,1
2023-12-31,Metropolis,1000000,High Pollution,Cholera,"Severe Diarrhea, Dehydration",12.0,2
2023-11-09,Metropolis,1000000,High Pollution,Dengue,"High Fever, Joint Pain, Rash",7.0,1
2023-04-27,Star City,500000,Normal,Cholera,"Severe Diarrhea, Dehydration",10.0,1
2023-03-10,Central City,1200000,Normal,COVID-19,"Fever, Dry Cough, Loss of Taste",,0
2023-08-25,Coast City,600000,Coastal Weather,Dengue,"High Fever, Joint Pain, Rash",8.0,1
2023-04-02,Metropolis,1000000,High Pollution,Influenza,"Fever, Cough, Fatigue",12.0,1
2023-06-22,Metropolis,1000000,High Pollution,Dengue,"High Fever, Joint Pain, Rash",6.0,0
2023-08-12,Star City,500000,Normal,COVID-19,"Fever, Dry Cough, Loss of Taste",15.0,1
2023-05-15,Coast City,600000,Coastal Weather,COVID-19,"Fever, Dry Cough, Loss of Taste",54.0,8
2023-05-24,Central City,1200000,Normal,Influenza,"Fever, Cough, Fatigue",60.0,17
2023-05-01,Central City,1200000,Normal,Influenza,"Fever, Cough, Fatigue",17.0,3
2023-12-26,Central City,1200000,Normal,Cholera,"Severe Diarrhea, Dehydration",10.0,2
2023-05-27,Coast City,600000,Coastal Weather,Cholera,"Severe Diarrhea, Dehydration",45.0,4
2023-03-26,Gotham,800000,High Humidity,COVID-19,"Fever, Dry Cough, Loss of Taste",12.0,3
2023-05-25,Metropolis,1000000,High Pollution,Typhoid,"High Fever, Abdominal Pain, Weakness",5.0,1
2023-07-22,Gotham,800000,High Humidity,Typhoid,"High Fever, Abdominal Pain, Weakness",14.0,2
2023-12-08,Central City,1200000,Normal,Cholera,"Severe Diarrhea, Dehydration",9.0,1
2023-05-30,Central City,1200000,Normal,Dengue,"High Fever, Joint Pain, Rash",11.0,1
2023-11-11,Gotham,800000,High Humidity,Influenza,"Fever, Cough, Fatigue",10.0,2
2023-05-28,Gotham,800000,High Humidity,COVID-19,"Fever, Dry Cough, Loss of Taste",11.0,2
2023-07-16,Coast City,600000,Coastal Weather,Influenza,"Fever, Cough, Fatigue",15.0,1
2023-04-10,Metropolis,1000000,High Pollution,Dengue,"High Fever, Joint Pain, Rash",10.0,2
2023-02-07,Metropolis,1000000,High Pollution,Cholera,"Severe Diarrhea, Dehydration",16.0,3
2023-01-11,Metropolis,1000000,High Pollution,Influenza,"Fever, Cough, Fatigue",12.0,3
2023-08-03,Central City,1200000,Normal,COVID-19,"Fever, Dry Cough, Loss of Taste",12.0,1
2023-03-29,Central City,1200000,Normal,Typhoid,"High Fever, Abdominal Pain, Weakness",8.0,1
2023-09-16,Gotham,800000,High Humidity,Typhoid,"High Fever, Abdominal Pain, Weakness",11.0,2
2023-09-19,Central City,1200000,Normal,Cholera,"Severe Diarrhea, Dehydration",8.0,1
2023-12-06,Central City,1200000,Normal,Influenza,"Fever, Cough, Fatigue",8.0,1
2023-09-18,Metropolis,1000000,High Pollution,Typhoid,"High Fever, Abdominal Pain, Weakness",15.0,1
2023-10-14,Central City,1200000,Normal,Typhoid,"High Fever, Abdominal Pain, Weakness",95.0,9
2023-02-17,Coast City,600000,Coastal Weather,Cholera,"Severe Diarrhea, Dehydration",14.0,1
2023-07-22,Coast City,600000,Coastal Weather,Dengue,"High Fever, Joint Pain, Rash",7.0,0
2023-04-16,Gotham,800000,High Humidity,COVID-19,"Fever, Dry Cough, Loss of Taste",10.0,0
2023-11-28,Metropolis,1000000,High Pollution,Typhoid,"High Fever, Abdominal Pain, Weakness",13.0,3
2023-03-13,Gotham,800000,High Humidity,Influenza,"Fever, Cough, Fatigue",6.0,0
2023-11-16,Star City,500000,Normal,Cholera,"Severe Diarrhea, Dehydration",10.0,1
2023-05-30,Star City,500000,Normal,COVID-19,"Fever, Dry Cough, Loss of Taste",6.0,1
2023-11-27,Coast City,600000,Coastal Weather,Dengue,"High Fever, Joint Pain, Rash",10.0,0
2023-12-23,Central City,1200000,Normal,Typhoid,"High Fever, Abdominal Pain, Weakness",10.0,1
2023-12-08,Gotham,800000,High Humidity,Dengue,"High Fever, Joint Pain, Rash",9.0,1
2023-11-08,Central City,1200000,Normal,Influenza,"Fever, Cough, Fatigue",10.0,1
2023-11-27,Metropolis,1000000,High Pollution,Cholera,"Severe Diarrhea, Dehydration",55.0,3
2023-10-18,Metropolis,1000000,High Pollution,Typhoid,"High Fever, Abdominal Pain, Weakness",12.0,2
2023-02-10,Metropolis,1000000,High Pollution,Dengue,"High Fever, Joint Pain, Rash",,0
2023-04-08,Gotham,800000,High Humidity,Typhoid,"High Fever, Abdominal Pain, Weakness",11.0,2
2023-12-16,Star City,500000,Normal,Dengue,"High Fever, Joint Pain, Rash",5.0,1
2023-07-13,Coast City,600000,Coastal Weather,Influenza,"Fever, Cough, Fatigue",117.0,18
2023-02-23,Gotham,800000,High Humidity,Cholera,"Severe Diarrhea, Dehydration",5.0,0
2023-05-27,Metropolis,1000000,High Pollution,COVID-19,"Fever, Dry Cough, Loss of Taste",11.0,2
2023-10-30,Star City,500000,Normal,COVID-19,"Fever, Dry Cough, Loss of Taste",4.0,1
2023-11-18,Gotham,800000,High Humidity,Dengue,"High Fever, Joint Pain, Rash",8.0,2
2023-10-25,Coast City,600000,Coastal Weather,Influenza,"Fever, Cough, Fatigue",10.0,1
2023-02-07,Central City,1200000,Normal,Typhoid,"High Fever, Abdominal Pain, Weakness",9.0,1
2023-11-09,Star City,500000,Normal,COVID-19,"Fever, Dry Cough, Loss of Taste",10.0,2
2023-03-24,Metropolis,1000000,High Pollution,Dengue,"High Fever, Joint Pain, Rash",70.0,16
2023-05-09,Star City,500000,Normal,Cholera,"Severe Diarrhea, Dehydration",187.0,35
2023-09-22,Star City,500000,Normal,Cholera,"Severe Diarrhea, Dehydration",14.0,0
2023-02-25,Coast City,600000,Coastal Weather,COVID-19,"Fever, Dry Cough, Loss of Taste",11.0,3
2023-07-28,Coast City,600000,Coastal Weather,Influenza,"Fever, Cough, Fatigue",14.0,1
2023-11-05,Star City,500000,Normal,Dengue,"High Fever, Joint Pain, Rash",4.0,0
2023-09-12,Star City,500000,Normal,Dengue,"High Fever, Joint Pain, Rash",8.0,1
2023-11-20,Star City,500000,Normal,Dengue,"High Fever, Joint Pain, Rash",7.0,0
2023-08-10,Star City,500000,Normal,COVID-19,"Fever, Dry Cough, Loss of Taste",11.0,1
2023-08-30,Star City,500000,Normal,COVID-19,"Fever, Dry Cough, Loss of Taste",9.0,2
2023-11-02,Metropolis,1000000,High Pollution,Dengue,"High Fever, Joint Pain, Rash",5.0,0
2023-08-11,Metropolis,1000000,High Pollution,Influenza,"Fever, Cough, Fatigue",6.0,0
2023-10-30,Central City,1200000,Normal,Dengue,"High Fever, Joint Pain, Rash",12.0,1
2023-03-08,Coast City,600000,Coastal Weather,Dengue,"High Fever, Joint Pain, Rash",10.0,1
2023-04-23,Metropolis,1000000,High Pollution,Dengue,"High Fever, Joint Pain, Rash",2.0,0
2023-11-28,Metropolis,1000000,High Pollution,Influenza,"Fever, Cough, Fatigue",13.0,2
2023-08-03,Star City,500000,Normal,Influenza,"Fever, Cough, Fatigue",13.0,1
2023-12-17,Gotham,800000,High Humidity,Cholera,"Severe Diarrhea, Dehydration",15.0,1
2023-07-13,Coast City,600000,Coastal Weather,Influenza,"Fever, Cough, Fatigue",11.0,3
2023-08-05,Metropolis,1000000,High Pollution,Influenza,"Fever, Cough, Fatigue",10.0,1
2023-09-04,Gotham,800000,High Humidity,COVID-19,"Fever, Dry Cough, Loss of Taste",18.0,5
2023-04-13,Metropolis,1000000,High Pollution,Cholera,"Severe Diarrhea, Dehydration",8.0,0
2023-07-27,Metropolis,1000000,High Pollution,Influenza,"Fever, Cough, Fatigue",8.0,0
2023-03-23,Metropolis,1000000,High Pollution,Dengue,"High Fever, Joint Pain, Rash",14.0,1
2023-12-21,Metropolis,1000000,High Pollution,Typhoid,"High Fever, Abdominal Pain, Weakness",4.0,1
2023-05-10,Coast City,600000,Coastal Weather,COVID-19,"Fever, Dry Cough, Loss of Taste",14.0,3
2023-10-06,Coast City,600000,Coastal Weather,Influenza,"Fever, Cough, Fatigue",8.0,1
2023-02-27,Star City,500000,Normal,COVID-19,"Fever, Dry Cough, Loss of Taste",9.0,2
2023-11-18,Central City,1200000,Normal,Dengue,"High Fever, Joint Pain, Rash",6.0,0
2023-09-02,Central City,1200000,Normal,Influenza,"Fever, Cough, Fatigue",7.0,1
2023-09-04,Metropolis,1000000,High Pollution,Typhoid,"High Fever, Abdominal Pain, Weakness",16.0,4
2023-09-27,Coast City,600000,Coastal Weather,Dengue,"High Fever, Joint Pain, Rash",10.0,2
2023-06-21,Metropolis,1000000,High Pollution,Cholera,"Severe Diarrhea, Dehydration",5.0,0
2023-05-02,Coast City,600000,Coastal Weather,Typhoid,"High Fever, Abdominal Pain, Weakness",13.0,3
2023-03-04,Gotham,800000,High Humidity,Dengue,"High Fever, Joint Pain, Rash",14.0,2
2023-10-01,Metropolis,1000000,High Pollution,Typhoid,"High Fever, Abdominal Pain, Weakness",11.0,2
2023-11-22,Metropolis,1000000,High Pollution,COVID-19,"Fever, Dry Cough, Loss of Taste",10.0,2
2023-12-25,Gotham,800000,High Humidity,Cholera,"Severe Diarrhea, Dehydration",12.0,0
2023-02-24,Central City,1200000,Normal,Typhoid,"High Fever, Abdominal Pain, Weakness",15.0,4
2023-07-26,Metropolis,1000000,High Pollution,Dengue,"High Fever, Joint Pain, Rash",14.0,2
2023-08-17,Coast City,600000,Coastal Weather,Influenza,"Fever, Cough, Fatigue",11.0,2
2023-07-04,Metropolis,1000000,High Pollution,Typhoid,"High Fever, Abdominal Pain, Weakness",7.0,0
2023-08-10,Star City,500000,Normal,Influenza,"Fever, Cough, Fatigue",8.0,1
2023-09-18,Gotham,800000,High Humidity,Cholera,"Severe Diarrhea, Dehydration",14.0,2
2023-04-03,Gotham,800000,High Humidity,Dengue,"High Fever, Joint Pain, Rash",11.0,1
2023-01-25,Star City,500000,Normal,Influenza,"Fever, Cough, Fatigue",180.0,45
2023-12-23,Gotham,800000,High Humidity,Dengue,"High Fever, Joint Pain, Rash",12.0,2
2023-04-08,Star City,500000,Normal,Dengue,"High Fever, Joint Pain, Rash",9.0,2
2023-06-25,Gotham,800000,High Humidity,COVID-19,"Fever, Dry Cough, Loss of Taste",12.0,1
2023-03-05,Star City,500000,Normal,COVID-19,"Fever, Dry Cough, Loss of Taste",6.0,1
2023-11-16,Gotham,800000,High Humidity,Cholera,"Severe Diarrhea, Dehydration",13.0,3
2023-01-06,Star City,500000,Normal,Cholera,"Severe Diarrhea, Dehydration",6.0,0
2023-01-06,Gotham,800000,High Humidity,Typhoid,"High Fever, Abdominal Pain, Weakness",8.0,1
2023-03-01,Star City,500000,Normal,COVID-19,"Fever, Dry Cough, Loss of Taste",8.0,0
2023-11-15,Metropolis,1000000,High Pollution,Influenza,"Fever, Cough, Fatigue",8.0,1
2023-08-29,Metropolis,1000000,High Pollution,Typhoid,"High Fever, Abdominal Pain, Weakness",6.0,0
2023-12-27,Star City,500000,Normal,COVID-19,"Fever, Dry Cough, Loss of Taste",11.0,3
2023-10-09,Central City,1200000,Normal,Influenza,"Fever, Cough, Fatigue",128.0,26
2023-05-29,Central City,1200000,Normal,Typhoid,"High Fever, Abdominal Pain, Weakness",13.0,2
2023-05-24,Coast City,600000,Coastal Weather,Dengue,"High Fever, Joint Pain, Rash",8.0,1
2023-04-19,Gotham,800000,High Humidity,Cholera,"Severe Diarrhea, Dehydration",6.0,0
2023-04-12,Metropolis,1000000,High Pollution,Cholera,"Severe Diarrhea, Dehydration",10.0,1
2023-02-10,Star City,500000,Normal,Influenza,"Fever, Cough, Fatigue",9.0,1
2023-11-24,Metropolis,1000000,High Pollution,Cholera,"Severe Diarrhea, Dehydration",8.0,0
2023-12-23,Central City,1200000,Normal,Dengue,"High Fever, Joint Pain, Rash",13.0,1
2023-08-11,Metropolis,1000000,High Pollution,Cholera,"Severe Diarrhea, Dehydration",10.0,0
2023-08-20,Metropolis,1000000,High Pollution,Cholera,"Severe Diarrhea, Dehydration",13.0,2
2023-04-01,Gotham,800000,High Humidity,COVID-19,"Fever, Dry Cough, Loss of Taste",9.0,1
2023-09-20,Star City,500000,Normal,Dengue,"High Fever, Joint Pain, Rash",9.0,2
2023-03-22,Gotham,800000,High Humidity,Dengue,"High Fever, Joint Pain, Rash",9.0,0
2023-05-25,Star City,500000,Normal,Dengue,"High Fever, Joint Pain, Rash",4.0,0
2023-03-12,Gotham,800000,High Humidity,Influenza,"Fever, Cough, Fatigue",13.0,2
2023-12-31,Star City,500000,Normal,Cholera,"Severe Diarrhea, Dehydration",10.0,1
2023-10-03,Star City,500000,Normal,Typhoid,"High Fever, Abdominal Pain, Weakness",9.0,1
2023-08-15,Gotham,800000,High Humidity,Typhoid,"High Fever, Abdominal Pain, Weakness",8.0,1
2023-05-06,Gotham,800000,High Humidity,Typhoid,"High Fever, Abdominal Pain, Weakness",12.0,1
2023-09-14,Gotham,800000,High Humidity,Cholera,"Severe Diarrhea, Dehydration",6.0,1
2023-07-13,Central City,1200000,Normal,Typhoid,"High Fever, Abdominal Pain, Weakness",11.0,1
08/01/2023,Gotham,800000,High Humidity,Cholera,"Severe Diarrhea, Dehydration",8.0,0
2023-10-01,Metropolis,1000000,High Pollution,Typhoid,"High Fever, Abdominal Pain, Weakness",11.0,1
2023-05-24,Metropolis,1000000,High Pollution,Cholera,"Severe Diarrhea, Dehydration",6.0,0
2023-08-16,Star City,500000,Normal,Cholera,"Severe Diarrhea, Dehydration",7.0,0
2023-09-01,Gotham,800000,High Humidity,Dengue,"High Fever, Joint Pain, Rash",8.0,0
2023-10-14,Gotham,800000,High Humidity,COVID-19,"Fever, Dry Cough, Loss of Taste",14.0,3
2023-06-26,Metropolis,1000000,High Pollution,Typhoid,"High Fever, Abdominal Pain, Weakness",17.0,3
2023-09-02,Central City,1200000,Normal,Dengue,"High Fever, Joint Pain, Rash",130.0,31
2023-06-16,Gotham,800000,High Humidity,Cholera,"Severe Diarrhea, Dehydration",8.0,1
2023-08-14,Central City,1200000,Normal,Cholera,"Severe Diarrhea, Dehydration",12.0,3
2023-12-04,Metropolis,1000000,High Pollution,Influenza,"Fever, Cough, Fatigue",6.0,1
2023-08-15,Star City,500000,Normal,Cholera,"Severe Diarrhea, Dehydration",13.0,3
2023-11-24,Coast City,600000,Coastal Weather,Typhoid,"High Fever, Abdominal Pain, Weakness",6.0,1
2023-03-14,Metropolis,1000000,High Pollution,Cholera,"Severe Diarrhea, Dehydration",17.0,3
2023-10-06,Coast City,600000,Coastal Weather,Dengue,"High Fever, Joint Pain, Rash",,0
2023-02-14,Coast City,600000,Coastal Weather,Dengue,"High Fever, Joint Pain, Rash",14.0,0
2023-09-05,Metropolis,1000000,High Pollution,Cholera,"Severe Diarrhea, Dehydration",9.0,1
2023-11-18,Central City,1200000,Normal,Cholera,"Severe Diarrhea, Dehydration",8.0,1
2023-04-19,Coast City,600000,Coastal Weather,Cholera,"Severe Diarrhea, Dehydration",126.0,37
2023-06-18,Star City,500000,Normal,Dengue,"High Fever, Joint Pain, Rash",14.0,2
2023-02-04,Star City,500000,Normal,COVID-19,"Fever, Dry Cough, Loss of Taste",9.0,2
2023-09-25,Metropolis,1000000,High Pollution,Influenza,"Fever, Cough, Fatigue",7.0,1
2023-08-11,Metropolis,1000000,High Pollution,COVID-19,"Fever, Dry Cough, Loss of Taste",10.0,1
2023-04-11,Central City,1200000,Normal,Dengue,"High Fever, Joint Pain, Rash",13.0,0
2023-06-19,Gotham,800000,High Humidity,Cholera,"Severe Diarrhea, Dehydration",9.0,2
2023-01-16,Gotham,800000,High Humidity,COVID-19,"Fever, Dry Cough, Loss of Taste",10.0,0
2023-07-11,Coast City,600000,Coastal Weather,COVID-19,"Fever, Dry Cough, Loss of Taste",10.0,1
2023-07-31,Metropolis,1000000,High Pollution,Dengue,"High Fever, Joint Pain, Rash",9.0,1
2023-11-25,Coast City,600000,Coastal Weather,COVID-19,"Fever, Dry Cough, Loss of Taste",10.0,0
2023-10-10,Coast City,600000,Coastal Weather,COVID-19,"Fever, Dry Cough, Loss of Taste",11.0,0
2023-04-30,Coast City,600000,Coastal Weather,Typhoid,"High Fever, Abdominal Pain, Weakness",9.0,1
2023-09-12,Star City,500000,Normal,Typhoid,"High Fever, Abdominal Pain, Weakness",8.0,1
2023-07-04,Central City,1200000,Normal,Dengue,"High Fever, Joint Pain, Rash",11.0,0
2023-06-02,Central City,1200000,Normal,Influenza,"Fever, Cough, Fatigue",14.0,3
2023-07-07,Star City,500000,Normal,Typhoid,"High Fever, Abdominal Pain, Weakness",12.0,0
2023-07-01,Gotham,800000,High Humidity,Influenza,"Fever, Cough, Fatigue",7.0,0
2023-03-16,Metropolis,1000000,High Pollution,Typhoid,"High Fever, Abdominal Pain, Weakness",11.0,1
2023-01-02,Gotham,800000,High Humidity,COVID-19,"Fever, Dry Cough, Loss of Taste",9.0,0
2023-03-30,Coast City,600000,Coastal Weather,COVID-19,"Fever, Dry Cough, Loss of Taste",6.0,0
2023-06-05,Central City,1200000,Normal,Dengue,"High Fever, Joint Pain, Rash",9.0,1
2023-09-15,Metropolis,1000000,High Pollution,Cholera,"Severe Diarrhea, Dehydration",10.0,2
2023-10-18,Star City,500000,Normal,Typhoid,"High Fever, Abdominal Pain, Weakness",12.0,3
2023-10-15,Star City,500000,Normal,Cholera,"Severe Diarrhea, Dehydration",10.0,1
2023-06-05,Coast City,600000,Coastal Weather,Influenza,"Fever, Cough, Fatigue",12.0,2
28/12/2023,Gotham,800000,High Humidity,Typhoid,"High Fever, Abdominal Pain, Weakness",9.0,2
2023-04-30,Metropolis,1000000,High Pollution,Cholera,"Severe Diarrhea, Dehydration",8.0,1
2023-10-06,Central City,1200000,Normal,Influenza,"Fever, Cough, Fatigue",11.0,1
2023-03-06,Metropolis,1000000,High Pollution,Dengue,"High Fever, Joint Pain, Rash",9.0,1
2023-07-14,Metropolis,1000000,High Pollution,Dengue,"High Fever, Joint Pain, Rash",6.0,0
2023-07-05,Metropolis,1000000,High Pollution,Typhoid,"High Fever, Abdominal Pain, Weakness",6.0,1
2023-04-24,Coast City,600000,Coastal Weather,Cholera,"Severe Diarrhea, Dehydration",3.0,0
2023-04-07,Star City,500000,Normal,Cholera,"Severe Diarrhea, Dehydration",13.0,2
2023-05-11,Gotham,800000,High Humidity,Dengue,"High Fever, Joint Pain, Rash",108.0,16
2023-11-08,Metropolis,1000000,High Pollution,Typhoid,"High Fever, Abdominal Pain, Weakness",13.0,3
2023-05-04,Metropolis,1000000,High Pollution,Influenza,"Fever, Cough, Fatigue",96.0,10
2023-06-30,Metropolis,1000000,High Pollution,Cholera,"Severe Diarrhea, Dehydration",10.0,2
2023-10-28,Metropolis,1000000,High Pollution,Cholera,"Severe Diarrhea, Dehydration",12.0,3
2023-04-14,Gotham,800000,High Humidity,Typhoid,"High Fever, Abdominal Pain, Weakness",11.0,1
2023-09-05,Central City,1200000,Normal,Influenza,"Fever, Cough, Fatigue",12.0,1
2023-08-12,Star City,500000,Normal,Cholera,"Severe Diarrhea, Dehydration",16.0,3
2023-11-25,Star City,500000,Normal,Dengue,"High Fever, Joint Pain, Rash",10.0,0
02/09/2023,Star City,500000,Normal,Typhoid,"High Fever, Abdominal Pain, Weakness",13.0,3
2023-03-15,Central City,1200000,Normal,Influenza,"Fever, Cough, Fatigue",9.0,0
2023-11-12,Star City,500000,Normal,Cholera,"Severe Diarrhea, Dehydration",8.0,1
2023-01-29,Star City,500000,Normal,Influenza,"Fever, Cough, Fatigue",13.0,3
2023-05-16,Central City,1200000,Normal,COVID-19,"Fever, Dry Cough, Loss of Taste",4.0,0
2023-09-23,Coast City,600000,Coastal Weather,Typhoid,"High Fever, Abdominal Pain, Weakness",10.0,1
2023-06-03,Metropolis,1000000,High Pollution,Influenza,"Fever, Cough, Fatigue",4.0,0
2023-08-14,Gotham,800000,High Humidity,Influenza,"Fever, Cough, Fatigue",12.0,3
2023-08-12,Star City,500000,Normal,Dengue,"High Fever, Joint Pain, Rash",9.0,1
2023-04-26,Metropolis,1000000,High Pollution,COVID-19,"Fever, Dry Cough, Loss of Taste",13.0,1
2023-03-04,Gotham,800000,High Humidity,Dengue,"High Fever, Joint Pain, Rash",13.0,1
2023-06-17,Metropolis,1000000,High Pollution,COVID-19,"Fever, Dry Cough, Loss of Taste",12.0,1
2023-06-06,Gotham,800000,High Humidity,Dengue,"High Fever, Joint Pain, Rash",9.0,1
2023-04-28,Metropolis,1000000,High Pollution,Dengue,"High Fever, Joint Pain, Rash",12.0,2
2023-01-20,Star City,500000,Normal,Influenza,"Fever, Cough, Fatigue",12.0,1
2023-08-04,Central City,1200000,Normal,Dengue,"High Fever, Joint Pain, Rash",45.0,5
22/04/2023,Gotham,800000,High Humidity,Cholera,"Severe Diarrhea, Dehydration",13.0,3
2023-09-28,Coast City,600000,Coastal Weather,Typhoid,"High Fever, Abdominal Pain, Weakness",14.0,3
2023-11-22,Metropolis,1000000,High Pollution,Cholera,"Severe Diarrhea, Dehydration",6.0,0
2023-01-30,Star City,500000,Normal,Influenza,"Fever, Cough, Fatigue",9.0,0
2023-07-15,Central City,1200000,Normal,Influenza,"Fever, Cough, Fatigue",13.0,2
2023-08-19,Metropolis,1000000,High Pollution,Typhoid,"High Fever, Abdominal Pain, Weakness",11.0,1
2023-12-10,Metropolis,1000000,High Pollution,Cholera,"Severe Diarrhea, Dehydration",8.0,0
2023-09-11,Metropolis,1000000,High Pollution,Influenza,"Fever, Cough, Fatigue",11.0,2
2023-03-26,Metropolis,1000000,High Pollution,Typhoid,"High Fever, Abdominal Pain, Weakness",10.0,1
2023-11-30,Coast City,600000,Coastal Weather,COVID-19,"Fever, Dry Cough, Loss of Taste",14.0,1
2023-05-31,Star City,500000,Normal,COVID-19,"Fever, Dry Cough, Loss of Taste",13.0,1
2023-12-29,Coast City,600000,Coastal Weather,Influenza,"Fever, Cough, Fatigue",,0
2023-12-03,Star City,500000,Normal,Cholera,"Severe Diarrhea, Dehydration",14.0,3
2023-12-19,Gotham,800000,High Humidity,Influenza,"Fever, Cough, Fatigue",12.0,2
2023-05-27,Metropolis,1000000,High Pollution,Cholera,"Severe Diarrhea, Dehydration",12.0,1
2023-02-19,Central City,1200000,Normal,Influenza,"Fever, Cough, Fatigue",15.0,4
2023-03-16,Metropolis,1000000,High Pollution,Cholera,"Severe Diarrhea, Dehydration",11.0,2
2023-06-04,Coast City,600000,Coastal Weather,Dengue,"High Fever, Joint Pain, Rash",11.0,2
2023-09-24,Metropolis,1000000,High Pollution,Cholera,"Severe Diarrhea, Dehydration",10.0,1
2023-11-05,Coast City,600000,Coastal Weather,Influenza,"Fever, Cough, Fatigue",7.0,0
2023-02-17,Coast City,600000,Coastal Weather,Dengue,"High Fever, Joint Pain, Rash",11.0,1
2023-11-12,Gotham,800000,High Humidity,Cholera,"Severe Diarrhea, Dehydration",10.0,1
2023-06-04,Gotham,800000,High Humidity,Cholera,"Severe Diarrhea, Dehydration",11.0,2
2023-03-29,Metropolis,1000000,High Pollution,Typhoid,"High Fever, Abdominal Pain, Weakness",10.0,0
2023-11-24,Coast City,600000,Coastal Weather,Cholera,"Severe Diarrhea, Dehydration",5.0,0
2023-07-13,Central City,1200000,Normal,Cholera,"Severe Diarrhea, Dehydration",13.0,1
2023-04-04,Gotham,800000,High Humidity,Cholera,"Severe Diarrhea, Dehydration",11.0,1
2023-05-09,Star City,500000,Normal,Dengue,"High Fever, Joint Pain, Rash",14.0,0
2023-02-18,Star City,500000,Normal,Dengue,"High Fever, Joint Pain, Rash",7.0,1
2023-11-28,Gotham,800000,High Humidity,Influenza,"Fever, Cough, Fatigue",10.0,2
2023-01-24,Central City,1200000,Normal,COVID-19,"Fever, Dry Cough, Loss of Taste",14.0,3
2023-07-23,Central City,1200000,Normal,Influenza,"Fever, Cough, Fatigue",11.0,1
2023-04-01,Gotham,800000,High Humidity,Dengue,"High Fever, Joint Pain, Rash",6.0,0
2023-08-02,Central City,1200000,Normal,Typhoid,"High Fever, Abdominal Pain, Weakness",9.0,2
2023-11-13,Star City,500000,Normal,COVID-19,"Fever, Dry Cough, Loss of Taste",14.0,2
2023-10-23,Metropolis,1000000,High Pollution,Dengue,"High Fever, Joint Pain, Rash",13.0,1
2023-01-02,Central City,1200000,Normal,Cholera,"Severe Diarrhea, Dehydration",15.0,3
2023-03-14,Central City,1200000,Normal,Influenza,"Fever, Cough, Fatigue",80.0,9
2023-04-24,Star City,500000,Normal,COVID-19,"Fever, Dry Cough, Loss of Taste",,0
2023-01-09,Star City,500000,Normal,COVID-19,"Fever, Dry Cough, Loss of Taste",9.0,1
2023-12-18,Central City,1200000,Normal,Cholera,"Severe Diarrhea, Dehydration",7.0,1
2023-09-21,Star City,500000,Normal,Influenza,"Fever, Cough, Fatigue",19.0,3
2023-05-06,Coast City,600000,Coastal Weather,Cholera,"Severe Diarrhea, Dehydration",6.0,1
2023-11-30,Star City,500000,Normal,Influenza,"Fever, Cough, Fatigue",10.0,1
2023-11-06,Metropolis,1000000,High Pollution,Dengue,"High Fever, Joint Pain, Rash",16.0,0
2023-05-23,Star City,500000,Normal,Typhoid,"High Fever, Abdominal Pain, Weakness",9.0,2
2023-07-20,Coast City,600000,Coastal Weather,Typhoid,"High Fever, Abdominal Pain, Weakness",12.0,2
2023-11-06,Central City,1200000,Normal,Dengue,"High Fever, Joint Pain, Rash",8.0,0
2023-10-31,Star City,500000,Normal,Influenza,"Fever, Cough, Fatigue",100.0,13
2023-03-18,Gotham,800000,High Humidity,Typhoid,"High Fever, Abdominal Pain, Weakness",21.0,4
2023-06-12,Coast City,600000,Coastal Weather,Cholera,"Severe Diarrhea, Dehydration",9.0,0
2023-11-25,Gotham,800000,High Humidity,COVID-19,"Fever, Dry Cough, Loss of Taste",8.0,2
2023-01-03,Gotham,800000,High Humidity,Cholera,"Severe Diarrhea, Dehydration",8.0,0
2023-10-09,Coast City,600000,Coastal Weather,COVID-19,"Fever, Dry Cough, Loss of Taste",13.0,1
2023-01-05,Coast City,600000,Coastal Weather,Dengue,"High Fever, Joint Pain, Rash",10.0,2
2023-02-05,Star City,500000,Normal,Influenza,"Fever, Cough, Fatigue",7.0,1
2023-11-03,Metropolis,1000000,High Pollution,Typhoid,"High Fever, Abdominal Pain, Weakness",11.0,3
2023-03-18,Star City,500000,Normal,COVID-19,"Fever, Dry Cough, Loss of Taste",10.0,2
2023-03-24,Star City,500000,Normal,Typhoid,"High Fever, Abdominal Pain, Weakness",8.0,1
2023-10-16,Coast City,600000,Coastal Weather,Cholera,"Severe Diarrhea, Dehydration",13.0,1
2023-04-22,Gotham,800000,High Humidity,COVID-19,"Fever, Dry Cough, Loss of Taste",9.0,2
2023-06-26,Central City,1200000,Normal,Influenza,"Fever, Cough, Fatigue",8.0,2
2023-08-21,Central City,1200000,Normal,Typhoid,"High Fever, Abdominal Pain, Weakness",7.0,1
2023-08-23,Central City,1200000,Normal,Influenza,"Fever, Cough, Fatigue",6.0,0
2023-05-02,Metropolis,1000000,High Pollution,Influenza,"Fever, Cough, Fatigue",8.0,1
2023-11-22,Coast City,600000,Coastal Weather,Dengue,"High Fever, Joint Pain, Rash",11.0,1
2023-02-28,Central City,1200000,Normal,Cholera,"Severe Diarrhea, Dehydration",10.0,2
2023-12-17,Gotham,800000,High Humidity,Cholera,"Severe Diarrhea, Dehydration",7.0,1
2023-08-15,Coast City,600000,Coastal Weather,Typhoid,"High Fever, Abdominal Pain, Weakness",9.0,2
2023-09-25,Coast City,600000,Coastal Weather,Typhoid,"High Fever, Abdominal Pain, Weakness",11.0,1
23/03/2023,Coast City,600000,Coastal Weather,Dengue,"High Fever, Joint Pain, Rash",9.0,1
2023-07-31,Central City,1200000,Normal,Typhoid,"High Fever, Abdominal Pain, Weakness",15.0,2
2023-05-31,Metropolis,1000000,High Pollution,Typhoid,"High Fever, Abdominal Pain, Weakness",12.0,2
2023-07-27,Central City,1200000,Normal,Dengue,"High Fever, Joint Pain, Rash",8.0,2
2023-04-02,Gotham,800000,High Humidity,Typhoid,"High Fever, Abdominal Pain, Weakness",19.0,4
2023-09-05,Metropolis,1000000,High Pollution,Typhoid,"High Fever, Abdominal Pain, Weakness",7.0,1
2023-07-21,Central City,1200000,Normal,Cholera,"Severe Diarrhea, Dehydration",11.0,0
2023-12-15,Gotham,800000,High Humidity,Influenza,"Fever, Cough, Fatigue",10.0,1
2023-03-27,Coast City,600000,Coastal Weather,Dengue,"High Fever, Joint Pain, Rash",6.0,1
2023-08-03,Metropolis,1000000,High Pollution,Typhoid,"High Fever, Abdominal Pain, Weakness",13.0,3
2023-10-07,Metropolis,1000000,High Pollution,Dengue,"High Fever, Joint Pain, Rash",7.0,1
2023-05-31,Coast City,600000,Coastal Weather,COVID-19,"Fever, Dry Cough, Loss of Taste",5.0,1
2023-07-23,Gotham,800000,High Humidity,Dengue,"High Fever, Joint Pain, Rash",17.0,3
2023-11-09,Coast City,600000,Coastal Weather,Dengue,"High Fever, Joint Pain, Rash",11.0,2
2023-12-23,Coast City,600000,Coastal Weather,Influenza,"Fever, Cough, Fatigue",17.0,3
2023-12-01,Star City,500000,Normal,Influenza,"Fever, Cough, Fatigue",6.0,1
2023-12-03,Gotham,800000,High Humidity,COVID-19,"Fever, Dry Cough, Loss of Taste",6.0,0
2023-11-25,Central City,1200000,Normal,Typhoid,"High Fever, Abdominal Pain, Weakness",15.0,3
2023-06-25,Metropolis,1000000,High Pollution,Typhoid,"High Fever, Abdominal Pain, Weakness",13.0,3
2023-02-14,Coast City,600000,Coastal Weather,Dengue,"High Fever, Joint Pain, Rash",12.0,0
2023-03-11,Star City,500000,Normal,Influenza,"Fever, Cough, Fatigue",7.0,1
2023-07-28,Metropolis,1000000,High Pollution,Cholera,"Severe Diarrhea, Dehydration",108.0,30
2023-03-27,Central City,1200000,Normal,Influenza,"Fever, Cough, Fatigue",8.0,1
2023-01-21,Gotham,800000,High Humidity,COVID-19,"Fever, Dry Cough, Loss of Taste",9.0,2
2023-07-24,Central City,1200000,Normal,Typhoid,"High Fever, Abdominal Pain, Weakness",11.0,3
2023-01-08,Coast City,600000,Coastal Weather,Typhoid,"High Fever, Abdominal Pain, Weakness",12.0,3
2023-07-31,Metropolis,1000000,High Pollution,Dengue,"High Fever, Joint Pain, Rash",8.0,2
2023-12-30,Star City,500000,Normal,Typhoid,"High Fever, Abdominal Pain, Weakness",10.0,1
2023-01-09,Coast City,600000,Coastal Weather,Cholera,"Severe Diarrhea, Dehydration",7.0,1
2023-06-17,Central City,1200000,Normal,Typhoid,"High Fever, Abdominal Pain, Weakness",,0
2023-06-09,Metropolis,1000000,High Pollution,Typhoid,"High Fever, Abdominal Pain, Weakness",9.0,1
2023-08-07,Metropolis,1000000,High Pollution,Typhoid,"High Fever, Abdominal Pain, Weakness",11.0,2
2023-07-18,Gotham,800000,High Humidity,COVID-19,"Fever, Dry Cough, Loss of Taste",176.0,16
2023-10-15,Star City,500000,Normal,Cholera,"Severe Diarrhea, Dehydration",9.0,1
2023-08-04,Coast City,600000,Coastal Weather,Dengue,"High Fever, Joint Pain, Rash",7.0,0
2023-03-28,Gotham,800000,High Humidity,Influenza,"Fever, Cough, Fatigue",7.0,0
2023-11-21,Coast City,600000,Coastal Weather,Influenza,"Fever, Cough, Fatigue",9.0,1
2023-12-16,Star City,500000,Normal,Dengue,"High Fever, Joint Pain, Rash",11.0,2
2023-03-25,Gotham,800000,High Humidity,COVID-19,"Fever, Dry Cough, Loss of Taste",11.0,1
2023-03-20,Gotham,800000,High Humidity,Cholera,"Severe Diarrhea, Dehydration",11.0,2
2023-10-26,Coast City,600000,Coastal Weather,Dengue,"High Fever, Joint Pain, Rash",162.0,19
2023-02-08,Star City,500000,Normal,Cholera,"Severe Diarrhea, Dehydration",14.0,1
2023-12-08,Coast City,600000,Coastal Weather,Typhoid,"High Fever, Abdominal Pain, Weakness",7.0,0
2023-02-17,Central City,1200000,Normal,COVID-19,"Fever, Dry Cough, Loss of Taste",8.0,0
2023-10-13,Gotham,800000,High Humidity,Influenza,"Fever, Cough, Fatigue",9.0,0
2023-07-13,Coast City,600000,Coastal Weather,Influenza,"Fever, Cough, Fatigue",11.0,3
2023-12-28,Gotham,800000,High Humidity,COVID-19,"Fever, Dry Cough, Loss of Taste",7.0,1
2023-07-05,Coast City,600000,Coastal Weather,Cholera,"Severe Diarrhea, Dehydration",11.0,2
2023-08-14,Central City,1200000,Normal,Dengue,"High Fever, Joint Pain, Rash",10.0,2
2023-05-02,Central City,1200000,Normal,Typhoid,"High Fever, Abdominal Pain, Weakness",,0
2023-12-23,Central City,1200000,Normal,Dengue,"High Fever, Joint Pain, Rash",12.0,1
2023-05-27,Coast City,600000,Coastal Weather,Cholera,"Severe Diarrhea, Dehydration",45.0,4
2023-01-08,Gotham,800000,High Humidity,COVID-19,"Fever, Dry Cough, Loss of Taste",,0
2023-06-29,Metropolis,1000000,High Pollution,Cholera,"Severe Diarrhea, Dehydration",12.0,3
2023-01-25,Central City,1200000,Normal,Typhoid,"High Fever, Abdominal Pain, Weakness",12.0,1
2023-06-20,Star City,500000,Normal,COVID-19,"Fever, Dry Cough, Loss of Taste",8.0,1
2023-07-23,Metropolis,1000000,High Pollution,Dengue,"High Fever, Joint Pain, Rash",8.0,2
2023-11-09,Gotham,800000,High Humidity,Typhoid,"High Fever, Abdominal Pain, Weakness",8.0,1
2023-02-19,Star City,500000,Normal,Influenza,"Fever, Cough, Fatigue",10.0,2
2023-07-28,Gotham,800000,High Humidity,COVID-19,"Fever, Dry Cough, Loss of Taste",10.0,2
2023-10-13,Metropolis,1000000,High Pollution,Influenza,"Fever, Cough, Fatigue",10.0,2
2023-01-16,Metropolis,1000000,High Pollution,COVID-19,"Fever, Dry Cough, Loss of Taste",11.0,0
2023-09-01,Central City,1200000,Normal,COVID-19,"Fever, Dry Cough, Loss of Taste",4.0,0
2023-01-06,Gotham,800000,High Humidity,COVID-19,"Fever, Dry Cough, Loss of Taste",7.0,0
2023-06-11,Star City,500000,Normal,COVID-19,"Fever, Dry Cough, Loss of Taste",9.0,1
2023-01-24,Coast City,600000,Coastal Weather,Cholera,"Severe Diarrhea, Dehydration",14.0,3
2023-09-11,Coast City,600000,Coastal Weather,Influenza,"Fever, Cough, Fatigue",8.0,1
2023-03-30,Coast City,600000,Coastal Weather,COVID-19,"Fever, Dry Cough, Loss of Taste",18.0,2
2023-03-20,Metropolis,1000000,High Pollution,Dengue,"High Fever, Joint Pain, Rash",9.0,2
2023-09-30,Metropolis,1000000,High Pollution,Dengue,"High Fever, Joint Pain, Rash",7.0,0
2023-08-21,Star City,500000,Normal,Influenza,"Fever, Cough, Fatigue",8.0,1
2023-01-28,Gotham,800000,High Humidity,Influenza,"Fever, Cough, Fatigue",13.0,2
2023-08-06,Central City,1200000,Normal,Dengue,"High Fever, Joint Pain, Rash",12.0,1
2023-04-04,Gotham,800000,High Humidity,Cholera,"Severe Diarrhea, Dehydration",11.0,1
2023-01-14,Gotham,800000,High Humidity,Typhoid,"High Fever, Abdominal Pain, Weakness",8.0,0
24/11/2023,Metropolis,1000000,High Pollution,Influenza,"Fever, Cough, Fatigue",9.0,1
2023-08-06,Gotham,800000,High Humidity,Dengue,"High Fever, Joint Pain, Rash",19.0,4
